sku_id;seller_id;category_main;category_sub;brand_id;price_segment;sku_launch_dt;base_price_rub;current_discount_share;rating_avg;reviews_cnt;is_active_catalog_flag;package_type;color_group;photo_cnt;description_len;has_video_flag;warehouse_package_weight_g
5000001;100001;Дом;хранение;дом_brand_088;low;2025-01-09;880;0.205;4.38;30;1;box;black;7;917;1;1280
5000002;100001;Дом;декор;дом_brand_029;high;2025-03-12;6850;0.162;4.92;127;1;box;multicolor;8;619;1;174
5000003;100001;Дом;декор;дом_brand_103;low;2024-10-30;1050;0.529;4.87;22;1;box;green;8;544;0;801
5000004;100001;Дом;текстиль;дом_brand_118;high;2024-11-06;4790;0.449;4.31;4;1;blister;white;5;389;1;132
5000005;100001;Дом;текстиль;дом_brand_037;mid;2024-08-22;3300;0.078;4.9;130;1;box;blue;4;1203;1;137
5000006;100001;Дом;текстиль;дом_brand_111;high;2024-10-08;6610;0.343;4.53;32;1;box;multicolor;8;680;1;208
5000007;100001;Дом;посуда;дом_brand_046;mid;2024-12-09;2190;0.318;4.52;41;1;bag;unknown;6;737;1;247
5000008;100001;Дом;декор;дом_brand_058;mid;2025-02-04;2360;0.058;4.4;29;1;bag;multicolor;6;352;0;382
5000009;100001;Дом;декор;дом_brand_053;low;2025-04-18;650;0.221;4.8;402;1;box;red;4;183;1;1438
5000010;100001;Дом;декор;дом_brand_084;high;2024-09-25;4020;0.087;4.54;227;1;box;red;3;637;0;361
5000011;100001;Дом;посуда;дом_brand_117;mid;2024-09-21;1960;0.285;4.88;20;1;tube;red;6;971;1;478
5000012;100001;Дом;текстиль;дом_brand_010;low;2025-02-24;760;0.131;4.91;140;1;box;white;9;768;0;123
5000013;100001;Дом;декор;дом_brand_030;ultra_low;2024-10-30;310;0.325;4.48;65;1;bag;unknown;5;694;0;390
5000014;100001;Дом;товары для кухни;дом_brand_113;low;2024-08-23;610;0.307;4.57;23;1;bag;multicolor;7;973;0;424
5000015;100001;Дом;хранение;дом_brand_111;low;2024-08-12;950;0.131;4.78;93;1;bag;green;9;469;0;185
5000016;100001;Дом;посуда;дом_brand_099;mid;2025-01-03;2090;0.037;3.99;10;1;box;black;8;380;1;651
5000017;100001;Дом;хранение;дом_brand_041;high;2025-04-22;6750;0.384;5.0;42;1;unknown;green;5;376;0;419
5000018;100001;Дом;хранение;дом_brand_113;mid;2024-11-26;1860;0.27;4.85;192;0;box;unknown;3;731;0;193
5000019;100001;Дом;хранение;дом_brand_111;low;2025-01-05;970;0.248;4.65;80;0;tube;blue;3;770;1;227
5000020;100002;Спорт;одежда спорт;спорт_brand_119;mid;2026-04-21;2440;0.122;4.3;20;1;box;green;7;587;0;4016
5000021;100002;Спорт;фитнес;спорт_brand_073;low;2026-03-11;980;0.249;04.03;0;1;box;red;3;558;0;2117
5000022;100002;Спорт;туризм;спорт_brand_105;high;2026-02-16;7570;0.294;04.05;0;0;box;unknown;8;623;0;634
5000023;100002;Спорт;одежда спорт;спорт_brand_093;low;2026-04-09;1420;0.19;4.65;6;1;bag;beige;3;879;1;128
5000024;100002;Спорт;инвентарь;спорт_brand_107;premium;2026-03-07;12370;0.351;4.28;2;1;bag;green;5;485;1;461
5000025;100002;Спорт;туризм;спорт_brand_051;premium;2026-03-26;12430;0.178;4.69;26;1;bag;red;11;144;0;120
5000026;100002;Спорт;туризм;спорт_brand_025;high;2026-01-02;5320;0.214;5.0;21;1;box;white;8;623;1;241
5000027;100002;Спорт;инвентарь;спорт_brand_023;premium;2026-04-25;11300;0.329;4.19;2;1;unknown;black;5;684;0;718
5000028;100002;Спорт;фитнес;спорт_brand_072;low;2026-01-04;900;0.11;4.32;24;1;box;blue;4;573;0;388
5000029;100002;Спорт;туризм;спорт_brand_040;low;2026-02-18;1450;0.087;4.35;4;1;bag;green;4;642;0;527
5000030;100002;Спорт;туризм;спорт_brand_092;high;2026-02-13;4600;0.307;4.44;11;1;bag;unknown;7;866;0;1568
5000031;100002;Спорт;инвентарь;спорт_brand_119;low;2026-02-09;980;0.414;4.82;3;1;bag;green;5;977;0;634
5000032;100002;Спорт;туризм;спорт_brand_039;low;2026-01-05;960;0.273;3.79;5;1;bag;white;6;812;1;1839
5000033;100002;Спорт;фитнес;спорт_brand_099;mid;2026-02-19;1750;0.199;4.45;1;1;unknown;beige;7;960;1;288
5000034;100002;Спорт;инвентарь;спорт_brand_098;low;2025-12-25;980;0.419;3.77;28;1;box;multicolor;4;669;1;228
5000035;100002;Спорт;инвентарь;спорт_brand_028;mid;2026-01-23;1580;0.228;4.12;1;1;box;multicolor;4;662;1;226
5000036;100002;Спорт;одежда спорт;спорт_brand_050;premium;2026-03-22;12290;0.447;4.49;59;1;box;multicolor;4;502;0;412
5000037;100002;Спорт;одежда спорт;спорт_brand_098;mid;2026-01-22;2590;0.196;4.86;17;1;box;beige;7;816;1;60
5000038;100002;Спорт;инвентарь;спорт_brand_006;mid;2026-01-20;2460;0.092;3.8;4;1;unknown;beige;4;617;1;1121
5000039;100002;Спорт;фитнес;спорт_brand_112;low;2026-02-25;1060;0.255;4.89;0;1;box;black;4;918;0;260
5000040;100002;Спорт;фитнес;спорт_brand_102;high;2026-02-21;5140;0.235;4.22;23;1;box;blue;7;619;1;446
5000041;100002;Спорт;одежда спорт;спорт_brand_102;low;2026-01-05;1450;0.211;4.73;19;1;box;white;7;457;1;297
5000042;100002;Спорт;туризм;спорт_brand_069;mid;2026-03-01;1670;0.04;4.32;9;1;bag;multicolor;6;420;0;392
5000043;100002;Спорт;фитнес;спорт_brand_032;mid;2026-01-22;3590;0.256;4.24;4;1;box;red;7;697;0;174
5000044;100002;Спорт;туризм;спорт_brand_042;low;2026-02-15;800;0.129;4.45;4;1;box;green;11;448;1;675
5000045;100002;Спорт;инвентарь;спорт_brand_098;premium;2026-01-23;11040;0.08;4.5;16;1;bag;unknown;5;221;0;369
5000046;100002;Спорт;фитнес;спорт_brand_016;premium;2025-12-21;11370;0.133;4.47;10;1;blister;red;5;687;1;517
5000047;100002;Спорт;инвентарь;спорт_brand_106;high;2026-04-18;6290;0.101;4.44;4;1;unknown;black;5;411;1;245
5000048;100002;Спорт;одежда спорт;спорт_brand_052;premium;2026-01-07;12810;0.182;4.56;2;1;tube;beige;6;731;0;2342
5000049;100002;Спорт;туризм;спорт_brand_043;low;2026-01-22;1260;0.314;4.0;7;1;box;red;7;788;0;166
5000050;100002;Спорт;фитнес;спорт_brand_052;premium;2026-01-13;10010;0.156;4.18;7;1;bag;beige;6;453;0;425
5000051;100002;Спорт;инвентарь;спорт_brand_027;high;2026-01-08;5890;0.694;4.39;3;1;bag;multicolor;8;859;0;710
5000052;100002;Спорт;инвентарь;спорт_brand_103;premium;2026-04-08;10230;0.464;04.06;7;1;unknown;unknown;8;714;0;268
5000053;100002;Спорт;инвентарь;спорт_brand_016;high;2025-12-18;7520;0.382;4.53;29;1;unknown;green;9;601;0;702
5000054;100002;Спорт;туризм;спорт_brand_079;low;2026-01-26;620;0.471;4.42;4;1;unknown;blue;3;624;0;444
5000055;100002;Спорт;инвентарь;спорт_brand_096;high;2026-02-26;4270;0.23;4.63;4;1;box;unknown;7;40;1;817
5000056;100002;Спорт;фитнес;спорт_brand_058;mid;2026-04-11;2610;0.356;4.98;6;1;tube;black;8;216;0;373
5000057;100002;Спорт;туризм;спорт_brand_061;premium;2026-02-25;12570;0.228;4.36;25;1;box;blue;11;919;0;252
5000058;100002;Спорт;одежда спорт;спорт_brand_082;mid;2026-01-22;2130;0.465;04.01;0;1;box;unknown;7;363;0;586
5000059;100002;Спорт;туризм;спорт_brand_099;mid;2026-02-27;2900;0.087;4.83;5;1;unknown;white;4;679;0;1665
5000060;100002;Спорт;туризм;спорт_brand_030;high;2026-01-21;5550;0.152;4.92;38;1;box;multicolor;12;717;1;561
5000061;100002;Спорт;инвентарь;спорт_brand_036;mid;2026-01-29;3820;0.193;4.38;15;1;blister;white;3;902;1;328
5000062;100002;Спорт;одежда спорт;спорт_brand_083;high;2026-01-25;8180;0.14;4.34;4;1;bag;green;6;759;0;424
5000063;100002;Спорт;одежда спорт;спорт_brand_060;mid;2026-03-23;2680;0.129;4.8;3;1;blister;red;7;603;1;347
5000064;100002;Спорт;одежда спорт;спорт_brand_050;low;2025-12-27;700;0.265;4.47;175;1;tube;black;5;643;0;858
5000065;100002;Спорт;инвентарь;спорт_brand_101;high;2026-02-19;5910;0.473;4.37;32;1;bag;green;6;641;1;321
5000066;100002;Спорт;инвентарь;спорт_brand_023;low;2026-04-25;670;0.326;4.38;5;1;blister;red;6;916;0;906
5000067;100002;Спорт;фитнес;спорт_brand_103;low;2026-04-12;540;0.425;4.48;4;1;box;blue;6;380;1;305
5000068;100002;Спорт;туризм;спорт_brand_001;mid;2026-04-13;2480;0.139;4.22;10;1;box;blue;8;737;0;304
5000069;100002;Спорт;фитнес;спорт_brand_029;premium;2026-01-20;9300;0.302;4.22;18;1;blister;beige;8;536;0;2183
5000070;100002;Спорт;инвентарь;спорт_brand_057;premium;2026-02-14;10420;0.233;4.88;10;1;bag;multicolor;6;302;1;536
5000071;100002;Спорт;фитнес;спорт_brand_028;low;2026-02-24;1250;0.178;4.43;5;1;box;beige;4;304;1;527
5000072;100002;Спорт;инвентарь;спорт_brand_059;mid;2026-02-07;1850;0.411;3.92;51;1;blister;white;5;551;1;731
5000073;100003;Обувь;сапоги;обувь_brand_115;high;2025-10-16;5760;0.226;04.09;48;1;unknown;red;3;365;0;276
5000074;100003;Обувь;сандалии;обувь_brand_029;high;2026-02-20;4400;0.437;3.79;4;1;unknown;multicolor;8;826;1;288
5000075;100003;Обувь;кроссовки;обувь_brand_057;mid;2025-06-16;2420;0.101;4.73;35;1;bag;beige;3;869;1;108
5000076;100003;Обувь;ботинки;обувь_brand_094;mid;2025-04-15;1600;0.181;04.03;67;1;blister;green;6;438;1;5756
5000077;100003;Обувь;кроссовки;обувь_brand_088;high;2025-12-04;4580;0.132;4.46;32;1;box;blue;3;630;0;182
5000078;100003;Обувь;кроссовки;обувь_brand_100;high;2025-06-01;7440;0.362;4.26;2;1;box;red;6;567;0;1047
5000079;100003;Обувь;ботинки;обувь_brand_118;mid;2025-03-13;2420;0.216;3.8;38;1;box;multicolor;8;461;1;223
5000080;100003;Обувь;туфли;обувь_brand_091;high;2025-10-27;4870;0.29;3.82;70;1;blister;unknown;5;183;1;522
5000081;100003;Обувь;туфли;обувь_brand_096;premium;2025-12-03;10560;0.059;3.66;93;1;bag;black;7;976;0;193
5000082;100003;Обувь;ботинки;обувь_brand_015;mid;2025-09-08;2540;0.605;4.43;17;1;box;green;11;622;0;511
5000083;100003;Обувь;сандалии;обувь_brand_014;mid;2025-10-17;2220;0.205;04.09;2;1;box;multicolor;7;869;0;6324
5000084;100003;Обувь;кроссовки;обувь_brand_066;premium;2025-09-29;10790;0.213;3.83;9;1;unknown;unknown;6;893;1;778
5000085;100003;Обувь;туфли;обувь_brand_058;mid;2025-04-24;2700;0.224;3.45;3;1;blister;green;5;778;0;567
5000086;100003;Обувь;кроссовки;обувь_brand_070;high;2025-08-27;7590;0.384;4.12;111;1;bag;black;11;685;0;373
5000087;100003;Обувь;сапоги;обувь_brand_100;mid;2025-07-05;2770;0.156;3.96;15;1;bag;blue;7;837;0;651
5000088;100003;Обувь;сапоги;обувь_brand_017;mid;2025-10-03;2250;0.232;4.58;63;1;bag;unknown;9;609;0;146
5000089;100003;Обувь;ботинки;обувь_brand_010;high;2025-12-18;5460;0.042;4.24;24;1;unknown;blue;8;693;1;1680
5000090;100003;Обувь;сапоги;обувь_brand_002;high;2025-08-25;6490;0.282;04.05;59;1;bag;beige;8;797;0;801
5000091;100003;Обувь;ботинки;обувь_brand_039;premium;2026-01-30;9890;0.139;3.26;3;1;bag;green;7;604;0;158
5000092;100003;Обувь;кроссовки;обувь_brand_008;high;2025-04-17;7370;0.54;04.04;23;1;box;beige;4;878;0;756
5000093;100003;Обувь;туфли;обувь_brand_023;high;2025-06-03;4230;0.111;4.13;8;1;bag;white;9;699;0;1388
5000094;100003;Обувь;сандалии;обувь_brand_096;high;2025-03-22;6520;0.11;3.77;19;1;box;red;5;430;0;414
5000095;100003;Обувь;кроссовки;обувь_brand_057;high;2025-04-20;7960;0.38;4.52;68;1;unknown;white;2;789;0;207
5000096;100003;Обувь;сандалии;обувь_brand_084;mid;2026-01-09;1960;0.454;4.0;14;1;bag;unknown;6;1183;0;2380
5000097;100003;Обувь;ботинки;обувь_brand_028;mid;2025-04-11;2130;0.281;3.67;5;1;bag;blue;5;40;0;330
5000098;100003;Обувь;сапоги;обувь_brand_045;mid;2025-03-21;1530;0.335;4.24;49;1;tube;white;8;638;1;1118
5000099;100003;Обувь;сандалии;обувь_brand_027;premium;2025-04-04;11400;0.499;3.95;66;0;box;red;4;441;0;1028
5000100;100003;Обувь;кроссовки;обувь_brand_097;high;2025-10-10;6170;0.503;3.79;8;1;unknown;green;3;691;1;223
5000101;100003;Обувь;сапоги;обувь_brand_068;high;2025-08-10;4700;0.165;3.78;23;1;unknown;multicolor;4;608;0;1266
5000102;100003;Обувь;кроссовки;обувь_brand_111;high;2025-06-03;4620;0.433;4.13;227;1;bag;white;5;851;0;618
5000103;100003;Обувь;сапоги;обувь_brand_014;mid;2025-06-22;3010;0.087;4.27;11;1;tube;green;7;611;0;99
5000104;100003;Обувь;сандалии;обувь_brand_093;high;2025-04-27;4150;0.313;4.19;49;1;tube;multicolor;4;583;0;397
5000105;100003;Обувь;туфли;обувь_brand_115;high;2025-04-16;7080;0.356;4.29;6;1;bag;green;5;551;0;679
5000106;100004;Электроника;мелкая техника;электроника_brand_013;low;2024-03-10;1480;0.09;4.8;45;1;tube;blue;6;538;1;321
5000107;100004;Электроника;смарт-устройства;электроника_brand_090;low;2024-11-17;1010;0.403;4.8;18;1;unknown;red;8;559;0;673
5000108;100004;Электроника;аудио;электроника_brand_095;premium;2024-04-22;15760;0.603;4.82;30;1;unknown;multicolor;6;705;0;436
5000109;100004;Электроника;аксессуары;электроника_brand_052;premium;2024-12-20;12060;0.062;4.57;95;1;blister;multicolor;4;40;0;206
5000110;100004;Электроника;мелкая техника;электроника_brand_088;high;2024-04-09;5910;0.132;4.92;21;1;unknown;red;5;571;0;214
5000111;100004;Электроника;мелкая техника;электроника_brand_058;low;2024-02-27;770;0.112;4.99;33;1;box;blue;8;359;0;150
5000112;100004;Электроника;аудио;электроника_brand_102;premium;2024-03-22;11270;0.332;4.59;31;1;tube;multicolor;3;117;0;814
5000113;100004;Электроника;аудио;электроника_brand_090;low;2024-05-04;610;0.332;4.77;494;1;unknown;beige;5;715;0;1298
5000114;100004;Электроника;мелкая техника;электроника_brand_016;mid;2025-05-16;2820;0.65;4.44;197;1;blister;multicolor;7;640;0;150
5000115;100004;Электроника;аудио;электроника_brand_076;high;2024-10-04;5130;0.264;4.49;24;1;box;blue;7;360;1;283
5000116;100004;Электроника;аксессуары;электроника_brand_007;low;2024-06-06;550;0.148;4.81;33;1;blister;black;8;719;1;608
5000117;100004;Электроника;смарт-устройства;электроника_brand_116;premium;2024-05-08;9060;0.122;4.69;51;1;blister;green;3;867;0;348
5000118;100004;Электроника;аксессуары;электроника_brand_037;low;2024-04-21;1440;0.202;4.48;9;1;bag;unknown;8;1097;0;133
5000119;100004;Электроника;смарт-устройства;электроника_brand_083;low;2025-02-16;510;0.314;4.44;40;1;box;beige;6;895;1;419
5000120;100004;Электроника;смарт-устройства;электроника_brand_015;premium;2024-09-28;11580;0.331;4.29;59;1;tube;red;8;185;0;333
5000121;100004;Электроника;аксессуары;электроника_brand_068;low;2024-08-19;900;0.392;4.2;8;1;bag;red;11;570;1;3239
5000122;100004;Электроника;мелкая техника;электроника_brand_113;mid;2024-05-03;2050;0.082;3.83;10;1;tube;beige;6;394;1;1256
5000123;100004;Электроника;аудио;электроника_brand_095;low;2024-03-07;610;0.187;4.76;74;1;bag;blue;8;593;0;510
5000124;100005;Детские товары;школа;детские_товары_brand_024;low;2024-03-30;620;0.154;4.15;51;1;box;red;2;733;1;47
5000125;100005;Детские товары;одежда детская;детские_товары_brand_050;low;2024-11-18;1280;0.391;4.62;30;1;bag;white;8;584;0;779
5000126;100005;Детские товары;уход;детские_товары_brand_047;mid;2024-09-10;2740;0.164;3.83;63;1;bag;green;11;833;0;230
5000127;100005;Детские товары;игрушки;детские_товары_brand_113;low;2024-05-06;1070;0.251;3.74;98;1;tube;beige;4;523;1;909
5000128;100005;Детские товары;игрушки;детские_товары_brand_118;ultra_low;2024-04-04;460;0.232;04.04;31;1;unknown;green;7;1038;0;1620
5000129;100005;Детские товары;игрушки;детские_товары_brand_019;low;2024-12-04;520;0.273;4.45;12;1;blister;unknown;6;361;1;147
5000130;100005;Детские товары;питание;детские_товары_brand_082;low;2024-03-17;620;0.319;3.59;26;1;bag;green;6;870;0;642
5000131;100005;Детские товары;школа;детские_товары_brand_034;mid;2024-12-04;3020;0.077;4.41;90;1;blister;multicolor;8;1108;0;362
5000132;100005;Детские товары;уход;детские_товары_brand_020;low;2024-03-20;710;0.023;3.83;26;1;tube;beige;4;241;0;94
5000133;100005;Детские товары;одежда детская;детские_товары_brand_004;mid;2024-06-24;1570;0.216;04.01;13;1;blister;beige;3;626;1;222
5000134;100005;Детские товары;уход;детские_товары_brand_033;mid;2024-07-04;3240;0.285;04.04;67;0;unknown;black;7;273;1;881
5000135;100005;Детские товары;игрушки;детские_товары_brand_079;high;2024-04-19;4720;0.08;04.03;12;1;tube;red;12;440;1;177
5000136;100006;Аксессуары;сумки;аксессуары_brand_070;low;2024-09-10;1290;0.187;4.52;165;1;bag;multicolor;5;869;1;1030
5000137;100006;Аксессуары;бижутерия;аксессуары_brand_054;high;2024-11-27;7930;0.139;04.09;26;1;tube;multicolor;5;517;0;899
5000138;100006;Аксессуары;ремни;аксессуары_brand_034;ultra_low;2025-07-03;440;0.23;04.04;28;0;unknown;red;7;95;1;469
5000139;100006;Аксессуары;очки;аксессуары_brand_057;low;2025-01-24;880;0.421;3.87;11;1;box;unknown;5;416;1;1659
5000140;100006;Аксессуары;головные уборы;аксессуары_brand_097;low;2024-12-12;820;0.604;3.69;25;1;bag;multicolor;4;771;0;4471
5000141;100006;Аксессуары;ремни;аксессуары_brand_072;low;2025-05-21;1410;0.483;04.02;5;0;bag;red;5;621;0;566
5000142;100006;Аксессуары;бижутерия;аксессуары_brand_100;ultra_low;2024-09-12;310;0.187;04.04;21;1;bag;green;7;104;0;876
5000143;100006;Аксессуары;бижутерия;аксессуары_brand_001;low;2025-02-28;650;0.172;3.75;32;0;box;multicolor;5;1021;0;885
5000144;100006;Аксессуары;сумки;аксессуары_brand_035;low;2025-03-02;1010;0.246;3.51;9;0;blister;green;7;236;0;2808
5000145;100006;Аксессуары;головные уборы;аксессуары_brand_005;low;2024-11-13;750;0.214;3.55;118;1;bag;beige;8;725;0;574
5000146;100006;Аксессуары;сумки;аксессуары_brand_058;ultra_low;2024-09-05;370;0.01;3.85;33;1;box;multicolor;3;618;1;1601
5000147;100006;Аксессуары;головные уборы;аксессуары_brand_093;mid;2024-10-26;3120;0.264;3.54;19;1;box;white;7;444;1;949
5000148;100006;Аксессуары;ремни;аксессуары_brand_004;ultra_low;2024-10-31;490;0.062;4.2;13;0;blister;white;3;498;0;264
5000149;100006;Аксессуары;ремни;аксессуары_brand_053;low;2024-09-30;580;0.137;4.43;28;1;unknown;multicolor;5;924;1;541
5000150;100006;Аксессуары;сумки;аксессуары_brand_022;ultra_low;2025-06-04;350;0.245;3.59;124;0;bag;beige;7;892;0;289
5000151;100006;Аксессуары;сумки;аксессуары_brand_088;mid;2024-09-25;1790;0.155;3.24;27;1;box;black;10;864;0;2395
5000152;100006;Аксессуары;ремни;аксессуары_brand_094;mid;2024-09-14;2160;0.072;3.94;36;1;box;beige;7;936;0;318
5000153;100006;Аксессуары;сумки;аксессуары_brand_060;mid;2025-06-22;2600;0.102;3.68;15;0;bag;red;5;492;0;155
5000154;100006;Аксессуары;бижутерия;аксессуары_brand_095;mid;2025-03-26;3330;0.268;3.95;32;0;box;blue;3;580;0;4919
5000155;100006;Аксессуары;сумки;аксессуары_brand_092;mid;2025-07-05;2930;0.22;04.02;23;0;box;beige;5;704;1;252
5000156;100006;Аксессуары;сумки;аксессуары_brand_052;mid;2024-12-30;3080;0.279;3.64;61;1;bag;green;6;279;0;248
5000157;100006;Аксессуары;очки;аксессуары_brand_074;low;2024-10-20;630;0.225;3.55;24;1;blister;multicolor;6;943;0;243
5000158;100007;Дом;декор;дом_brand_002;mid;2024-01-06;1790;0.315;3.69;45;1;tube;white;6;509;0;105
5000159;100007;Дом;товары для кухни;дом_brand_059;high;2024-05-16;7180;0.164;3.47;7;1;bag;unknown;6;872;0;895
5000160;100007;Дом;декор;дом_brand_020;low;2024-07-23;1370;0.249;04.07;35;1;box;multicolor;6;662;0;303
5000161;100007;Дом;товары для кухни;дом_brand_011;low;2024-05-31;960;0.096;3.85;6;1;box;green;6;758;0;207
5000162;100007;Дом;текстиль;дом_brand_020;ultra_low;2024-09-09;470;0.052;04.09;2;1;unknown;white;6;613;0;1098
5000163;100007;Дом;декор;дом_brand_012;mid;2024-06-01;2520;0.121;3.82;28;1;unknown;multicolor;2;653;0;392
5000164;100007;Дом;посуда;дом_brand_101;mid;2024-01-03;1620;0.108;3.99;33;0;box;multicolor;8;723;0;443
5000165;100007;Дом;товары для кухни;дом_brand_007;low;2024-01-15;690;0.134;3.49;45;1;bag;multicolor;10;935;0;329
5000166;100007;Дом;посуда;дом_brand_097;mid;2024-04-14;1630;0.215;3.2;9;0;unknown;red;3;841;0;631
5000167;100008;Дом;декор;дом_brand_035;mid;2024-12-06;1650;0.158;3.24;8;1;unknown;unknown;4;466;1;427
5000168;100008;Дом;текстиль;дом_brand_017;low;2024-05-03;780;0.127;4.37;28;1;unknown;red;6;517;0;1726
5000169;100008;Дом;посуда;дом_brand_025;mid;2024-01-22;2720;0.488;4.16;11;1;unknown;unknown;5;698;0;397
5000170;100008;Дом;текстиль;дом_brand_115;high;2024-01-07;4130;0.32;3.54;2;1;tube;green;4;589;1;902
5000171;100008;Дом;декор;дом_brand_010;high;2024-03-19;5600;0.011;3.79;16;1;unknown;black;10;462;0;256
5000172;100008;Дом;хранение;дом_brand_018;low;2024-06-02;1100;0.086;4.22;47;1;unknown;red;5;795;1;443
5000173;100008;Дом;декор;дом_brand_096;high;2024-06-22;4730;0.276;4.1;8;1;blister;green;7;132;0;393
5000174;100008;Дом;декор;дом_brand_111;low;2024-12-02;1440;0.354;4.22;15;1;blister;green;5;192;0;2545
5000175;100008;Дом;посуда;дом_brand_051;low;2024-02-19;1050;0.092;3.83;23;1;tube;blue;7;835;0;214
5000176;100008;Дом;текстиль;дом_brand_099;low;2024-04-18;1030;0.314;4.16;8;1;tube;beige;5;320;0;272
5000177;100008;Дом;текстиль;дом_brand_115;mid;2024-02-12;1530;0.356;2.95;38;1;box;unknown;9;493;0;971
5000178;100008;Дом;декор;дом_brand_053;high;2024-05-17;6260;0.637;3.6;41;1;unknown;green;7;561;0;195
5000179;100008;Дом;посуда;дом_brand_040;high;2024-07-12;5660;0.039;04.02;17;1;box;black;5;742;1;1446
5000180;100008;Дом;товары для кухни;дом_brand_001;mid;2024-09-22;2730;0.465;3.44;99;1;tube;blue;4;739;1;408
5000181;100008;Дом;товары для кухни;дом_brand_009;high;2025-01-20;6720;0.316;3.86;121;0;bag;blue;4;873;0;352
5000182;100008;Дом;декор;дом_brand_050;high;2024-06-03;6910;0.231;3.48;14;1;tube;blue;6;344;0;171
5000183;100008;Дом;текстиль;дом_brand_028;mid;2024-02-17;3120;0.303;3.85;7;1;box;red;3;412;0;256
5000184;100008;Дом;посуда;дом_brand_115;high;2024-03-05;5430;0.417;3.52;4;1;bag;unknown;4;662;0;407
5000185;100008;Дом;товары для кухни;дом_brand_018;low;2024-01-17;1030;0.053;04.05;39;1;unknown;white;3;632;0;692
5000186;100009;Обувь;сапоги;обувь_brand_003;premium;2026-02-16;10510;0.154;4.52;6;1;bag;black;4;807;1;104
5000187;100009;Обувь;туфли;обувь_brand_091;high;2026-03-01;7920;0.331;3.85;9;1;box;unknown;5;583;0;743
5000188;100009;Обувь;кроссовки;обувь_brand_110;high;2025-10-17;7300;0.214;3.84;9;1;bag;multicolor;7;595;0;73
5000189;100009;Обувь;туфли;обувь_brand_042;mid;2026-03-21;2490;0.33;3.9;16;1;tube;white;5;544;0;977
5000190;100009;Обувь;туфли;обувь_brand_067;high;2026-01-19;8360;0.282;3.66;0;1;box;unknown;7;401;0;464
5000191;100009;Обувь;сандалии;обувь_brand_003;high;2025-09-22;4980;0.469;04.06;34;1;box;blue;6;694;1;665
5000192;100009;Обувь;сандалии;обувь_brand_105;mid;2026-02-16;1830;0.387;4.55;4;1;box;red;7;1092;0;1374
5000193;100009;Обувь;туфли;обувь_brand_114;high;2025-10-16;6550;0.417;3.72;59;1;box;red;5;725;0;1200
5000194;100009;Обувь;туфли;обувь_brand_025;high;2026-01-31;5150;0.128;3.42;15;1;unknown;unknown;8;726;0;1521
5000195;100009;Обувь;ботинки;обувь_brand_104;mid;2026-01-08;3450;0.084;4.16;23;1;box;green;8;649;0;831
5000196;100009;Обувь;кроссовки;обувь_brand_062;low;2025-09-29;1300;0.089;04.03;93;1;unknown;black;5;556;0;508
5000197;100009;Обувь;сандалии;обувь_brand_019;mid;2025-10-25;3580;0.094;3.72;34;1;box;green;4;923;1;628
5000198;100009;Обувь;ботинки;обувь_brand_079;mid;2026-01-24;3820;0.061;4.22;1;1;box;multicolor;3;477;0;550
5000199;100009;Обувь;кроссовки;обувь_brand_102;low;2025-11-19;1400;0.36;3.8;13;1;tube;green;5;576;0;241
5000200;100009;Обувь;сандалии;обувь_brand_016;high;2026-02-28;6100;0.174;3.73;2;1;bag;red;6;703;0;608
5000201;100010;Аксессуары;ремни;аксессуары_brand_092;low;2026-01-28;1410;0.352;3.74;5;0;unknown;black;2;845;0;691
5000202;100010;Аксессуары;сумки;аксессуары_brand_009;low;2026-04-15;600;0.184;3.68;7;1;bag;red;5;391;0;1286
5000203;100010;Аксессуары;очки;аксессуары_brand_117;high;2026-04-11;4560;0.156;4.0;13;1;unknown;multicolor;7;616;0;173
5000204;100010;Аксессуары;бижутерия;аксессуары_brand_098;ultra_low;2026-02-22;410;0.233;3.41;1;1;tube;white;8;691;0;76
5000205;100010;Аксессуары;головные уборы;аксессуары_brand_010;low;2026-03-20;900;0.195;3.78;1;1;box;black;7;508;0;2693
5000206;100010;Аксессуары;бижутерия;аксессуары_brand_084;low;2026-02-15;940;0.114;3.6;1;1;blister;blue;6;707;0;915
5000207;100010;Аксессуары;головные уборы;аксессуары_brand_080;mid;2025-12-25;2450;0.27;3.61;27;1;bag;white;4;908;0;1183
5000208;100010;Аксессуары;головные уборы;аксессуары_brand_058;ultra_low;2026-01-09;320;0.325;4.2;4;1;unknown;unknown;5;997;0;4256
5000209;100010;Аксессуары;ремни;аксессуары_brand_078;low;2025-12-30;780;0.69;4.24;18;1;box;multicolor;5;211;1;1384
5000210;100010;Аксессуары;сумки;аксессуары_brand_012;ultra_low;2026-04-18;440;0.127;3.49;8;1;box;red;4;818;0;151
5000211;100010;Аксессуары;очки;аксессуары_brand_069;ultra_low;2026-01-12;340;0.148;3.77;5;1;unknown;red;7;656;1;678
5000212;100010;Аксессуары;очки;аксессуары_brand_075;ultra_low;2025-12-22;430;0.066;3.36;26;1;blister;white;7;304;0;933
5000213;100010;Аксессуары;сумки;аксессуары_brand_068;high;2026-04-08;8390;0.278;04.05;12;1;box;multicolor;6;918;1;78
5000214;100010;Аксессуары;сумки;аксессуары_brand_069;low;2026-04-25;1450;0.316;3.93;0;1;box;red;5;460;0;1692
5000215;100010;Аксессуары;очки;аксессуары_brand_092;low;2025-12-26;1390;0.203;3.73;25;1;box;unknown;3;464;0;110
5000216;100010;Аксессуары;сумки;аксессуары_brand_022;mid;2026-03-09;3650;0.06;4.11;3;1;bag;unknown;3;528;0;453
5000217;100010;Аксессуары;ремни;аксессуары_brand_068;high;2025-12-30;6810;0.309;3.51;2;1;tube;unknown;8;1241;0;499
5000218;100011;Одежда;брюки;одежда_brand_032;low;2025-04-08;1030;0.23;4.11;11;1;unknown;beige;4;462;1;1033
5000219;100011;Одежда;футболки;одежда_brand_023;low;2026-02-14;1350;0.323;4.49;10;1;box;unknown;4;705;0;252
5000220;100011;Одежда;брюки;одежда_brand_058;low;2025-05-10;1050;0.223;3.99;29;1;bag;blue;7;841;1;125
5000221;100011;Одежда;белье;одежда_brand_059;mid;2025-05-03;2610;0.037;4.36;106;1;unknown;white;4;968;1;245
5000222;100011;Одежда;брюки;одежда_brand_014;high;2025-07-08;5950;0.277;3.39;26;1;box;black;3;458;0;586
5000223;100011;Одежда;верхняя одежда;одежда_brand_094;mid;2025-06-01;1610;0.322;3.95;20;1;blister;multicolor;3;536;0;483
5000224;100011;Одежда;брюки;одежда_brand_112;low;2025-05-12;980;0.286;3.89;15;1;tube;multicolor;9;649;0;240
5000225;100011;Одежда;верхняя одежда;одежда_brand_090;high;2025-05-30;4510;0.556;3.76;35;1;bag;unknown;6;469;0;661
5000226;100011;Одежда;белье;одежда_brand_039;low;2025-04-01;850;0.318;4.36;23;1;box;blue;8;843;1;568
5000227;100011;Одежда;белье;одежда_brand_068;high;2025-08-31;5550;0.029;4.68;130;1;bag;beige;6;469;0;289
5000228;100011;Одежда;белье;одежда_brand_093;high;2025-07-07;4960;0.267;4.51;10;1;blister;unknown;3;932;0;322
5000229;100011;Одежда;верхняя одежда;одежда_brand_072;low;2025-05-15;930;0.422;3.68;26;1;tube;green;3;329;1;171
5000230;100011;Одежда;джинсы;одежда_brand_102;low;2025-08-17;730;0.556;3.78;27;1;box;white;9;512;0;218
5000231;100011;Одежда;джинсы;одежда_brand_039;low;2025-07-29;710;0.095;3.68;6;1;tube;beige;7;558;1;393
5000232;100011;Одежда;футболки;одежда_brand_068;low;2025-04-05;1310;0.328;3.94;15;1;box;red;5;1056;0;323
5000233;100011;Одежда;белье;одежда_brand_086;low;2026-04-14;970;0.45;04.02;1;0;blister;multicolor;5;617;0;476
5000234;100012;Одежда;белье;одежда_brand_088;low;2025-09-29;1380;0.105;3.64;55;1;tube;beige;4;1091;0;800
5000235;100012;Одежда;белье;одежда_brand_001;mid;2025-10-29;2130;0.206;4.11;56;1;bag;blue;5;905;0;376
5000236;100012;Одежда;верхняя одежда;одежда_brand_057;mid;2025-12-25;2500;0.132;3.77;2;1;blister;blue;6;915;0;323
5000237;100012;Одежда;верхняя одежда;одежда_brand_008;high;2025-12-29;5640;0.114;4.26;19;1;box;white;6;556;0;487
5000238;100012;Одежда;платья;одежда_brand_076;mid;2025-11-20;3530;0.142;3.78;55;1;tube;beige;4;692;0;643
5000239;100012;Одежда;белье;одежда_brand_011;mid;2025-12-28;3020;0.183;3.81;26;1;box;white;6;919;0;886
5000240;100012;Одежда;брюки;одежда_brand_042;low;2026-03-28;1160;0.138;3.91;16;1;box;green;8;558;0;280
5000241;100012;Одежда;белье;одежда_brand_118;low;2026-03-11;680;0.196;04.05;4;1;box;white;8;413;0;1156
5000242;100012;Одежда;брюки;одежда_brand_025;mid;2025-11-19;1690;0.142;3.96;21;1;unknown;multicolor;4;539;0;473
5000243;100012;Одежда;платья;одежда_brand_020;low;2025-09-13;720;0.117;3.59;4;1;box;white;8;841;0;1305
5000244;100012;Одежда;белье;одежда_brand_105;high;2025-11-05;4300;0.146;4.16;189;1;tube;multicolor;5;1199;1;1179
5000245;100012;Одежда;платья;одежда_brand_085;low;2025-10-28;1160;0.314;3.67;13;1;unknown;beige;5;439;1;49
5000246;100012;Одежда;футболки;одежда_brand_081;high;2025-11-08;6290;0.187;4.24;92;1;bag;blue;7;445;0;1708
5000247;100012;Одежда;верхняя одежда;одежда_brand_107;mid;2025-10-30;2240;0.339;3.41;16;1;bag;red;6;850;0;1078
5000248;100012;Одежда;белье;одежда_brand_109;mid;2025-11-22;1890;0.087;04.04;2;1;bag;unknown;8;707;1;314
5000249;100012;Одежда;платья;одежда_brand_081;mid;2025-10-25;3150;0.279;04.07;10;1;box;red;8;433;0;79
5000250;100012;Одежда;брюки;одежда_brand_112;low;2025-10-30;790;0.194;4.24;2;1;box;beige;10;772;0;434
5000251;100012;Одежда;платья;одежда_brand_016;mid;2025-12-19;3270;0.316;4.12;16;1;unknown;white;4;763;0;208
5000252;100012;Одежда;брюки;одежда_brand_029;low;2025-12-14;1440;0.16;3.84;26;1;box;green;10;726;0;3103
5000253;100012;Одежда;платья;одежда_brand_101;low;2025-09-27;810;0.18;4.43;78;1;box;unknown;7;252;1;606
5000254;100012;Одежда;футболки;одежда_brand_043;high;2025-11-19;4270;0.175;3.9;8;0;unknown;beige;6;1038;1;243
5000255;100012;Одежда;джинсы;одежда_brand_088;mid;2025-10-15;3450;0.093;04.07;32;1;blister;white;5;700;0;653
5000256;100012;Одежда;джинсы;одежда_brand_098;low;2026-03-30;1250;0.154;3.76;4;1;box;green;5;675;1;317
5000257;100012;Одежда;джинсы;одежда_brand_025;mid;2025-09-21;1630;0.297;3.74;223;1;box;white;6;801;0;1374
5000258;100012;Одежда;белье;одежда_brand_078;mid;2025-12-09;2910;0.063;4.13;22;1;box;black;7;567;0;2112
5000259;100012;Одежда;футболки;одежда_brand_062;mid;2025-12-19;1580;0.179;04.08;41;1;bag;green;8;800;0;374
5000260;100012;Одежда;платья;одежда_brand_004;low;2025-09-14;990;0.099;3.85;74;1;box;beige;2;657;0;133
5000261;100012;Одежда;футболки;одежда_brand_086;high;2025-11-20;6320;0.17;4.12;78;1;bag;beige;5;614;1;1011
5000262;100012;Одежда;брюки;одежда_brand_057;mid;2025-12-07;3530;0.096;3.58;8;1;blister;black;2;562;1;431
5000263;100012;Одежда;белье;одежда_brand_030;mid;2025-12-19;2110;0.579;4.16;15;1;box;green;6;530;0;239
5000264;100012;Одежда;джинсы;одежда_brand_029;mid;2025-12-01;3720;0.139;4.26;23;1;tube;beige;3;366;0;730
5000265;100012;Одежда;верхняя одежда;одежда_brand_087;low;2025-09-06;670;0.358;4.59;19;1;bag;multicolor;4;608;0;477
5000266;100012;Одежда;брюки;одежда_brand_074;high;2025-10-30;5640;0.196;04.02;123;1;box;green;7;611;0;41
5000267;100012;Одежда;брюки;одежда_brand_035;mid;2026-03-06;3490;0.185;3.88;4;1;bag;black;4;714;0;127
5000268;100012;Одежда;джинсы;одежда_brand_046;mid;2026-01-17;3810;0.133;3.95;37;1;box;black;6;425;0;6039
5000269;100012;Одежда;футболки;одежда_brand_053;mid;2025-09-07;2860;0.206;3.92;13;1;box;multicolor;3;188;0;622
5000270;100012;Одежда;платья;одежда_brand_011;mid;2026-02-20;1810;0.145;4.32;6;1;blister;unknown;5;67;0;154
5000271;100012;Одежда;платья;одежда_brand_001;high;2025-10-26;5200;0.232;3.97;29;1;bag;black;7;936;0;1434
5000272;100012;Одежда;платья;одежда_brand_077;mid;2025-09-09;2520;0.073;4.52;42;1;unknown;red;10;382;0;138
5000273;100012;Одежда;платья;одежда_brand_105;low;2025-11-03;660;0.354;3.46;7;1;bag;red;7;598;0;315
5000274;100012;Одежда;белье;одежда_brand_010;mid;2025-12-19;3210;0.272;4.31;11;1;tube;beige;5;673;0;405
5000275;100012;Одежда;джинсы;одежда_brand_012;low;2025-10-15;770;0.329;3.32;12;1;bag;white;8;1192;1;232
5000276;100012;Одежда;платья;одежда_brand_097;mid;2025-11-18;3810;0.432;3.88;30;1;unknown;green;4;679;1;382
5000277;100012;Одежда;верхняя одежда;одежда_brand_075;low;2025-09-18;1310;0.327;3.69;211;1;box;multicolor;4;557;0;198
5000278;100012;Одежда;джинсы;одежда_brand_055;low;2026-04-19;1480;0.235;3.69;3;1;bag;blue;1;990;1;240
5000279;100012;Одежда;белье;одежда_brand_087;mid;2025-09-16;1540;0.365;04.04;25;1;bag;beige;6;503;0;562
5000280;100012;Одежда;верхняя одежда;одежда_brand_074;mid;2026-02-17;1630;0.202;3.55;6;1;box;white;6;1197;0;468
5000281;100013;Красота;уход за лицом;красота_brand_060;mid;2024-10-06;1570;0.303;4.69;32;1;unknown;green;5;302;0;577
5000282;100013;Красота;макияж;красота_brand_007;mid;2024-08-15;3300;0.287;4.14;69;1;blister;beige;5;661;0;708
5000283;100013;Красота;уход за лицом;красота_brand_117;low;2024-05-15;740;0.319;4.1;27;1;bag;white;4;806;0;119
5000284;100013;Красота;волосы;красота_brand_073;low;2024-03-31;1460;0.361;4.33;8;1;bag;multicolor;3;418;0;223
5000285;100013;Красота;уход за лицом;красота_brand_010;mid;2024-05-16;3610;0.142;4.43;86;1;box;green;6;392;0;322
5000286;100013;Красота;уход за лицом;красота_brand_067;mid;2024-01-03;2180;0.401;4.43;47;1;box;red;7;671;0;473
5000287;100013;Красота;парфюм;красота_brand_038;mid;2024-03-21;2310;0.049;4.1;11;1;unknown;blue;9;608;0;440
5000288;100013;Красота;уход за телом;красота_brand_028;high;2024-06-16;4200;0.349;4.56;54;1;unknown;beige;4;356;0;311
5000289;100013;Красота;уход за телом;красота_brand_045;mid;2024-01-06;2350;0.597;3.97;6;0;bag;beige;5;745;1;958
5000290;100013;Красота;парфюм;красота_brand_082;low;2024-10-25;1100;0.471;4.54;30;1;bag;red;6;202;0;1682
5000291;100013;Красота;уход за телом;красота_brand_045;ultra_low;2024-12-18;300;0.236;4.37;68;1;unknown;white;4;955;0;126
5000292;100013;Красота;волосы;красота_brand_006;ultra_low;2024-10-30;260;0.158;4.41;159;1;bag;blue;5;213;0;1104
5000293;100013;Красота;макияж;красота_brand_067;mid;2024-08-01;2690;0.349;4.73;30;1;box;black;11;1055;0;485
5000294;100013;Красота;волосы;красота_brand_016;ultra_low;2024-02-09;360;0.153;4.55;18;1;unknown;unknown;6;718;0;210
5000295;100013;Красота;макияж;красота_brand_119;high;2024-01-24;4090;0.31;4.2;19;1;bag;white;5;311;0;1213
5000296;100013;Красота;уход за телом;красота_brand_017;low;2025-02-17;610;0.357;4.42;85;1;unknown;blue;5;845;0;275
5000297;100013;Красота;волосы;красота_brand_029;low;2024-04-28;1030;0.087;4.2;3;1;tube;red;10;896;1;451
5000298;100013;Красота;волосы;красота_brand_028;low;2024-01-10;1290;0.26;4.71;67;1;tube;green;5;745;0;293
5000299;100013;Красота;уход за лицом;красота_brand_087;ultra_low;2024-12-30;270;0.106;4.66;61;1;blister;white;4;540;0;530
5000300;100013;Красота;уход за лицом;красота_brand_015;ultra_low;2024-10-29;400;0.189;4.3;44;1;box;red;4;387;0;845
5000301;100013;Красота;парфюм;красота_brand_045;ultra_low;2024-04-09;420;0.074;4.41;211;1;tube;unknown;3;624;1;582
5000302;100013;Красота;парфюм;красота_brand_038;high;2024-03-14;4160;0.302;4.14;49;1;unknown;white;9;556;0;582
5000303;100013;Красота;волосы;красота_brand_032;mid;2024-03-01;3190;0.479;4.16;9;1;box;multicolor;6;914;0;713
5000304;100013;Красота;уход за телом;красота_brand_062;low;2024-01-03;910;0.345;5.0;15;1;tube;beige;9;893;0;5125
5000305;100013;Красота;уход за телом;красота_brand_007;low;2024-11-08;840;0.282;4.4;69;1;box;red;7;1216;1;1470
5000306;100013;Красота;макияж;красота_brand_031;mid;2024-03-16;1800;0.12;5.0;50;1;unknown;unknown;5;547;0;234
5000307;100013;Красота;макияж;красота_brand_102;low;2024-07-31;650;0.341;4.52;41;1;bag;multicolor;6;356;0;1691
5000308;100013;Красота;макияж;красота_brand_028;ultra_low;2024-02-03;500;0.266;4.73;16;0;box;black;7;675;0;302
5000309;100013;Красота;уход за лицом;красота_brand_012;ultra_low;2024-09-15;420;0.088;4.19;262;1;box;blue;5;958;0;855
5000310;100013;Красота;макияж;красота_brand_025;ultra_low;2024-02-21;430;0.575;4.64;19;1;blister;multicolor;5;527;0;336
5000311;100013;Красота;парфюм;красота_brand_092;mid;2024-04-23;3370;0.177;4.39;7;1;unknown;beige;5;870;1;1409
5000312;100013;Красота;волосы;красота_brand_029;low;2024-03-25;740;0.102;4.74;46;1;box;white;6;635;1;1148
5000313;100013;Красота;уход за телом;красота_brand_068;ultra_low;2024-09-21;320;0.173;4.87;18;1;box;black;10;771;0;351
5000314;100013;Красота;парфюм;красота_brand_043;mid;2024-01-15;1890;0.317;4.61;41;1;bag;green;4;251;0;132
5000315;100013;Красота;уход за лицом;красота_brand_025;high;2024-01-06;4400;0.364;4.36;28;1;bag;multicolor;7;573;0;168
5000316;100013;Красота;уход за телом;красота_brand_082;low;2024-01-22;1370;0.18;4.25;39;1;blister;unknown;5;1145;0;2261
5000317;100013;Красота;макияж;красота_brand_101;mid;2024-12-29;2690;0.165;4.39;18;1;bag;black;8;1103;0;249
5000318;100013;Красота;волосы;красота_brand_107;mid;2024-09-18;1890;0.217;4.81;21;1;bag;beige;5;713;0;169
5000319;100013;Красота;парфюм;красота_brand_078;ultra_low;2024-07-11;350;0.506;4.33;62;1;box;blue;4;956;0;423
5000320;100013;Красота;макияж;красота_brand_006;low;2024-07-23;590;0.18;4.77;60;1;tube;multicolor;5;903;0;143
5000321;100013;Красота;парфюм;красота_brand_110;low;2024-03-08;1220;0.255;4.45;4;0;blister;red;6;632;0;497
5000322;100013;Красота;волосы;красота_brand_016;ultra_low;2024-04-11;280;0.405;4.4;12;1;bag;white;5;700;1;1039
5000323;100013;Красота;парфюм;красота_brand_014;low;2024-10-07;1110;0.32;4.27;56;1;box;black;7;755;1;132
5000324;100013;Красота;парфюм;красота_brand_084;low;2024-01-10;1460;0.238;4.44;56;1;bag;green;5;689;0;227
5000325;100013;Красота;парфюм;красота_brand_088;mid;2024-05-30;2910;0.272;3.91;29;1;box;unknown;6;621;0;427
5000326;100013;Красота;парфюм;красота_brand_005;ultra_low;2024-06-15;390;0.219;3.87;32;1;box;red;10;623;0;459
5000327;100013;Красота;парфюм;красота_brand_020;mid;2024-04-18;2360;0.556;4.34;72;1;bag;green;4;829;0;294
5000328;100013;Красота;парфюм;красота_brand_010;low;2024-01-10;740;0.407;4.31;63;1;bag;blue;6;918;0;2175
5000329;100013;Красота;уход за лицом;красота_brand_110;mid;2025-02-04;3780;0.267;3.76;24;1;unknown;blue;6;665;0;1119
5000330;100013;Красота;уход за лицом;красота_brand_042;ultra_low;2024-02-26;320;0.034;4.27;34;1;bag;green;4;1109;1;370
5000331;100013;Красота;волосы;красота_brand_051;low;2024-01-26;770;0.337;04.03;7;1;blister;red;5;327;1;659
5000332;100013;Красота;парфюм;красота_brand_047;low;2024-10-15;1000;0.115;4.5;20;1;unknown;red;7;598;0;577
5000333;100013;Красота;парфюм;красота_brand_119;ultra_low;2024-07-15;250;0.092;4.32;21;1;box;multicolor;7;1107;1;122
5000334;100013;Красота;уход за лицом;красота_brand_066;ultra_low;2024-04-07;330;0.284;4.77;31;1;unknown;black;8;855;0;1759
5000335;100013;Красота;уход за лицом;красота_brand_093;low;2024-03-02;800;0.328;4.98;23;1;bag;red;4;311;0;421
5000336;100013;Красота;уход за лицом;красота_brand_039;low;2024-01-05;570;0.013;04.07;18;1;tube;white;8;534;0;526
5000337;100013;Красота;макияж;красота_brand_021;mid;2024-01-05;2420;0.382;4.35;61;1;bag;multicolor;1;375;0;159
5000338;100013;Красота;парфюм;красота_brand_080;ultra_low;2024-02-02;310;0.021;4.19;11;1;box;green;4;251;0;151
5000339;100013;Красота;парфюм;красота_brand_046;low;2024-04-22;1000;0.203;4.42;131;1;box;white;6;560;0;290
5000340;100013;Красота;парфюм;красота_brand_023;mid;2024-01-17;2130;0.197;4.87;73;1;box;blue;5;711;0;149
5000341;100013;Красота;уход за телом;красота_brand_042;low;2024-02-29;1080;0.542;5.0;31;1;blister;unknown;2;288;0;1081
5000342;100013;Красота;уход за телом;красота_brand_076;mid;2024-01-07;3350;0.113;3.78;21;1;bag;black;4;366;0;156
5000343;100013;Красота;уход за телом;красота_brand_097;low;2024-02-13;600;0.564;4.44;93;1;unknown;blue;8;780;0;315
5000344;100013;Красота;уход за лицом;красота_brand_107;ultra_low;2024-12-31;330;0.357;4.76;17;1;box;beige;5;467;0;305
5000345;100013;Красота;парфюм;красота_brand_097;low;2024-03-04;1400;0.393;4.51;86;1;bag;black;6;799;1;263
5000346;100013;Красота;волосы;красота_brand_070;low;2024-07-17;660;0.129;4.55;108;1;tube;blue;7;772;0;453
5000347;100013;Красота;уход за телом;красота_brand_094;mid;2024-03-31;3340;0.108;4.68;27;1;bag;red;5;273;0;165
5000348;100014;Красота;уход за лицом;красота_brand_086;ultra_low;2025-08-12;270;0.336;4.15;11;1;bag;blue;2;368;0;490
5000349;100014;Красота;уход за лицом;красота_brand_028;mid;2024-10-29;1540;0.155;3.87;41;1;blister;blue;8;1121;0;177
5000350;100014;Красота;макияж;красота_brand_052;ultra_low;2024-11-13;260;0.127;4.35;13;1;bag;unknown;8;930;0;360
5000351;100014;Красота;парфюм;красота_brand_082;mid;2025-03-12;2980;0.113;3.75;18;1;bag;unknown;8;295;0;493
5000352;100014;Красота;парфюм;красота_brand_051;mid;2024-11-19;1830;0.231;4.78;37;1;unknown;black;5;472;0;311
5000353;100014;Красота;уход за лицом;красота_brand_114;low;2024-11-06;850;0.072;4.1;9;1;bag;red;8;619;1;398
5000354;100014;Красота;уход за телом;красота_brand_064;high;2024-11-08;4220;0.345;4.38;41;1;box;blue;7;685;0;378
5000355;100014;Красота;парфюм;красота_brand_098;mid;2025-08-24;3640;0.42;4.22;34;0;bag;multicolor;4;337;1;312
5000356;100014;Красота;уход за телом;красота_brand_118;low;2025-02-13;1010;0.237;4.88;31;1;bag;green;4;750;1;295
5000357;100014;Красота;волосы;красота_brand_047;high;2025-01-29;4430;0.35;4.41;106;1;unknown;beige;9;916;0;426
5000358;100014;Красота;уход за лицом;красота_brand_074;ultra_low;2025-01-01;380;0.393;3.93;68;1;box;red;7;335;0;305
5000359;100014;Красота;уход за лицом;красота_brand_005;low;2025-02-19;800;0.508;4.32;136;1;bag;multicolor;4;1118;0;1361
5000360;100014;Красота;уход за лицом;красота_brand_056;mid;2025-05-14;2670;0.041;4.13;87;1;blister;multicolor;6;476;0;154
5000361;100014;Красота;уход за телом;красота_brand_054;low;2025-07-30;1250;0.01;4.26;24;1;bag;beige;3;443;0;1408
5000362;100014;Красота;парфюм;красота_brand_095;ultra_low;2024-11-29;340;0.196;4.53;10;1;unknown;unknown;10;982;0;2707
5000363;100014;Красота;парфюм;красота_brand_055;mid;2024-12-12;1770;0.46;4.61;49;1;bag;unknown;5;471;1;398
5000364;100014;Красота;парфюм;красота_brand_115;mid;2025-03-25;1880;0.411;4.27;52;1;tube;beige;6;1215;0;764
5000365;100014;Красота;волосы;красота_brand_113;mid;2024-10-20;1960;0.134;4.76;33;1;box;unknown;7;602;1;262
5000366;100014;Красота;уход за телом;красота_brand_008;ultra_low;2025-07-27;330;0.399;4.23;72;1;bag;red;8;543;0;326
5000367;100014;Красота;макияж;красота_brand_050;low;2025-06-24;580;0.245;4.2;25;1;bag;unknown;4;596;1;603
5000368;100014;Красота;макияж;красота_brand_045;mid;2025-02-28;3110;0.151;4.35;25;1;tube;red;4;831;0;176
5000369;100014;Красота;парфюм;красота_brand_009;ultra_low;2025-06-04;470;0.656;4.62;72;1;box;green;7;973;0;1294
5000370;100014;Красота;уход за телом;красота_brand_082;low;2025-04-27;880;0.34;3.89;14;1;bag;green;11;645;0;1263
5000371;100014;Красота;парфюм;красота_brand_011;low;2025-03-16;540;0.289;4.72;22;1;tube;unknown;4;776;0;264
5000372;100014;Красота;уход за лицом;красота_brand_099;high;2024-12-19;4460;0.263;4.69;144;1;box;red;8;903;0;681
5000373;100014;Красота;волосы;красота_brand_022;low;2025-10-18;1310;0.538;4.7;20;1;bag;beige;6;394;1;216
5000374;100014;Красота;уход за телом;красота_brand_020;mid;2024-10-18;3950;0.097;3.98;107;1;blister;multicolor;8;557;0;215
5000375;100014;Красота;макияж;красота_brand_018;mid;2025-06-27;1510;0.172;4.85;38;1;tube;white;8;897;0;750
5000376;100014;Красота;парфюм;красота_brand_119;mid;2025-10-12;1660;0.224;4.14;81;1;unknown;red;3;678;0;829
5000377;100014;Красота;волосы;красота_brand_092;ultra_low;2025-09-14;280;0.036;3.82;17;1;unknown;green;5;191;0;607
5000378;100014;Красота;уход за лицом;красота_brand_006;low;2025-01-24;1150;0.15;3.84;8;1;box;black;6;351;0;203
5000379;100014;Красота;уход за лицом;красота_brand_093;ultra_low;2025-10-16;330;0.099;4.27;42;1;tube;green;9;1086;0;275
5000380;100014;Красота;уход за лицом;красота_brand_041;mid;2025-01-17;1700;0.235;3.94;26;1;box;white;7;772;0;543
5000381;100014;Красота;волосы;красота_brand_043;mid;2024-11-27;3080;0.318;3.81;37;1;tube;multicolor;5;741;1;455
5000382;100014;Красота;уход за телом;красота_brand_116;ultra_low;2024-12-30;300;0.257;4.44;48;1;box;black;5;249;0;592
5000383;100014;Красота;парфюм;красота_brand_091;mid;2025-01-18;2170;0.189;5.0;162;1;box;green;9;469;1;41
5000384;100014;Красота;уход за лицом;красота_brand_008;mid;2025-12-03;3430;0.262;4.71;12;1;bag;green;6;825;1;345
5000385;100014;Красота;парфюм;красота_brand_111;high;2025-02-18;4270;0.285;4.44;56;1;bag;black;9;511;0;348
5000386;100014;Красота;парфюм;красота_brand_090;ultra_low;2025-01-16;330;0.115;3.9;24;1;box;black;5;305;1;264
5000387;100014;Красота;парфюм;красота_brand_043;low;2025-02-03;560;0.082;3.88;88;1;bag;multicolor;5;422;0;5545
5000388;100014;Красота;волосы;красота_brand_067;ultra_low;2025-01-09;350;0.351;4.29;15;1;box;black;6;1056;0;245
5000389;100014;Красота;волосы;красота_brand_101;low;2025-01-24;830;0.411;4.28;10;1;bag;green;4;519;0;294
5000390;100014;Красота;макияж;красота_brand_095;mid;2024-11-14;3200;0.09;4.54;36;1;bag;unknown;7;434;1;1209
5000391;100014;Красота;волосы;красота_brand_094;ultra_low;2025-12-13;380;0.103;4.4;20;1;blister;red;4;772;0;725
5000392;100014;Красота;макияж;красота_brand_024;ultra_low;2024-12-27;330;0.297;4.5;65;1;bag;multicolor;5;788;1;365
5000393;100014;Красота;уход за телом;красота_brand_083;mid;2025-04-24;3890;0.386;3.79;38;1;bag;beige;8;287;0;1214
5000394;100014;Красота;уход за телом;красота_brand_077;low;2025-02-08;1120;0.203;3.36;18;1;box;black;4;143;0;878
5000395;100014;Красота;уход за лицом;красота_brand_079;mid;2025-01-11;3490;0.318;4.14;14;1;box;multicolor;7;863;0;173
5000396;100014;Красота;волосы;красота_brand_115;mid;2025-08-24;2660;0.248;4.63;27;1;blister;unknown;8;584;0;1020
5000397;100014;Красота;волосы;красота_brand_110;low;2025-01-24;770;0.154;4.48;59;1;bag;white;8;484;0;188
5000398;100014;Красота;уход за лицом;красота_brand_078;ultra_low;2025-07-06;480;0.335;4.27;22;1;unknown;white;7;690;0;165
5000399;100014;Красота;уход за телом;красота_brand_103;low;2025-04-15;1080;0.305;4.65;31;1;box;black;5;508;0;57
5000400;100014;Красота;уход за телом;красота_brand_062;mid;2025-03-10;1920;0.235;4.23;33;1;tube;blue;6;926;0;252
5000401;100014;Красота;уход за телом;красота_brand_052;mid;2025-03-12;1700;0.422;4.27;21;1;tube;blue;3;1026;0;231
5000402;100014;Красота;уход за лицом;красота_brand_111;low;2025-02-28;1440;0.12;4.29;21;1;bag;black;6;1276;0;496
5000403;100014;Красота;волосы;красота_brand_089;low;2025-06-11;1500;0.332;4.38;85;1;box;unknown;4;788;0;538
5000404;100014;Красота;волосы;красота_brand_023;low;2025-03-25;1110;0.246;4.2;69;1;box;unknown;7;740;1;309
5000405;100014;Красота;волосы;красота_brand_092;mid;2024-12-16;1540;0.183;4.13;88;1;box;white;6;769;0;383
5000406;100014;Красота;уход за лицом;красота_brand_101;mid;2025-01-03;2070;0.487;4.47;37;1;tube;unknown;5;462;1;368
5000407;100014;Красота;волосы;красота_brand_111;low;2026-01-31;750;0.127;4.46;4;1;bag;black;3;768;0;154
5000408;100014;Красота;уход за телом;красота_brand_101;mid;2025-06-19;2210;0.163;4.17;33;1;bag;unknown;8;1019;0;225
5000409;100014;Красота;волосы;красота_brand_038;mid;2025-10-14;2160;0.286;04.02;62;1;tube;multicolor;6;794;0;835
5000410;100014;Красота;уход за телом;красота_brand_008;ultra_low;2025-04-20;310;0.432;4.16;36;1;unknown;multicolor;7;449;1;1555
5000411;100014;Красота;уход за лицом;красота_brand_044;mid;2025-01-24;2180;0.085;3.66;10;1;blister;multicolor;5;1454;0;209
5000412;100014;Красота;волосы;красота_brand_106;ultra_low;2024-11-04;270;0.192;4.61;51;1;bag;unknown;6;779;0;823
5000413;100014;Красота;уход за телом;красота_brand_035;low;2025-08-19;1160;0.173;3.94;9;1;bag;green;5;660;1;856
5000414;100014;Красота;волосы;красота_brand_032;low;2024-12-06;1420;0.318;4.42;333;1;bag;red;2;210;0;908
5000415;100014;Красота;уход за лицом;красота_brand_039;ultra_low;2025-02-25;330;0.288;4.51;87;0;bag;multicolor;7;846;1;126
5000416;100014;Красота;уход за лицом;красота_brand_081;mid;2025-01-16;2160;0.172;4.32;49;1;bag;black;6;587;1;1131
5000417;100014;Красота;парфюм;красота_brand_023;ultra_low;2024-12-26;300;0.05;4.62;20;1;blister;unknown;3;432;0;2176
5000418;100014;Красота;уход за лицом;красота_brand_080;high;2025-12-08;4270;0.374;4.28;50;1;blister;white;7;277;0;1255
5000419;100014;Красота;макияж;красота_brand_037;mid;2024-10-18;3580;0.198;3.93;13;1;tube;black;3;776;0;380
5000420;100014;Красота;волосы;красота_brand_075;low;2024-12-22;1230;0.095;3.82;47;1;unknown;red;5;477;0;897
5000421;100014;Красота;уход за лицом;красота_brand_067;high;2025-03-30;4260;0.049;3.91;133;1;box;black;6;625;0;794
5000422;100014;Красота;парфюм;красота_brand_110;low;2025-01-18;550;0.377;4.51;112;1;bag;red;9;211;0;774
5000423;100014;Красота;волосы;красота_brand_062;low;2024-12-15;740;0.271;4.57;56;1;box;beige;5;625;0;187
5000424;100014;Красота;макияж;красота_brand_101;high;2025-01-18;4430;0.25;3.79;117;1;box;black;7;1065;0;655
5000425;100014;Красота;уход за телом;красота_brand_043;low;2025-03-05;1130;0.163;4.34;7;1;box;red;1;726;1;2436
5000426;100014;Красота;уход за лицом;красота_brand_004;mid;2025-07-12;2520;0.171;4.13;195;1;blister;unknown;9;355;0;124
5000427;100014;Красота;уход за лицом;красота_brand_027;mid;2025-10-16;1620;0.199;4.54;31;1;bag;white;6;761;0;408
5000428;100014;Красота;уход за телом;красота_brand_084;ultra_low;2025-07-05;350;0.52;4.59;11;1;blister;beige;6;401;0;318
5000429;100014;Красота;макияж;красота_brand_050;low;2025-07-15;990;0.079;4.73;30;1;box;unknown;7;963;1;136
5000430;100014;Красота;макияж;красота_brand_022;mid;2024-10-14;2660;0.163;3.84;35;1;box;beige;5;86;1;176
5000431;100014;Красота;уход за лицом;красота_brand_067;ultra_low;2025-07-29;290;0.064;3.86;19;1;unknown;beige;7;550;0;652
5000432;100014;Красота;макияж;красота_brand_027;mid;2024-10-25;1810;0.226;4.41;175;1;blister;white;6;1230;0;261
5000433;100014;Красота;парфюм;красота_brand_026;ultra_low;2024-11-21;320;0.232;04.01;49;1;bag;black;2;186;1;217
5000434;100014;Красота;уход за лицом;красота_brand_080;high;2024-11-30;4300;0.021;04.09;6;1;bag;white;9;900;1;238
5000435;100014;Красота;уход за лицом;красота_brand_102;low;2025-08-03;550;0.664;4.56;20;1;unknown;white;8;757;1;1122
5000436;100014;Красота;уход за телом;красота_brand_021;mid;2024-10-13;1560;0.249;4.12;6;1;box;white;3;777;0;1178
5000437;100014;Красота;макияж;красота_brand_024;low;2025-03-07;960;0.153;3.38;13;0;blister;green;5;717;1;217
5000438;100014;Красота;уход за телом;красота_brand_045;low;2026-02-03;770;0.176;2.94;2;1;bag;blue;6;310;0;504
5000439;100014;Красота;макияж;красота_brand_020;low;2024-11-07;860;0.455;3.9;9;1;blister;green;5;367;1;187
5000440;100014;Красота;парфюм;красота_brand_075;high;2025-07-25;4380;0.331;3.68;38;1;tube;white;6;1048;0;272
5000441;100014;Красота;волосы;красота_brand_032;mid;2025-03-19;3550;0.1;4.27;30;1;bag;red;8;120;0;1969
5000442;100014;Красота;макияж;красота_brand_057;ultra_low;2024-11-25;260;0.028;4.35;42;1;tube;green;6;455;0;620
5000443;100014;Красота;уход за телом;красота_brand_003;low;2024-12-01;640;0.251;04.08;224;1;box;blue;4;797;1;676
5000444;100014;Красота;уход за лицом;красота_brand_073;low;2025-08-21;1310;0.084;4.49;33;1;box;blue;4;217;0;240
5000445;100014;Красота;волосы;красота_brand_041;low;2024-10-27;720;0.36;4.57;70;1;blister;blue;6;960;1;639
5000446;100014;Красота;уход за лицом;красота_brand_078;low;2025-01-21;1110;0.101;4.42;15;1;box;white;7;700;0;241
5000447;100014;Красота;парфюм;красота_brand_056;low;2024-10-16;540;0.03;5.0;12;1;unknown;multicolor;3;477;0;398
5000448;100014;Красота;волосы;красота_brand_115;mid;2024-11-25;1530;0.13;4.9;560;1;box;beige;6;40;0;310
5000449;100014;Красота;волосы;красота_brand_012;low;2025-02-12;1140;0.157;4.23;51;1;box;black;4;819;0;448
5000450;100014;Красота;уход за телом;красота_brand_030;low;2025-04-23;650;0.145;4.36;76;1;bag;white;9;440;1;827
5000451;100014;Красота;парфюм;красота_brand_022;ultra_low;2025-04-11;350;0.211;4.61;49;1;bag;blue;6;733;1;1366
5000452;100014;Красота;уход за телом;красота_brand_043;ultra_low;2025-05-19;280;0.325;4.26;60;1;box;black;5;626;1;2201
5000453;100014;Красота;парфюм;красота_brand_074;low;2025-02-15;620;0.605;4.17;12;1;box;black;6;347;1;1343
5000454;100014;Красота;уход за лицом;красота_brand_042;low;2025-03-01;850;0.184;3.75;11;1;bag;red;6;641;0;1806
5000455;100014;Красота;парфюм;красота_brand_104;low;2025-02-22;510;0.133;4.42;66;1;box;blue;4;1057;0;747
5000456;100014;Красота;парфюм;красота_brand_104;low;2026-01-09;640;0.421;4.38;8;1;tube;multicolor;7;311;1;897
5000457;100014;Красота;уход за лицом;красота_brand_110;low;2025-01-21;800;0.203;4.12;13;1;box;beige;6;400;0;647
5000458;100014;Красота;уход за лицом;красота_brand_013;mid;2025-10-11;1770;0.088;4.14;61;0;bag;green;6;636;1;70
5000459;100014;Красота;уход за телом;красота_brand_002;ultra_low;2025-07-08;250;0.335;4.54;11;1;unknown;unknown;5;720;0;688
5000460;100014;Красота;уход за лицом;красота_brand_046;low;2026-01-25;900;0.065;4.38;4;1;tube;white;3;802;0;224
5000461;100014;Красота;уход за телом;красота_brand_019;low;2024-12-20;560;0.107;3.74;35;1;box;beige;7;515;0;161
5000462;100014;Красота;уход за лицом;красота_brand_089;mid;2025-04-29;3200;0.452;4.9;24;1;bag;beige;4;706;1;259
5000463;100014;Красота;уход за телом;красота_brand_118;mid;2025-04-17;1670;0.07;4.57;416;1;box;unknown;5;828;0;173
5000464;100014;Красота;макияж;красота_brand_010;mid;2025-02-17;2780;0.367;04.09;17;1;box;black;7;1064;0;296
5000465;100014;Красота;уход за лицом;красота_brand_112;mid;2025-05-04;2190;0.427;4.61;53;1;bag;multicolor;3;723;0;605
5000466;100014;Красота;уход за лицом;красота_brand_103;ultra_low;2025-07-15;270;0.309;3.96;6;1;tube;green;4;509;1;407
5000467;100014;Красота;уход за телом;красота_brand_090;ultra_low;2024-11-04;490;0.124;4.29;15;1;tube;beige;5;703;0;65
5000468;100014;Красота;парфюм;красота_brand_003;ultra_low;2024-11-21;260;0.141;3.53;29;1;blister;beige;4;497;0;190
5000469;100014;Красота;волосы;красота_brand_046;mid;2024-11-01;3840;0.146;4.56;18;1;unknown;red;8;477;0;351
5000470;100014;Красота;уход за лицом;красота_brand_014;low;2024-11-16;1030;0.3;4.0;34;1;unknown;beige;3;661;0;1055
5000471;100014;Красота;парфюм;красота_brand_022;low;2025-06-14;1290;0.217;4.15;107;1;box;unknown;8;261;0;287
5000472;100014;Красота;уход за телом;красота_brand_039;mid;2025-03-16;2620;0.407;4.42;27;1;box;blue;11;841;0;895
5000473;100014;Красота;волосы;красота_brand_029;ultra_low;2024-12-22;480;0.246;4.47;99;1;box;green;4;704;0;264
5000474;100014;Красота;уход за лицом;красота_brand_080;low;2025-09-23;970;0.205;4.11;34;1;blister;white;4;427;0;837
5000475;100014;Красота;макияж;красота_brand_008;mid;2025-10-29;3810;0.264;3.43;37;1;bag;red;8;732;1;811
5000476;100014;Красота;уход за телом;красота_brand_044;mid;2024-11-23;2980;0.457;4.46;21;1;box;unknown;5;594;0;834
5000477;100014;Красота;уход за телом;красота_brand_054;ultra_low;2025-12-28;360;0.157;4.52;19;1;tube;white;7;491;1;187
5000478;100014;Красота;парфюм;красота_brand_069;ultra_low;2025-01-14;310;0.266;04.01;73;1;box;unknown;5;1162;1;302
5000479;100014;Красота;парфюм;красота_brand_033;low;2025-01-03;800;0.37;04.05;28;1;box;multicolor;8;759;0;242
5000480;100014;Красота;макияж;красота_brand_033;low;2024-11-19;530;0.181;4.41;80;1;bag;red;8;381;0;367
5000481;100014;Красота;уход за лицом;красота_brand_032;mid;2025-01-07;3240;0.262;4.71;37;1;bag;blue;10;812;1;274
5000482;100014;Красота;макияж;красота_brand_060;low;2025-04-15;570;0.189;4.39;5;1;bag;white;6;589;0;95
5000483;100014;Красота;уход за лицом;красота_brand_065;low;2025-05-13;1370;0.135;3.4;18;1;box;multicolor;5;742;0;1251
5000484;100014;Красота;уход за телом;красота_brand_024;mid;2025-03-31;1570;0.192;4.76;10;1;unknown;blue;7;517;1;503
5000485;100014;Красота;уход за телом;красота_brand_076;ultra_low;2026-01-11;400;0.319;4.53;2;1;box;white;6;40;0;422
5000486;100014;Красота;волосы;красота_brand_101;low;2024-12-25;620;0.51;4.8;43;1;unknown;unknown;6;631;0;544
5000487;100014;Красота;уход за лицом;красота_brand_108;mid;2024-10-17;3080;0.268;4.55;30;1;bag;black;8;1085;0;92
5000488;100014;Красота;уход за лицом;красота_brand_052;mid;2025-02-22;2360;0.368;4.31;26;1;box;black;5;508;0;1227
5000489;100014;Красота;волосы;красота_brand_063;ultra_low;2025-01-08;320;0.237;4.75;25;1;bag;white;4;976;0;92
5000490;100014;Красота;уход за лицом;красота_brand_083;low;2024-12-17;1110;0.257;4.27;6;1;bag;white;6;398;0;271
5000491;100014;Красота;уход за лицом;красота_brand_046;mid;2025-04-19;2360;0.361;4.46;18;1;box;red;3;891;0;299
5000492;100014;Красота;парфюм;красота_brand_017;mid;2025-01-26;2010;0.141;3.79;1;1;blister;beige;5;662;0;121
5000493;100014;Красота;макияж;красота_brand_061;low;2025-01-09;1080;0.299;4.55;46;1;blister;blue;3;569;0;1044
5000494;100014;Красота;уход за телом;красота_brand_109;low;2025-01-11;930;0.361;4.25;8;1;tube;green;10;656;0;442
5000495;100014;Красота;уход за лицом;красота_brand_063;low;2025-01-31;740;0.316;4.16;11;1;bag;red;5;237;0;309
5000496;100014;Красота;парфюм;красота_brand_099;ultra_low;2024-12-05;380;0.142;4.65;17;1;tube;beige;6;651;0;210
5000497;100014;Красота;волосы;красота_brand_063;mid;2025-06-15;1670;0.114;5.0;56;1;tube;multicolor;7;351;1;112
5000498;100014;Красота;уход за телом;красота_brand_004;mid;2024-12-18;2940;0.194;04.04;44;1;blister;unknown;5;162;0;1207
5000499;100014;Красота;уход за телом;красота_brand_020;ultra_low;2025-04-15;480;0.256;04.07;10;1;bag;black;6;607;1;470
5000500;100014;Красота;волосы;красота_brand_047;low;2025-06-21;1350;0.507;3.8;14;1;bag;multicolor;5;905;0;290
5000501;100014;Красота;парфюм;красота_brand_099;ultra_low;2024-12-27;280;0.074;4.28;22;1;box;red;12;922;0;179
5000502;100014;Красота;волосы;красота_brand_029;ultra_low;2025-01-08;410;0.171;4.44;33;1;blister;beige;7;793;1;206
5000503;100014;Красота;уход за телом;красота_brand_015;low;2025-01-07;850;0.102;4.3;12;1;box;multicolor;7;880;0;1462
5000504;100014;Красота;парфюм;красота_brand_057;low;2026-03-13;650;0.121;4.44;13;1;unknown;blue;7;476;0;372
5000505;100014;Красота;уход за телом;красота_brand_018;low;2024-12-18;520;0.329;3.97;15;1;unknown;beige;9;486;0;288
5000506;100014;Красота;уход за телом;красота_brand_021;ultra_low;2025-01-16;310;0.123;4.98;23;1;blister;blue;7;769;0;688
5000507;100014;Красота;парфюм;красота_brand_118;ultra_low;2025-04-21;270;0.022;4.4;51;1;bag;multicolor;8;966;0;1100
5000508;100014;Красота;волосы;красота_brand_092;ultra_low;2025-06-07;270;0.718;4.66;167;1;tube;red;5;1269;1;95
5000509;100014;Красота;парфюм;красота_brand_044;low;2025-02-07;1050;0.108;4.45;23;1;box;green;4;738;1;319
5000510;100014;Красота;уход за лицом;красота_brand_069;ultra_low;2025-11-30;290;0.213;4.62;51;1;box;red;9;446;0;467
5000511;100014;Красота;парфюм;красота_brand_040;ultra_low;2025-03-21;400;0.226;4.73;27;1;box;white;3;826;1;629
5000512;100014;Красота;макияж;красота_brand_044;mid;2025-02-01;1850;0.271;4.97;49;1;bag;blue;4;1029;0;191
5000513;100014;Красота;уход за телом;красота_brand_004;mid;2025-04-15;1650;0.104;4.9;99;1;tube;white;8;1006;0;150
5000514;100014;Красота;уход за телом;красота_brand_103;ultra_low;2025-10-06;260;0.252;4.18;115;1;unknown;green;10;714;1;453
5000515;100014;Красота;уход за лицом;красота_brand_077;low;2025-04-29;700;0.283;4.3;150;1;bag;white;5;763;0;131
5000516;100014;Красота;макияж;красота_brand_100;low;2024-12-16;1280;0.404;4.51;128;1;unknown;red;7;401;1;2077
5000517;100014;Красота;волосы;красота_brand_011;high;2024-11-17;4250;0.038;4.23;30;1;blister;black;3;1112;0;569
5000518;100014;Красота;волосы;красота_brand_014;mid;2024-11-17;1910;0.266;4.52;23;1;tube;red;8;343;1;559
5000519;100014;Красота;макияж;красота_brand_040;ultra_low;2025-05-03;290;0.256;3.9;28;1;bag;green;5;1031;0;777
5000520;100014;Красота;макияж;красота_brand_022;high;2025-02-12;4130;0.51;4.47;18;1;bag;multicolor;4;477;0;277
5000521;100014;Красота;уход за телом;красота_brand_035;low;2025-03-19;1070;0.363;4.7;103;1;box;beige;8;652;0;342
5000522;100014;Красота;волосы;красота_brand_012;mid;2024-11-03;2610;0.077;4.66;13;1;box;green;7;377;1;624
5000523;100015;Аксессуары;ремни;аксессуары_brand_083;ultra_low;2025-03-11;340;0.249;3.92;91;1;blister;multicolor;4;470;0;845
5000524;100015;Аксессуары;ремни;аксессуары_brand_076;low;2025-05-25;530;0.126;04.02;5;1;box;red;8;817;1;585
5000525;100015;Аксессуары;бижутерия;аксессуары_brand_116;high;2025-05-09;5630;0.15;3.79;49;1;box;black;6;40;0;1674
5000526;100015;Аксессуары;бижутерия;аксессуары_brand_067;mid;2025-12-16;2820;0.056;4.63;35;1;box;red;8;508;0;191
5000527;100015;Аксессуары;сумки;аксессуары_brand_025;high;2025-11-23;8540;0.346;04.09;22;1;unknown;red;6;788;0;3047
5000528;100015;Аксессуары;ремни;аксессуары_brand_027;low;2025-07-04;800;0.283;3.89;21;1;bag;unknown;11;593;1;231
5000529;100015;Аксессуары;ремни;аксессуары_brand_102;high;2025-09-20;6170;0.265;3.76;22;1;tube;blue;7;833;0;633
5000530;100015;Аксессуары;ремни;аксессуары_brand_018;low;2025-12-13;830;0.37;3.7;70;1;box;red;1;789;0;491
5000531;100015;Аксессуары;бижутерия;аксессуары_brand_013;low;2025-02-11;1040;0.547;3.78;12;1;box;white;5;622;0;618
5000532;100015;Аксессуары;бижутерия;аксессуары_brand_027;ultra_low;2025-01-29;490;0.362;04.03;9;1;box;black;3;581;0;366
5000533;100015;Аксессуары;ремни;аксессуары_brand_055;mid;2025-07-30;2030;0.192;3.86;22;1;blister;white;5;143;0;513
5000534;100015;Аксессуары;бижутерия;аксессуары_brand_079;mid;2025-12-25;2370;0.469;4.53;27;1;box;black;2;697;0;352
5000535;100015;Аксессуары;головные уборы;аксессуары_brand_099;mid;2025-03-11;2820;0.148;4.2;53;1;tube;red;10;714;1;1134
5000536;100015;Аксессуары;бижутерия;аксессуары_brand_046;low;2025-01-07;1010;0.083;4.15;52;1;box;multicolor;5;395;0;1128
5000537;100015;Аксессуары;ремни;аксессуары_brand_104;mid;2024-12-28;3510;0.054;3.92;7;1;unknown;beige;6;692;0;309
5000538;100015;Аксессуары;сумки;аксессуары_brand_039;low;2025-06-25;1100;0.345;3.83;20;1;box;blue;4;688;1;97
5000539;100015;Аксессуары;ремни;аксессуары_brand_027;ultra_low;2025-05-29;390;0.093;4.77;124;1;box;beige;8;435;0;257
5000540;100015;Аксессуары;сумки;аксессуары_brand_054;high;2024-12-26;4840;0.195;3.78;30;1;blister;unknown;9;1067;0;1903
5000541;100015;Аксессуары;головные уборы;аксессуары_brand_026;low;2025-01-14;790;0.101;3.64;13;1;bag;blue;4;755;0;312
5000542;100015;Аксессуары;сумки;аксессуары_brand_004;ultra_low;2025-04-25;480;0.101;4.19;37;1;bag;unknown;7;812;0;134
5000543;100015;Аксессуары;бижутерия;аксессуары_brand_037;mid;2025-04-02;1570;0.184;04.05;4;1;tube;beige;3;180;0;919
5000544;100015;Аксессуары;бижутерия;аксессуары_brand_027;low;2025-01-29;670;0.214;3.73;55;1;bag;red;4;721;0;680
5000545;100015;Аксессуары;бижутерия;аксессуары_brand_054;low;2025-03-23;1240;0.251;4.38;38;1;bag;beige;7;784;0;869
5000546;100015;Аксессуары;бижутерия;аксессуары_brand_028;high;2025-11-22;4140;0.176;3.79;54;1;unknown;multicolor;4;422;0;100
5000547;100015;Аксессуары;бижутерия;аксессуары_brand_055;high;2025-04-05;5820;0.296;3.73;16;1;box;white;6;621;1;2170
5000548;100015;Аксессуары;головные уборы;аксессуары_brand_064;ultra_low;2025-01-04;430;0.75;3.53;49;1;tube;black;9;623;0;214
5000549;100015;Аксессуары;очки;аксессуары_brand_054;mid;2025-09-13;2010;0.048;3.49;16;1;blister;black;11;417;1;1243
5000550;100015;Аксессуары;головные уборы;аксессуары_brand_074;ultra_low;2025-01-02;320;0.081;3.3;9;1;bag;beige;5;779;0;80
5000551;100015;Аксессуары;головные уборы;аксессуары_brand_027;low;2025-09-02;1200;0.319;4.44;66;1;bag;green;4;415;0;212
5000552;100015;Аксессуары;головные уборы;аксессуары_brand_057;high;2026-04-25;7220;0.151;3.76;3;1;box;red;6;749;0;481
5000553;100015;Аксессуары;очки;аксессуары_brand_028;mid;2025-06-18;3330;0.17;3.79;45;1;blister;unknown;4;454;1;204
5000554;100015;Аксессуары;очки;аксессуары_brand_104;mid;2024-12-30;2750;0.071;4.35;9;1;blister;black;6;489;0;441
5000555;100015;Аксессуары;ремни;аксессуары_brand_052;low;2024-12-27;1340;0.282;3.37;81;1;bag;red;4;818;0;833
5000556;100015;Аксессуары;сумки;аксессуары_brand_078;mid;2025-05-13;3050;0.351;04.03;26;1;box;black;5;815;0;254
5000557;100015;Аксессуары;бижутерия;аксессуары_brand_017;low;2025-02-01;1410;0.303;3.72;9;1;tube;red;5;615;0;364
5000558;100015;Аксессуары;бижутерия;аксессуары_brand_060;ultra_low;2025-01-24;380;0.205;3.88;36;1;box;beige;6;589;0;275
5000559;100015;Аксессуары;головные уборы;аксессуары_brand_021;mid;2025-01-03;2320;0.341;3.68;8;1;bag;beige;7;96;0;514
5000560;100015;Аксессуары;сумки;аксессуары_brand_115;mid;2025-06-22;1550;0.505;3.85;32;1;tube;red;4;865;0;1236
5000561;100016;Одежда;футболки;одежда_brand_115;high;2025-05-26;5020;0.133;4.49;12;0;tube;red;6;614;1;79
5000562;100016;Одежда;футболки;одежда_brand_118;low;2025-06-23;720;0.073;3.7;16;0;bag;multicolor;4;856;1;1001
5000563;100016;Одежда;белье;одежда_brand_074;high;2025-12-22;4670;0.264;4.47;7;0;box;black;7;1030;0;376
5000564;100016;Одежда;верхняя одежда;одежда_brand_073;mid;2026-03-19;3250;0.328;3.94;7;0;box;black;5;1064;1;253
5000565;100016;Одежда;верхняя одежда;одежда_brand_017;high;2026-03-19;4500;0.043;4.3;5;0;bag;beige;8;1176;1;418
5000566;100016;Одежда;платья;одежда_brand_002;mid;2025-07-11;2610;0.162;3.71;10;1;bag;beige;6;613;0;387
5000567;100016;Одежда;белье;одежда_brand_051;low;2025-10-06;1370;0.593;4.13;15;1;unknown;black;6;1062;0;69
5000568;100016;Одежда;брюки;одежда_brand_030;low;2025-04-20;1070;0.271;4.28;33;1;box;unknown;4;447;0;165
5000569;100016;Одежда;футболки;одежда_brand_039;high;2025-03-11;5250;0.296;4.35;11;1;box;blue;4;695;1;679
5000570;100016;Одежда;верхняя одежда;одежда_brand_084;mid;2025-10-22;3320;0.042;4.29;48;1;box;red;6;402;0;218
5000571;100016;Одежда;верхняя одежда;одежда_brand_055;low;2026-04-07;800;0.282;3.62;0;0;box;beige;8;562;0;386
5000572;100016;Одежда;верхняя одежда;одежда_brand_073;mid;2025-04-28;1640;0.284;3.85;9;1;box;multicolor;6;908;0;269
5000573;100016;Одежда;футболки;одежда_brand_091;mid;2025-03-25;3070;0.21;3.6;16;1;bag;white;7;483;0;204
5000574;100016;Одежда;футболки;одежда_brand_001;low;2025-04-16;930;0.412;3.94;112;1;box;red;5;608;0;366
5000575;100017;Детские товары;питание;детские_товары_brand_093;mid;2026-04-09;2590;0.345;4.14;14;1;bag;red;5;418;0;1857
5000576;100017;Детские товары;уход;детские_товары_brand_040;mid;2026-03-10;3770;0.314;4.64;7;1;box;white;3;618;0;219
5000577;100017;Детские товары;игрушки;детские_товары_brand_015;low;2026-03-28;740;0.053;4.22;32;1;box;blue;4;512;0;216
5000578;100017;Детские товары;питание;детские_товары_brand_004;mid;2026-02-04;2030;0.222;5.0;10;1;bag;green;6;815;0;112
5000579;100017;Детские товары;уход;детские_товары_brand_003;low;2026-03-20;530;0.511;04.08;8;1;box;black;9;500;0;521
5000580;100017;Детские товары;одежда детская;детские_товары_brand_043;low;2026-04-06;840;0.234;4.48;13;1;box;unknown;6;453;1;346
5000581;100017;Детские товары;уход;детские_товары_brand_004;low;2026-04-09;1310;0.027;4.31;55;1;box;red;7;581;0;344
5000582;100017;Детские товары;питание;детские_товары_brand_014;ultra_low;2026-04-23;490;0.397;4.49;22;1;bag;multicolor;8;643;1;207
5000583;100017;Детские товары;школа;детские_товары_brand_041;mid;2026-03-05;2260;0.377;4.93;6;1;box;black;7;778;0;190
5000584;100017;Детские товары;питание;детские_товары_brand_025;ultra_low;2026-03-17;450;0.359;4.51;51;1;bag;blue;9;600;0;202
5000585;100017;Детские товары;питание;детские_товары_brand_007;ultra_low;2026-02-02;430;0.01;4.36;4;1;box;green;4;606;1;1565
5000586;100017;Детские товары;игрушки;детские_товары_brand_101;high;2026-02-16;4340;0.262;4.95;3;1;box;beige;6;821;0;228
5000587;100017;Детские товары;школа;детские_товары_brand_056;low;2026-03-13;650;0.308;4.49;14;1;box;beige;8;393;0;279
5000588;100017;Детские товары;одежда детская;детские_товары_brand_103;ultra_low;2026-01-24;340;0.153;4.45;1;1;box;green;7;878;0;268
5000589;100017;Детские товары;уход;детские_товары_brand_062;ultra_low;2026-03-20;400;0.435;4.77;4;1;blister;red;4;729;0;702
5000590;100017;Детские товары;школа;детские_товары_brand_016;low;2026-02-24;930;0.075;4.43;4;1;bag;beige;10;1331;0;1035
5000591;100017;Детские товары;одежда детская;детские_товары_brand_033;mid;2026-02-07;2020;0.088;4.9;18;1;bag;unknown;6;193;0;1318
5000592;100017;Детские товары;питание;детские_товары_brand_022;ultra_low;2026-04-11;260;0.214;4.87;1;1;box;green;6;819;0;278
5000593;100017;Детские товары;игрушки;детские_товары_brand_001;mid;2026-04-11;3900;0.169;4.58;4;1;bag;black;8;966;0;597
5000594;100017;Детские товары;игрушки;детские_товары_brand_115;mid;2026-02-03;2190;0.492;4.36;2;1;box;unknown;4;1166;0;3877
5000595;100017;Детские товары;питание;детские_товары_brand_079;low;2026-04-10;620;0.221;4.64;7;1;bag;red;7;575;1;179
5000596;100017;Детские товары;уход;детские_товары_brand_017;low;2026-02-04;670;0.195;4.88;72;1;box;green;5;672;1;542
5000597;100017;Детские товары;одежда детская;детские_товары_brand_115;ultra_low;2026-01-31;320;0.117;4.63;108;1;box;green;2;508;1;1874
5000598;100017;Детские товары;школа;детские_товары_brand_117;low;2026-03-04;750;0.029;4.27;9;1;bag;unknown;6;631;0;264
5000599;100017;Детские товары;одежда детская;детские_товары_brand_026;ultra_low;2026-02-08;430;0.184;4.38;11;1;box;white;6;42;1;755
5000600;100017;Детские товары;одежда детская;детские_товары_brand_005;ultra_low;2026-03-05;440;0.422;4.7;2;1;box;multicolor;5;781;0;520
5000601;100017;Детские товары;игрушки;детские_товары_brand_050;low;2026-03-14;850;0.131;4.11;3;1;unknown;unknown;11;627;0;2369
5000602;100017;Детские товары;уход;детские_товары_brand_061;mid;2026-02-02;3770;0.224;4.63;3;1;box;multicolor;6;1181;0;664
5000603;100017;Детские товары;школа;детские_товары_brand_094;high;2026-02-28;6490;0.25;4.21;10;1;bag;blue;8;358;0;244
5000604;100017;Детские товары;одежда детская;детские_товары_brand_027;low;2026-01-26;1220;0.233;4.4;12;1;unknown;blue;6;655;1;487
5000605;100017;Детские товары;школа;детские_товары_brand_103;mid;2026-01-24;1540;0.273;4.55;1;1;box;unknown;4;743;0;537
5000606;100017;Детские товары;питание;детские_товары_brand_068;ultra_low;2026-02-17;420;0.232;4.79;8;1;box;green;7;595;0;270
5000607;100017;Детские товары;школа;детские_товары_brand_012;low;2026-03-19;520;0.37;4.38;17;1;box;red;9;667;0;222
5000608;100017;Детские товары;одежда детская;детские_товары_brand_101;low;2026-03-10;700;0.112;4.53;21;1;box;red;6;544;0;942
5000609;100017;Детские товары;уход;детские_товары_brand_007;ultra_low;2026-04-23;310;0.317;4.33;23;1;bag;red;9;815;0;1610
5000610;100017;Детские товары;игрушки;детские_товары_brand_119;low;2026-03-20;1310;0.282;4.44;4;1;bag;green;8;885;0;406
5000611;100017;Детские товары;игрушки;детские_товары_brand_112;mid;2026-03-06;1910;0.251;4.33;79;1;blister;unknown;3;378;0;691
5000612;100017;Детские товары;школа;детские_товары_brand_012;low;2026-04-19;1320;0.198;4.62;5;1;box;black;6;361;0;404
5000613;100017;Детские товары;уход;детские_товары_brand_042;mid;2026-02-28;2390;0.073;3.82;1;1;box;beige;6;580;0;561
5000614;100017;Детские товары;уход;детские_товары_brand_057;ultra_low;2026-04-11;270;0.031;4.76;4;1;bag;unknown;12;495;0;524
5000615;100017;Детские товары;питание;детские_товары_brand_080;low;2026-02-01;570;0.151;4.66;6;1;box;red;10;492;1;505
5000616;100017;Детские товары;школа;детские_товары_brand_082;low;2026-03-23;1180;0.187;4.64;4;1;box;beige;8;898;1;997
5000617;100017;Детские товары;школа;детские_товары_brand_103;low;2026-03-14;550;0.216;4.49;1;1;bag;white;7;855;0;239
5000618;100017;Детские товары;питание;детские_товары_brand_020;high;2026-04-17;4130;0.125;4.59;2;1;box;beige;3;768;1;849
5000619;100017;Детские товары;уход;детские_товары_brand_028;low;2026-03-22;510;0.207;3.92;0;1;bag;green;2;968;0;517
5000620;100017;Детские товары;питание;детские_товары_brand_068;ultra_low;2026-04-16;410;0.056;4.67;1;1;box;multicolor;4;515;1;1190
5000621;100017;Детские товары;питание;детские_товары_brand_060;mid;2026-01-22;3680;0.346;4.8;15;1;unknown;multicolor;11;210;0;302
5000622;100017;Детские товары;одежда детская;детские_товары_brand_048;low;2026-01-23;560;0.297;3.94;3;1;bag;unknown;6;716;0;545
5000623;100017;Детские товары;школа;детские_товары_brand_067;low;2026-04-01;1380;0.154;4.7;29;1;bag;red;2;346;0;493
5000624;100017;Детские товары;школа;детские_товары_brand_066;low;2026-02-02;950;0.229;4.56;5;1;box;green;5;819;0;4690
5000625;100017;Детские товары;уход;детские_товары_brand_021;mid;2026-02-07;2490;0.058;4.63;4;1;box;multicolor;6;783;0;612
5000626;100017;Детские товары;уход;детские_товары_brand_056;mid;2026-03-24;2340;0.23;4.62;5;1;box;blue;6;772;1;33
5000627;100017;Детские товары;уход;детские_товары_brand_032;low;2026-04-19;1270;0.09;4.57;4;1;bag;green;5;564;0;62
5000628;100017;Детские товары;одежда детская;детские_товары_brand_057;mid;2026-04-22;2360;0.085;4.34;23;0;box;green;6;823;0;634
5000629;100017;Детские товары;игрушки;детские_товары_brand_112;ultra_low;2026-04-02;360;0.15;4.88;3;1;blister;red;9;618;0;675
5000630;100017;Детские товары;школа;детские_товары_brand_056;mid;2026-02-24;3190;0.131;4.26;9;1;bag;multicolor;10;1152;0;1358
5000631;100017;Детские товары;уход;детские_товары_brand_091;ultra_low;2026-02-11;280;0.225;4.39;10;1;bag;multicolor;6;562;0;870
5000632;100017;Детские товары;одежда детская;детские_товары_brand_119;low;2026-03-14;1410;0.23;4.53;0;1;box;red;9;875;0;555
5000633;100017;Детские товары;игрушки;детские_товары_brand_042;ultra_low;2026-04-06;440;0.167;4.15;20;1;bag;white;7;743;0;692
5000634;100017;Детские товары;школа;детские_товары_brand_084;mid;2026-01-22;2150;0.131;4.7;6;1;blister;beige;5;561;0;447
5000635;100017;Детские товары;питание;детские_товары_brand_111;mid;2026-03-21;3370;0.21;4.35;4;1;bag;green;7;405;0;126
5000636;100017;Детские товары;одежда детская;детские_товары_brand_038;high;2026-02-26;4380;0.287;4.81;33;1;box;black;11;796;0;984
5000637;100017;Детские товары;игрушки;детские_товары_brand_101;mid;2026-04-08;3320;0.056;4.11;5;1;box;red;7;783;0;396
5000638;100017;Детские товары;игрушки;детские_товары_brand_100;low;2026-03-18;610;0.433;4.18;4;1;bag;unknown;5;116;0;2983
5000639;100017;Детские товары;питание;детские_товары_brand_048;ultra_low;2026-02-01;420;0.387;3.99;13;1;bag;white;8;504;0;1069
5000640;100017;Детские товары;одежда детская;детские_товары_brand_035;mid;2026-03-05;1940;0.274;4.61;39;1;box;blue;4;591;1;482
5000641;100017;Детские товары;уход;детские_товары_brand_083;mid;2026-04-22;1730;0.187;04.09;7;1;tube;black;3;816;0;546
5000642;100017;Детские товары;одежда детская;детские_товары_brand_111;mid;2026-03-05;1520;0.169;4.33;4;1;blister;blue;6;450;1;155
5000643;100017;Детские товары;одежда детская;детские_товары_brand_034;low;2026-03-20;940;0.49;4.59;15;1;bag;blue;5;512;0;497
5000644;100017;Детские товары;питание;детские_товары_brand_028;low;2026-02-24;1150;0.248;4.68;8;1;bag;black;7;216;0;4134
5000645;100017;Детские товары;школа;детские_товары_brand_002;low;2026-01-26;1250;0.158;4.88;5;1;box;black;6;348;0;53
5000646;100017;Детские товары;питание;детские_товары_brand_085;mid;2026-03-31;1780;0.193;3.63;3;1;box;multicolor;4;491;0;1441
5000647;100017;Детские товары;игрушки;детские_товары_brand_117;ultra_low;2026-01-31;450;0.135;4.76;1;1;unknown;green;5;794;0;917
5000648;100017;Детские товары;школа;детские_товары_brand_103;low;2026-04-12;560;0.43;4.25;24;1;bag;beige;3;758;0;560
5000649;100017;Детские товары;школа;детские_товары_brand_036;ultra_low;2026-02-11;260;0.182;4.93;12;1;box;green;4;523;0;173
5000650;100017;Детские товары;уход;детские_товары_brand_041;mid;2026-01-26;2160;0.321;4.66;8;1;bag;multicolor;7;750;1;416
5000651;100017;Детские товары;уход;детские_товары_brand_042;high;2026-04-22;6290;0.436;4.77;1;1;blister;white;4;1006;0;275
5000652;100017;Детские товары;одежда детская;детские_товары_brand_075;ultra_low;2026-02-25;460;0.22;4.23;2;1;bag;green;3;741;0;286
5000653;100017;Детские товары;питание;детские_товары_brand_018;mid;2026-03-21;1720;0.166;4.55;1;1;tube;red;6;285;0;165
5000654;100017;Детские товары;уход;детские_товары_brand_060;low;2026-03-18;910;0.573;4.48;13;1;bag;green;4;927;1;219
5000655;100017;Детские товары;игрушки;детские_товары_brand_021;high;2026-02-12;4760;0.349;4.34;39;1;bag;blue;5;756;0;285
5000656;100017;Детские товары;игрушки;детские_товары_brand_105;mid;2026-02-13;2350;0.307;4.73;47;1;bag;red;6;807;0;245
5000657;100017;Детские товары;школа;детские_товары_brand_039;ultra_low;2026-02-18;490;0.573;4.98;44;1;bag;green;5;40;0;394
5000658;100017;Детские товары;питание;детские_товары_brand_084;mid;2026-01-22;1760;0.306;4.69;30;1;bag;beige;9;1292;1;1021
5000659;100017;Детские товары;игрушки;детские_товары_brand_005;mid;2026-03-30;2380;0.179;4.71;28;1;box;unknown;7;524;1;1707
5000660;100017;Детские товары;игрушки;детские_товары_brand_078;low;2026-04-11;860;0.109;4.79;77;1;unknown;beige;7;323;0;416
5000661;100017;Детские товары;игрушки;детские_товары_brand_119;mid;2026-02-17;1920;0.248;4.76;1;1;tube;red;7;402;0;409
5000662;100017;Детские товары;уход;детские_товары_brand_008;high;2026-01-29;6160;0.483;04.07;0;1;unknown;beige;6;799;0;592
5000663;100017;Детские товары;одежда детская;детские_товары_brand_016;low;2026-04-13;1500;0.212;4.51;5;1;box;black;7;386;0;199
5000664;100017;Детские товары;питание;детские_товары_brand_038;high;2026-02-24;6370;0.117;3.45;4;1;box;green;7;267;0;165
5000665;100017;Детские товары;питание;детские_товары_brand_097;high;2026-04-25;5540;0.347;04.08;8;1;box;green;4;391;0;2211
5000666;100017;Детские товары;школа;детские_товары_brand_101;mid;2026-04-03;3420;0.459;4.16;21;1;box;beige;7;310;1;807
5000667;100017;Детские товары;одежда детская;детские_товары_brand_040;ultra_low;2026-02-04;480;0.286;4.56;14;1;box;black;7;731;0;487
5000668;100017;Детские товары;питание;детские_товары_brand_094;ultra_low;2026-03-27;350;0.282;4.67;5;1;box;beige;15;446;0;181
5000669;100017;Детские товары;школа;детские_товары_brand_088;low;2026-02-07;540;0.68;04.08;9;1;bag;multicolor;6;561;0;300
5000670;100017;Детские товары;школа;детские_товары_brand_107;ultra_low;2026-02-11;290;0.114;4.55;2;1;box;white;6;725;0;143
5000671;100017;Детские товары;одежда детская;детские_товары_brand_084;ultra_low;2026-03-20;490;0.159;4.87;2;1;bag;white;7;843;0;226
5000672;100017;Детские товары;питание;детские_товары_brand_039;low;2026-02-07;1070;0.343;4.64;7;1;tube;unknown;5;991;0;761
5000673;100017;Детские товары;питание;детские_товары_brand_014;ultra_low;2026-04-10;280;0.297;4.61;5;1;unknown;red;3;817;0;682
5000674;100018;Одежда;брюки;одежда_brand_118;mid;2024-02-26;2400;0.173;4.45;14;1;bag;red;7;284;1;617
5000675;100018;Одежда;верхняя одежда;одежда_brand_031;low;2024-02-10;850;0.437;4.28;44;1;box;blue;7;669;1;477
5000676;100018;Одежда;белье;одежда_brand_010;mid;2024-09-17;1790;0.101;4.1;248;1;blister;blue;5;821;0;343
5000677;100018;Одежда;платья;одежда_brand_069;mid;2024-01-06;2400;0.152;4.27;5;1;unknown;white;7;1181;0;69
5000678;100018;Одежда;футболки;одежда_brand_021;mid;2024-01-04;1880;0.186;3.85;8;1;box;beige;8;438;0;424
5000679;100018;Одежда;футболки;одежда_brand_104;mid;2024-02-23;2660;0.224;4.15;16;1;box;red;5;738;0;253
5000680;100018;Одежда;верхняя одежда;одежда_brand_056;high;2024-01-18;5130;0.345;4.16;116;1;box;multicolor;4;561;1;315
5000681;100018;Одежда;джинсы;одежда_brand_099;mid;2024-01-06;1770;0.191;4.16;13;1;box;multicolor;7;269;0;913
5000682;100019;Одежда;верхняя одежда;одежда_brand_103;high;2025-07-28;4830;0.245;4.11;13;1;box;green;5;1129;0;518
5000683;100019;Одежда;белье;одежда_brand_072;low;2026-01-26;1260;0.623;3.54;29;1;tube;beige;7;909;0;260
5000684;100019;Одежда;футболки;одежда_brand_089;mid;2025-05-12;2560;0.16;4.15;6;1;tube;beige;8;810;0;626
5000685;100019;Одежда;джинсы;одежда_brand_095;low;2025-08-20;1120;0.083;4.22;7;1;box;beige;4;698;0;110
5000686;100019;Одежда;платья;одежда_brand_012;mid;2025-05-21;1620;0.134;4.15;12;1;unknown;white;8;573;0;857
5000687;100019;Одежда;белье;одежда_brand_096;mid;2026-04-08;1780;0.276;4.12;5;1;box;multicolor;10;881;0;129
5000688;100019;Одежда;брюки;одежда_brand_021;low;2025-11-05;1480;0.38;3.69;23;1;box;multicolor;7;1114;0;405
5000689;100019;Одежда;джинсы;одежда_brand_111;mid;2025-09-21;3790;0.17;3.9;92;1;bag;unknown;5;771;1;486
5000690;100019;Одежда;платья;одежда_brand_008;mid;2025-07-17;3210;0.121;4.41;29;1;box;red;9;858;0;177
5000691;100019;Одежда;футболки;одежда_brand_011;mid;2025-12-31;1850;0.394;4.26;97;1;box;unknown;8;663;0;644
5000692;100019;Одежда;белье;одежда_brand_020;high;2025-11-03;4950;0.125;04.02;57;1;bag;green;7;972;0;1154
5000693;100019;Одежда;верхняя одежда;одежда_brand_092;mid;2025-05-30;2380;0.268;4.24;16;1;blister;unknown;10;973;0;113
5000694;100020;Канцелярия;творчество;канцелярия_brand_054;ultra_low;2025-06-05;300;0.324;3.99;14;1;box;green;7;852;1;776
5000695;100020;Канцелярия;письмо;канцелярия_brand_081;low;2025-09-12;1370;0.355;3.5;14;1;unknown;multicolor;4;781;1;383
5000696;100020;Канцелярия;письмо;канцелярия_brand_005;low;2025-07-11;1100;0.132;4.0;10;0;unknown;unknown;9;946;0;273
5000697;100020;Канцелярия;органайзеры;канцелярия_brand_065;low;2025-08-08;510;0.405;3.99;15;1;bag;black;6;573;0;712
5000698;100020;Канцелярия;творчество;канцелярия_brand_054;ultra_low;2025-08-08;450;0.029;3.53;25;1;box;multicolor;5;726;1;1475
5000699;100020;Канцелярия;органайзеры;канцелярия_brand_056;ultra_low;2025-05-01;400;0.151;3.57;3;1;bag;black;5;603;0;402
5000700;100020;Канцелярия;органайзеры;канцелярия_brand_037;ultra_low;2025-11-19;380;0.28;3.5;3;1;box;multicolor;6;826;0;135
5000701;100020;Канцелярия;бумага;канцелярия_brand_032;ultra_low;2025-05-10;140;0.261;3.55;2;1;tube;unknown;5;803;0;450
5000702;100020;Канцелярия;органайзеры;канцелярия_brand_113;ultra_low;2025-06-10;410;0.154;3.97;6;1;unknown;black;7;518;0;879
5000703;100020;Канцелярия;органайзеры;канцелярия_brand_042;ultra_low;2025-05-17;240;0.22;4.24;15;1;box;multicolor;8;842;0;2860
5000704;100020;Канцелярия;бумага;канцелярия_brand_006;ultra_low;2026-01-06;240;0.134;3.41;1;1;box;unknown;4;792;0;957
5000705;100021;Дом;хранение;дом_brand_003;high;2024-08-07;7640;0.332;3.98;89;1;tube;multicolor;4;614;0;721
5000706;100021;Дом;декор;дом_brand_026;mid;2024-08-09;2490;0.279;3.96;27;1;box;blue;2;755;0;1081
5000707;100021;Дом;посуда;дом_brand_086;mid;2024-08-08;2350;0.194;4.29;15;1;box;multicolor;4;903;0;91
5000708;100021;Дом;хранение;дом_brand_118;low;2024-08-09;1320;0.098;4.4;14;1;box;multicolor;8;461;0;193
5000709;100021;Дом;текстиль;дом_brand_060;high;2024-08-11;6430;0.323;4.73;56;0;bag;red;6;803;0;364
5000710;100021;Дом;посуда;дом_brand_030;ultra_low;2024-12-22;400;0.302;4.99;32;1;blister;blue;9;770;0;351
5000711;100021;Дом;товары для кухни;дом_brand_021;low;2025-05-13;610;0.258;4.57;53;1;bag;blue;4;521;0;1268
5000712;100021;Дом;посуда;дом_brand_075;high;2024-09-05;4790;0.344;4.51;29;1;unknown;blue;11;420;0;566
5000713;100021;Дом;посуда;дом_brand_056;mid;2024-08-07;3810;0.38;4.35;55;1;unknown;multicolor;4;623;1;301
5000714;100021;Дом;текстиль;дом_brand_007;low;2024-09-18;1090;0.374;4.8;63;1;bag;multicolor;6;897;1;527
5000715;100021;Дом;посуда;дом_brand_028;low;2025-01-14;580;0.207;04.01;6;1;box;red;6;511;1;713
5000716;100021;Дом;текстиль;дом_brand_050;low;2024-08-05;670;0.159;3.96;13;1;unknown;red;6;1264;1;198
5000717;100021;Дом;хранение;дом_brand_038;mid;2025-09-07;1620;0.214;4.31;7;1;unknown;red;6;1060;0;74
5000718;100021;Дом;товары для кухни;дом_brand_118;mid;2024-11-02;3630;0.129;04.04;12;1;box;multicolor;5;595;0;832
5000719;100021;Дом;хранение;дом_brand_031;low;2024-08-05;640;0.232;4.73;25;1;box;red;5;650;0;251
5000720;100021;Дом;текстиль;дом_brand_027;high;2025-05-11;5600;0.579;04.08;23;1;bag;red;8;694;0;1236
5000721;100021;Дом;посуда;дом_brand_038;mid;2025-03-30;2370;0.177;4.33;28;0;box;white;5;938;0;2441
5000722;100021;Дом;текстиль;дом_brand_114;mid;2024-08-15;3060;0.336;4.71;68;1;box;red;4;493;0;395
5000723;100021;Дом;декор;дом_brand_060;high;2024-07-24;4660;0.467;4.19;9;1;bag;multicolor;6;1021;1;201
5000724;100021;Дом;хранение;дом_brand_054;low;2025-04-21;1440;0.16;4.59;143;1;tube;blue;3;662;1;272
5000725;100021;Дом;товары для кухни;дом_brand_049;low;2024-10-02;1210;0.132;3.91;29;1;box;black;4;272;0;545
5000726;100021;Дом;посуда;дом_brand_023;low;2024-07-25;580;0.279;3.93;37;1;bag;blue;11;764;1;1056
5000727;100021;Дом;декор;дом_brand_103;mid;2024-09-16;3630;0.312;4.19;173;1;unknown;blue;1;429;1;699
5000728;100021;Дом;декор;дом_brand_109;low;2025-07-19;690;0.408;4.59;57;1;blister;unknown;8;637;0;207
5000729;100021;Дом;хранение;дом_brand_023;high;2024-07-31;7450;0.187;3.77;10;1;blister;multicolor;6;570;1;550
5000730;100021;Дом;декор;дом_brand_017;ultra_low;2025-03-01;400;0.278;4.62;143;1;box;red;3;705;1;1734
5000731;100021;Дом;товары для кухни;дом_brand_045;low;2024-08-05;630;0.569;04.02;79;1;box;multicolor;8;528;0;282
5000732;100021;Дом;декор;дом_brand_064;low;2024-09-03;1280;0.024;4.46;27;1;box;multicolor;7;827;1;1096
5000733;100021;Дом;декор;дом_brand_110;low;2025-01-12;660;0.475;04.08;23;1;unknown;unknown;5;944;0;246
5000734;100021;Дом;посуда;дом_brand_004;mid;2024-11-04;3480;0.453;4.26;74;1;bag;beige;4;738;0;384
5000735;100021;Дом;текстиль;дом_brand_023;ultra_low;2024-12-14;480;0.202;4.9;19;1;blister;red;7;551;1;159
5000736;100021;Дом;текстиль;дом_brand_090;high;2025-05-06;4870;0.122;4.58;26;1;box;red;5;736;0;243
5000737;100021;Дом;декор;дом_brand_118;ultra_low;2025-03-20;440;0.271;4.56;33;1;bag;black;6;711;0;3817
5000738;100021;Дом;декор;дом_brand_002;high;2024-10-24;7010;0.265;4.53;67;1;box;red;10;791;1;236
5000739;100021;Дом;текстиль;дом_brand_031;high;2024-10-18;7890;0.375;4.67;131;1;unknown;beige;4;204;0;866
5000740;100021;Дом;посуда;дом_brand_075;low;2025-06-20;1000;0.599;04.02;15;1;bag;white;4;862;0;335
5000741;100021;Дом;товары для кухни;дом_brand_023;mid;2025-01-05;3800;0.024;4.42;18;1;box;red;6;974;1;1481
5000742;100021;Дом;посуда;дом_brand_100;mid;2024-07-23;1730;0.066;4.37;13;1;blister;green;5;788;0;728
5000743;100021;Дом;товары для кухни;дом_brand_053;high;2024-11-16;6220;0.172;4.51;41;1;unknown;unknown;4;261;1;25
5000744;100021;Дом;декор;дом_brand_071;high;2024-09-03;6560;0.144;4.64;15;1;tube;blue;7;951;1;830
5000745;100021;Дом;товары для кухни;дом_brand_095;high;2024-08-13;5790;0.216;4.52;52;1;box;blue;9;610;1;151
5000746;100021;Дом;хранение;дом_brand_033;mid;2024-12-14;3090;0.353;04.07;16;1;bag;beige;5;856;0;158
5000747;100021;Дом;текстиль;дом_brand_002;low;2024-07-24;820;0.19;4.46;57;1;tube;beige;6;549;1;496
5000748;100021;Дом;хранение;дом_brand_046;mid;2024-07-20;2060;0.563;4.52;31;1;box;green;4;884;1;1570
5000749;100021;Дом;декор;дом_brand_077;low;2024-07-31;1470;0.312;4.39;61;1;unknown;blue;7;602;0;288
5000750;100021;Дом;текстиль;дом_brand_018;mid;2024-08-11;3170;0.297;04.02;47;1;bag;multicolor;6;739;0;209
5000751;100021;Дом;хранение;дом_brand_039;mid;2025-11-30;3970;0.048;4.14;18;1;box;beige;6;597;1;372
5000752;100021;Дом;декор;дом_brand_010;ultra_low;2024-12-04;420;0.206;4.39;26;1;blister;white;5;555;0;1038
5000753;100021;Дом;текстиль;дом_brand_040;ultra_low;2024-09-10;380;0.278;4.18;64;1;unknown;black;5;410;0;414
5000754;100021;Дом;хранение;дом_brand_034;mid;2024-10-28;2120;0.173;4.56;72;1;tube;blue;4;135;0;762
5000755;100021;Дом;посуда;дом_brand_053;mid;2024-10-09;2120;0.213;4.0;41;1;unknown;blue;3;419;0;107
5000756;100021;Дом;текстиль;дом_brand_115;high;2025-05-10;4960;0.184;4.79;97;1;box;red;9;263;1;382
5000757;100021;Дом;товары для кухни;дом_brand_065;mid;2024-08-14;1610;0.316;4.7;98;1;unknown;green;4;40;1;896
5000758;100021;Дом;посуда;дом_brand_059;ultra_low;2025-08-02;350;0.32;04.03;25;1;box;beige;7;370;0;791
5000759;100021;Дом;хранение;дом_brand_075;mid;2024-10-23;4000;0.019;4.47;100;1;box;black;4;1120;1;184
5000760;100021;Дом;декор;дом_brand_050;mid;2024-10-22;3570;0.054;4.15;26;1;box;blue;5;942;1;303
5000761;100021;Дом;товары для кухни;дом_brand_007;low;2024-08-11;630;0.332;4.27;10;1;tube;white;4;743;1;513
5000762;100021;Дом;текстиль;дом_brand_080;low;2025-03-31;760;0.263;4.71;83;1;box;green;11;618;0;104
5000763;100021;Дом;товары для кухни;дом_brand_114;mid;2024-11-10;3760;0.231;4.89;88;1;bag;red;5;672;0;1369
5000764;100021;Дом;товары для кухни;дом_brand_010;high;2024-08-12;5930;0.258;4.89;459;1;box;red;7;890;0;555
5000765;100021;Дом;хранение;дом_brand_029;mid;2024-07-27;1590;0.258;04.04;33;0;bag;black;3;823;0;185
5000766;100021;Дом;текстиль;дом_brand_091;ultra_low;2024-08-04;310;0.461;3.74;18;1;tube;blue;5;712;0;1313
5000767;100021;Дом;текстиль;дом_brand_042;low;2024-08-25;710;0.172;04.09;101;1;blister;blue;6;327;0;1168
5000768;100021;Дом;хранение;дом_brand_007;mid;2024-11-18;3540;0.047;4.51;292;1;box;unknown;6;931;0;220
5000769;100021;Дом;декор;дом_brand_043;high;2024-10-17;4930;0.278;4.56;57;1;bag;red;10;822;0;327
5000770;100021;Дом;товары для кухни;дом_brand_014;high;2024-12-16;6120;0.493;4.5;16;1;bag;green;10;867;1;2052
5000771;100021;Дом;посуда;дом_brand_061;ultra_low;2025-09-30;480;0.343;3.85;30;1;blister;beige;7;347;0;538
5000772;100021;Дом;товары для кухни;дом_brand_043;low;2024-12-07;1390;0.277;4.7;47;1;box;black;4;498;1;354
5000773;100021;Дом;декор;дом_brand_065;low;2025-04-29;560;0.503;4.94;26;1;box;white;5;40;0;928
5000774;100021;Дом;товары для кухни;дом_brand_010;low;2024-08-25;720;0.418;4.69;51;1;unknown;beige;5;1231;1;871
5000775;100021;Дом;декор;дом_brand_019;low;2024-09-04;640;0.044;4.41;19;0;bag;green;7;654;0;333
5000776;100021;Дом;текстиль;дом_brand_102;low;2024-10-19;1010;0.274;4.67;147;1;unknown;white;9;997;1;541
5000777;100021;Дом;посуда;дом_brand_071;mid;2025-01-16;2420;0.103;4.7;4;1;box;green;5;886;0;107
5000778;100021;Дом;хранение;дом_brand_057;ultra_low;2024-08-07;470;0.293;3.71;26;1;tube;white;6;729;0;2064
5000779;100021;Дом;посуда;дом_brand_042;mid;2024-12-19;2050;0.338;3.86;71;1;unknown;beige;5;658;0;1172
5000780;100021;Дом;текстиль;дом_brand_014;low;2024-12-09;1270;0.183;4.17;66;1;box;white;11;1113;0;1765
5000781;100021;Дом;товары для кухни;дом_brand_010;high;2024-08-15;6150;0.531;4.95;48;1;box;red;6;663;0;502
5000782;100021;Дом;посуда;дом_brand_088;low;2024-08-27;870;0.068;4.32;24;0;box;blue;6;955;1;138
5000783;100021;Дом;хранение;дом_brand_001;mid;2025-03-01;2330;0.051;04.04;19;1;bag;unknown;13;829;1;1625
5000784;100021;Дом;товары для кухни;дом_brand_030;ultra_low;2024-08-11;450;0.221;3.84;68;1;unknown;black;4;547;1;928
5000785;100021;Дом;хранение;дом_brand_057;low;2024-08-08;610;0.121;4.21;32;1;blister;beige;8;488;0;93
5000786;100021;Дом;посуда;дом_brand_088;mid;2024-07-27;3150;0.21;3.96;19;1;blister;beige;6;956;1;472
5000787;100021;Дом;текстиль;дом_brand_021;low;2024-10-16;830;0.044;4.5;12;1;bag;red;5;288;0;619
5000788;100021;Дом;посуда;дом_brand_106;high;2024-08-19;4450;0.096;4.26;15;1;bag;blue;7;889;1;154
5000789;100021;Дом;посуда;дом_brand_039;low;2025-01-11;1410;0.052;4.16;39;1;box;red;12;1119;0;1086
5000790;100021;Дом;посуда;дом_brand_053;low;2025-07-17;740;0.287;4.64;199;1;bag;beige;3;538;0;327
5000791;100021;Дом;посуда;дом_brand_057;low;2024-08-26;1290;0.36;4.55;75;1;bag;beige;4;561;0;128
5000792;100021;Дом;декор;дом_brand_070;low;2024-12-19;910;0.341;4.65;37;1;box;beige;7;1030;1;251
5000793;100021;Дом;посуда;дом_brand_049;high;2024-09-19;5910;0.339;4.0;96;0;bag;blue;8;617;0;595
5000794;100021;Дом;хранение;дом_brand_019;mid;2024-11-29;2660;0.075;4.69;50;1;box;blue;7;241;1;859
5000795;100021;Дом;посуда;дом_brand_021;low;2024-09-05;750;0.238;4.55;29;1;unknown;unknown;11;734;0;689
5000796;100021;Дом;текстиль;дом_brand_003;high;2024-11-30;6270;0.12;3.96;9;1;box;white;9;458;0;137
5000797;100021;Дом;товары для кухни;дом_brand_067;ultra_low;2025-04-08;460;0.071;3.98;86;1;bag;green;6;394;0;1779
5000798;100021;Дом;декор;дом_brand_117;mid;2025-01-16;2310;0.064;5.0;73;1;blister;multicolor;2;675;0;783
5000799;100021;Дом;товары для кухни;дом_brand_080;mid;2024-08-14;2490;0.166;4.69;175;1;bag;black;6;805;0;902
5000800;100021;Дом;текстиль;дом_brand_099;mid;2024-11-11;1560;0.242;4.67;42;1;bag;red;10;808;1;372
5000801;100021;Дом;товары для кухни;дом_brand_071;ultra_low;2025-03-09;310;0.208;4.2;19;1;bag;red;7;480;0;954
5000802;100021;Дом;товары для кухни;дом_brand_042;ultra_low;2024-10-08;400;0.168;3.42;18;1;unknown;black;4;492;0;2442
5000803;100021;Дом;текстиль;дом_brand_009;mid;2025-08-11;1920;0.399;4.17;53;1;box;red;9;1079;0;1056
5000804;100021;Дом;товары для кухни;дом_brand_026;low;2024-08-27;970;0.27;4.52;116;1;box;multicolor;5;562;0;1702
5000805;100021;Дом;декор;дом_brand_115;ultra_low;2024-09-13;480;0.271;4.16;14;1;bag;green;4;416;0;347
5000806;100021;Дом;хранение;дом_brand_069;ultra_low;2024-12-12;350;0.088;4.44;122;1;tube;multicolor;7;1140;0;780
5000807;100021;Дом;текстиль;дом_brand_039;low;2024-11-27;1050;0.122;4.8;154;1;box;unknown;3;572;0;2018
5000808;100021;Дом;декор;дом_brand_106;mid;2024-11-09;1650;0.228;4.37;9;1;bag;black;3;517;0;426
5000809;100021;Дом;посуда;дом_brand_091;low;2024-12-11;630;0.395;4.47;119;1;box;green;6;646;0;256
5000810;100021;Дом;хранение;дом_brand_108;low;2024-10-19;670;0.12;4.67;68;1;box;multicolor;9;1220;1;276
5000811;100021;Дом;посуда;дом_brand_114;high;2024-08-03;6240;0.513;4.25;25;1;unknown;red;8;1089;0;205
5000812;100021;Дом;посуда;дом_brand_055;ultra_low;2024-10-31;390;0.568;4.7;6;1;unknown;unknown;5;718;0;483
5000813;100021;Дом;товары для кухни;дом_brand_011;low;2024-10-06;1280;0.122;3.83;3;0;bag;green;5;336;0;1113
5000814;100021;Дом;текстиль;дом_brand_112;high;2025-08-23;4720;0.157;04.08;4;1;box;blue;9;915;0;581
5000815;100021;Дом;хранение;дом_brand_081;low;2025-07-19;1180;0.058;4.86;63;1;box;multicolor;2;650;0;416
5000816;100021;Дом;текстиль;дом_brand_020;mid;2024-08-17;3990;0.083;4.14;28;1;tube;white;10;535;0;406
5000817;100021;Дом;посуда;дом_brand_047;low;2024-09-27;670;0.231;3.96;77;1;tube;black;7;596;1;148
5000818;100021;Дом;хранение;дом_brand_067;high;2025-02-18;5780;0.335;4.3;42;1;bag;red;5;1019;0;1599
5000819;100021;Дом;текстиль;дом_brand_053;mid;2025-06-11;2650;0.181;04.08;56;1;bag;white;4;621;0;103
5000820;100021;Дом;текстиль;дом_brand_068;low;2024-12-14;1070;0.289;3.81;10;1;box;white;7;850;0;163
5000821;100021;Дом;посуда;дом_brand_117;mid;2024-12-01;2550;0.404;4.4;70;1;box;green;7;360;0;159
5000822;100021;Дом;посуда;дом_brand_049;ultra_low;2025-01-08;400;0.188;4.63;4;1;box;black;3;853;1;395
5000823;100021;Дом;хранение;дом_brand_050;mid;2024-08-24;2790;0.178;4.62;80;1;bag;red;4;396;1;713
5000824;100021;Дом;декор;дом_brand_014;high;2024-08-01;5070;0.364;4.72;275;1;box;white;3;853;0;902
5000825;100021;Дом;товары для кухни;дом_brand_058;high;2024-09-19;5340;0.208;4.23;103;1;tube;black;9;603;0;322
5000826;100021;Дом;декор;дом_brand_058;ultra_low;2025-08-14;390;0.123;3.87;20;1;box;red;4;311;1;1013
5000827;100021;Дом;посуда;дом_brand_112;mid;2024-11-02;2680;0.279;4.24;19;1;box;green;1;602;0;175
5000828;100021;Дом;посуда;дом_brand_010;mid;2024-12-06;3170;0.357;4.17;33;1;tube;white;5;885;1;592
5000829;100021;Дом;посуда;дом_brand_057;high;2024-11-11;4280;0.112;4.44;47;1;box;unknown;5;617;0;772
5000830;100021;Дом;текстиль;дом_brand_105;high;2024-11-10;6620;0.411;4.71;23;1;bag;red;6;674;0;1808
5000831;100021;Дом;текстиль;дом_brand_007;mid;2024-10-23;3950;0.326;04.07;58;1;unknown;multicolor;2;659;0;280
5000832;100021;Дом;товары для кухни;дом_brand_101;mid;2025-01-10;2560;0.276;4.47;294;1;box;multicolor;6;527;0;263
5000833;100021;Дом;декор;дом_brand_025;mid;2024-08-01;2960;0.462;3.86;26;1;box;unknown;3;994;1;259
5000834;100021;Дом;хранение;дом_brand_026;low;2025-07-07;710;0.439;4.39;24;1;box;black;8;549;0;318
5000835;100021;Дом;хранение;дом_brand_064;ultra_low;2024-11-12;460;0.304;4.32;10;1;unknown;beige;4;776;0;457
5000836;100021;Дом;посуда;дом_brand_083;mid;2025-03-24;2930;0.215;3.51;27;1;box;black;7;932;0;450
5000837;100021;Дом;товары для кухни;дом_brand_087;low;2024-09-18;670;0.274;3.83;47;1;box;black;7;688;0;117
5000838;100021;Дом;посуда;дом_brand_116;low;2024-09-16;760;0.018;4.62;5;1;blister;red;9;772;0;158
5000839;100021;Дом;декор;дом_brand_065;high;2025-01-25;6640;0.081;04.01;7;1;bag;unknown;8;863;0;795
5000840;100021;Дом;товары для кухни;дом_brand_087;low;2024-09-12;990;0.245;4.58;112;1;box;blue;6;527;1;438
5000841;100021;Дом;товары для кухни;дом_brand_030;ultra_low;2025-09-12;350;0.152;4.38;73;1;unknown;green;4;807;1;1030
5000842;100021;Дом;хранение;дом_brand_082;low;2024-11-22;1240;0.535;4.16;12;1;unknown;red;2;390;0;176
5000843;100021;Дом;товары для кухни;дом_brand_104;high;2024-08-16;5590;0.305;4.39;109;1;bag;blue;2;856;1;88
5000844;100021;Дом;хранение;дом_brand_095;high;2024-08-01;6910;0.219;4.11;35;1;bag;red;11;694;0;296
5000845;100021;Дом;хранение;дом_brand_117;high;2024-07-21;4370;0.283;4.62;18;1;unknown;beige;7;943;0;108
5000846;100021;Дом;декор;дом_brand_074;high;2024-07-24;5880;0.478;4.0;90;1;box;green;5;737;1;1441
5000847;100021;Дом;хранение;дом_brand_060;mid;2024-12-29;2010;0.09;4.17;275;1;box;red;5;482;0;481
5000848;100021;Дом;текстиль;дом_brand_067;mid;2025-03-02;1870;0.246;04.03;15;1;tube;unknown;4;898;1;231
5000849;100021;Дом;хранение;дом_brand_024;mid;2025-07-07;2000;0.232;3.34;7;1;box;white;3;703;1;471
5000850;100021;Дом;хранение;дом_brand_040;mid;2025-04-15;2740;0.065;4.18;104;1;box;white;5;594;0;1672
5000851;100021;Дом;хранение;дом_brand_002;low;2024-07-25;600;0.234;4.3;26;1;box;red;6;1031;0;525
5000852;100021;Дом;посуда;дом_brand_035;low;2025-07-30;690;0.468;4.46;24;1;blister;beige;6;279;0;213
5000853;100021;Дом;посуда;дом_brand_056;mid;2024-07-29;2080;0.553;4.41;96;1;bag;blue;6;882;0;211
5000854;100021;Дом;товары для кухни;дом_brand_076;low;2025-05-21;520;0.089;3.92;20;1;bag;white;4;720;0;590
5000855;100021;Дом;посуда;дом_brand_064;mid;2025-07-14;1810;0.31;4.39;53;1;box;unknown;4;673;0;1273
5000856;100021;Дом;текстиль;дом_brand_054;ultra_low;2024-09-02;370;0.323;4.41;26;1;box;black;4;952;0;127
5000857;100021;Дом;посуда;дом_brand_061;high;2024-10-12;7260;0.23;3.75;2;1;box;black;8;590;0;1002
5000858;100021;Дом;текстиль;дом_brand_091;ultra_low;2024-07-31;330;0.397;4.34;183;1;bag;blue;8;870;1;1201
5000859;100021;Дом;товары для кухни;дом_brand_090;mid;2024-07-29;2050;0.015;4.64;22;1;box;green;6;506;0;263
5000860;100021;Дом;товары для кухни;дом_brand_065;low;2025-05-22;1160;0.149;04.03;33;1;bag;white;9;269;0;304
5000861;100021;Дом;декор;дом_brand_091;low;2024-08-18;760;0.501;4.11;67;1;blister;blue;6;1181;0;281
5000862;100021;Дом;декор;дом_brand_021;ultra_low;2024-07-20;400;0.137;3.39;31;1;blister;blue;1;472;0;1058
5000863;100021;Дом;посуда;дом_brand_036;mid;2024-07-26;2250;0.165;4.6;49;1;bag;black;6;445;0;901
5000864;100021;Дом;товары для кухни;дом_brand_032;high;2024-07-21;5290;0.206;4.21;52;1;blister;black;5;466;0;160
5000865;100021;Дом;посуда;дом_brand_090;mid;2024-10-10;2750;0.461;4.91;36;1;blister;blue;5;793;0;226
5000866;100021;Дом;текстиль;дом_brand_118;low;2025-06-28;620;0.383;4.7;70;1;box;red;11;304;0;616
5000867;100021;Дом;хранение;дом_brand_037;mid;2024-08-15;2520;0.076;4.92;40;1;box;multicolor;9;620;0;601
5000868;100021;Дом;декор;дом_brand_073;low;2024-10-11;610;0.446;4.64;48;1;unknown;red;8;740;0;6372
5000869;100021;Дом;посуда;дом_brand_012;high;2024-08-17;5380;0.031;4.29;13;1;bag;unknown;7;873;0;193
5000870;100021;Дом;хранение;дом_brand_107;high;2024-11-16;4210;0.138;04.01;22;1;box;green;9;342;0;133
5000871;100021;Дом;декор;дом_brand_078;high;2024-08-16;7590;0.033;4.49;18;1;bag;unknown;4;766;0;736
5000872;100021;Дом;текстиль;дом_brand_087;low;2025-11-11;1400;0.241;4.59;14;1;unknown;blue;3;456;1;293
5000873;100021;Дом;хранение;дом_brand_048;high;2024-11-21;5540;0.309;04.04;42;1;bag;white;4;938;0;388
5000874;100021;Дом;товары для кухни;дом_brand_111;low;2025-02-04;1300;0.279;3.56;100;1;tube;white;6;809;0;578
5000875;100021;Дом;товары для кухни;дом_brand_075;mid;2024-09-28;3940;0.212;4.63;62;1;bag;black;2;793;0;213
5000876;100021;Дом;декор;дом_brand_042;high;2025-01-12;5840;0.137;4.85;59;1;box;unknown;9;648;0;544
5000877;100021;Дом;декор;дом_brand_037;low;2025-02-11;1110;0.147;4.31;44;1;tube;multicolor;7;664;1;72
5000878;100021;Дом;текстиль;дом_brand_004;mid;2025-07-16;2650;0.349;4.18;30;1;unknown;unknown;6;667;0;901
5000879;100021;Дом;товары для кухни;дом_brand_076;high;2024-08-10;7440;0.265;4.59;110;1;tube;black;6;58;0;262
5000880;100021;Дом;посуда;дом_brand_048;low;2024-10-28;650;0.014;4.2;89;1;box;blue;5;641;1;386
5000881;100021;Дом;текстиль;дом_brand_037;low;2024-08-18;1480;0.017;4.61;86;1;unknown;beige;6;779;0;740
5000882;100021;Дом;хранение;дом_brand_060;mid;2024-09-01;1530;0.358;4.68;44;1;bag;red;5;1175;1;143
5000883;100021;Дом;товары для кухни;дом_brand_033;low;2024-12-31;1170;0.058;4.39;121;1;bag;red;4;190;1;1262
5000884;100021;Дом;текстиль;дом_brand_019;low;2024-12-18;800;0.283;4.3;70;1;box;green;7;311;0;315
5000885;100021;Дом;посуда;дом_brand_017;low;2024-12-12;1150;0.072;3.96;51;1;box;green;11;634;1;284
5000886;100021;Дом;хранение;дом_brand_088;mid;2025-07-22;1970;0.301;4.54;35;1;blister;white;8;1315;1;1000
5000887;100021;Дом;хранение;дом_brand_086;low;2024-08-15;620;0.099;4.36;17;1;bag;unknown;4;613;1;532
5000888;100021;Дом;декор;дом_brand_034;mid;2024-09-06;3450;0.427;4.45;80;1;unknown;multicolor;6;404;0;430
5000889;100021;Дом;декор;дом_brand_031;low;2024-08-06;550;0.129;4.18;45;1;bag;unknown;9;1076;0;183
5000890;100021;Дом;текстиль;дом_brand_085;high;2024-11-26;5250;0.256;3.93;31;1;bag;multicolor;9;712;0;91
5000891;100021;Дом;посуда;дом_brand_098;low;2025-08-29;1060;0.228;4.47;29;1;bag;black;6;311;0;1373
5000892;100021;Дом;текстиль;дом_brand_113;high;2024-12-16;4460;0.124;4.27;70;1;tube;white;10;779;0;1177
5000893;100021;Дом;декор;дом_brand_036;ultra_low;2024-09-23;380;0.214;4.65;29;1;tube;green;4;598;1;349
5000894;100021;Дом;товары для кухни;дом_brand_077;low;2025-01-04;630;0.389;4.61;19;1;box;green;6;320;0;1829
5000895;100021;Дом;хранение;дом_brand_108;low;2025-02-09;690;0.203;4.58;41;1;box;multicolor;6;491;1;417
5000896;100021;Дом;посуда;дом_brand_100;mid;2024-12-02;1590;0.139;4.59;10;1;box;unknown;5;1014;0;2885
5000897;100021;Дом;товары для кухни;дом_brand_016;ultra_low;2024-12-06;460;0.321;4.32;6;0;box;green;5;663;0;2366
5000898;100021;Дом;товары для кухни;дом_brand_034;low;2024-08-10;1280;0.053;4.31;21;1;unknown;black;6;971;0;2351
5000899;100021;Дом;посуда;дом_brand_010;ultra_low;2025-01-20;480;0.089;4.12;8;1;box;beige;5;626;1;88
5000900;100021;Дом;посуда;дом_brand_089;mid;2025-07-19;1530;0.158;4.22;14;1;blister;blue;3;743;1;1616
5000901;100021;Дом;хранение;дом_brand_052;high;2024-12-05;5890;0.291;4.6;46;1;unknown;multicolor;5;429;1;347
5000902;100021;Дом;текстиль;дом_brand_005;high;2025-04-23;7510;0.282;3.77;2;1;box;green;5;911;0;841
5000903;100021;Дом;декор;дом_brand_048;low;2025-02-04;580;0.482;5.0;90;1;unknown;green;5;890;0;469
5000904;100021;Дом;товары для кухни;дом_brand_072;mid;2025-04-24;1650;0.403;4.3;62;1;tube;black;7;879;1;4982
5000905;100021;Дом;текстиль;дом_brand_005;mid;2024-11-25;3210;0.339;4.1;6;1;box;red;5;294;0;109
5000906;100021;Дом;текстиль;дом_brand_115;high;2024-08-19;6400;0.138;4.27;96;1;bag;beige;2;540;1;1243
5000907;100021;Дом;декор;дом_brand_042;mid;2025-04-01;2210;0.024;4.41;26;1;bag;beige;6;639;1;1048
5000908;100021;Дом;декор;дом_brand_013;mid;2025-08-04;3150;0.232;3.92;9;1;box;blue;3;274;0;399
5000909;100021;Дом;посуда;дом_brand_057;ultra_low;2025-03-31;320;0.094;4.27;76;1;bag;green;6;773;0;898
5000910;100021;Дом;хранение;дом_brand_005;mid;2025-02-18;1560;0.186;3.9;7;1;box;red;7;942;0;1680
5000911;100021;Дом;посуда;дом_brand_013;low;2024-11-27;1000;0.162;3.99;36;1;unknown;red;5;753;0;706
5000912;100021;Дом;товары для кухни;дом_brand_032;mid;2024-12-27;2220;0.401;4.23;23;1;bag;red;7;907;0;102
5000913;100021;Дом;посуда;дом_brand_024;mid;2025-07-05;2640;0.092;04.09;14;1;unknown;unknown;5;510;0;335
5000914;100021;Дом;посуда;дом_brand_012;low;2024-09-16;1260;0.3;4.69;32;1;unknown;green;7;732;0;293
5000915;100021;Дом;посуда;дом_brand_067;ultra_low;2024-11-02;360;0.519;4.98;35;1;tube;beige;3;763;0;517
5000916;100021;Дом;декор;дом_brand_029;low;2024-10-14;1230;0.177;3.89;49;1;tube;blue;9;486;1;777
5000917;100021;Дом;посуда;дом_brand_081;low;2024-10-06;1000;0.416;4.42;253;1;box;red;11;1206;0;639
5000918;100021;Дом;товары для кухни;дом_brand_069;low;2024-10-01;1140;0.04;3.81;13;1;bag;green;2;833;1;322
5000919;100021;Дом;товары для кухни;дом_brand_034;ultra_low;2024-10-13;370;0.44;4.82;24;1;bag;white;7;845;0;214
5000920;100021;Дом;декор;дом_brand_066;low;2024-08-05;860;0.191;4.61;86;1;bag;unknown;5;872;0;617
5000921;100021;Дом;товары для кухни;дом_brand_051;low;2025-02-11;590;0.182;3.95;83;1;box;green;6;459;1;573
5000922;100021;Дом;товары для кухни;дом_brand_042;mid;2024-11-15;2100;0.011;3.87;62;1;bag;red;4;845;1;319
5000923;100021;Дом;товары для кухни;дом_brand_046;high;2024-12-22;7430;0.259;4.63;77;1;box;blue;10;827;0;390
5000924;100021;Дом;текстиль;дом_brand_097;low;2024-08-13;1140;0.413;4.32;77;1;box;beige;2;397;0;633
5000925;100021;Дом;хранение;дом_brand_057;mid;2024-09-21;1730;0.021;4.47;11;1;tube;multicolor;6;636;0;1300
5000926;100021;Дом;текстиль;дом_brand_047;high;2024-11-21;5390;0.107;04.04;51;1;blister;multicolor;7;332;0;282
5000927;100021;Дом;декор;дом_brand_014;low;2024-11-21;880;0.219;4.55;55;1;box;black;10;749;1;765
5000928;100021;Дом;посуда;дом_brand_040;ultra_low;2025-08-19;350;0.138;4.3;118;1;blister;red;4;465;0;130
5000929;100021;Дом;хранение;дом_brand_005;low;2024-08-21;550;0.226;4.16;22;1;box;red;4;957;0;266
5000930;100021;Дом;текстиль;дом_brand_089;ultra_low;2025-03-24;480;0.02;4.77;125;1;box;beige;4;218;0;166
5000931;100021;Дом;хранение;дом_brand_034;ultra_low;2024-07-28;500;0.41;4.39;4;1;box;beige;5;1174;0;302
5000932;100021;Дом;текстиль;дом_brand_031;ultra_low;2025-04-26;370;0.19;4.5;32;1;unknown;green;13;71;1;737
5000933;100021;Дом;посуда;дом_brand_052;low;2025-01-06;860;0.145;4.17;75;1;tube;black;7;431;0;734
5000934;100021;Дом;хранение;дом_brand_090;high;2025-07-04;7660;0.014;4.76;6;1;box;multicolor;4;437;0;156
5000935;100021;Дом;текстиль;дом_brand_072;mid;2024-08-14;2600;0.368;4.44;49;1;box;red;7;383;0;443
5000936;100021;Дом;текстиль;дом_brand_070;low;2024-10-18;520;0.093;4.36;9;1;box;unknown;7;241;0;371
5000937;100021;Дом;декор;дом_brand_079;mid;2025-07-16;2170;0.391;4.3;10;1;unknown;green;3;1187;0;759
5000938;100021;Дом;декор;дом_brand_101;mid;2024-09-20;3380;0.279;4.55;56;1;bag;blue;13;998;1;226
5000939;100021;Дом;посуда;дом_brand_117;low;2024-09-05;1010;0.306;4.25;71;1;box;multicolor;5;461;0;788
5000940;100021;Дом;декор;дом_brand_071;ultra_low;2024-07-23;450;0.184;4.25;33;1;tube;green;6;726;0;32
5000941;100021;Дом;посуда;дом_brand_047;mid;2024-10-31;3460;0.009;4.4;17;1;box;blue;6;608;0;748
5000942;100021;Дом;декор;дом_brand_062;mid;2025-02-11;2170;0.331;4.58;9;1;bag;unknown;3;796;0;929
5000943;100021;Дом;хранение;дом_brand_087;mid;2025-01-21;3400;0.232;4.47;17;1;blister;blue;15;969;0;424
5000944;100021;Дом;текстиль;дом_brand_057;mid;2025-02-22;2270;0.26;4.39;35;1;blister;blue;8;1051;0;70
5000945;100021;Дом;текстиль;дом_brand_048;ultra_low;2025-05-08;300;0.205;04.06;52;1;box;blue;5;914;1;678
5000946;100021;Дом;посуда;дом_brand_036;high;2025-04-08;5430;0.394;4.41;162;1;bag;beige;10;1034;0;387
5000947;100021;Дом;хранение;дом_brand_023;low;2025-01-31;600;0.082;4.76;33;1;unknown;black;3;490;1;2542
5000948;100022;Электроника;смарт-устройства;электроника_brand_025;low;2024-05-11;600;0.161;3.9;264;1;box;black;4;989;0;430
5000949;100022;Электроника;смарт-устройства;электроника_brand_101;premium;2024-06-04;17060;0.123;4.49;63;1;box;beige;7;468;0;245
5000950;100022;Электроника;смарт-устройства;электроника_brand_098;mid;2024-02-12;3560;0.244;4.4;28;1;box;white;6;692;0;1779
5000951;100022;Электроника;аудио;электроника_brand_076;premium;2024-09-04;11060;0.76;3.79;42;1;tube;multicolor;5;738;1;964
5000952;100022;Электроника;аудио;электроника_brand_015;low;2024-05-31;1140;0.142;4.48;64;1;box;green;7;529;0;680
5000953;100022;Электроника;смарт-устройства;электроника_brand_107;high;2024-01-26;8930;0.102;4.48;31;1;bag;beige;10;448;0;960
5000954;100022;Электроника;смарт-устройства;электроника_brand_007;mid;2024-02-08;3090;0.044;4.79;85;1;blister;unknown;6;782;0;154
5000955;100022;Электроника;аудио;электроника_brand_049;mid;2024-01-31;3780;0.5;4.26;45;1;box;multicolor;6;389;1;280
5000956;100022;Электроника;аудио;электроника_brand_057;low;2024-02-15;1130;0.26;4.34;9;1;box;green;6;534;0;511
5000957;100022;Электроника;аксессуары;электроника_brand_051;low;2024-01-29;850;0.166;4.46;43;1;unknown;red;4;1012;1;1911
5000958;100022;Электроника;аксессуары;электроника_brand_119;premium;2024-02-28;14040;0.168;3.98;53;0;blister;unknown;8;390;0;698
5000959;100022;Электроника;аксессуары;электроника_brand_005;mid;2024-01-18;3040;0.174;3.98;56;1;blister;multicolor;5;306;0;250
5000960;100022;Электроника;смарт-устройства;электроника_brand_101;low;2024-02-01;1130;0.225;4.35;12;1;unknown;blue;5;636;0;217
5000961;100022;Электроника;аудио;электроника_brand_066;mid;2024-03-16;2290;0.01;3.49;23;1;bag;blue;2;726;0;2820
5000962;100022;Электроника;аксессуары;электроника_brand_099;high;2024-03-16;5910;0.243;4.27;14;1;bag;white;7;286;0;1133
5000963;100022;Электроника;смарт-устройства;электроника_brand_098;low;2024-01-21;690;0.153;3.91;83;1;tube;white;5;914;0;457
5000964;100022;Электроника;смарт-устройства;электроника_brand_063;mid;2024-10-09;1830;0.03;4.4;50;1;bag;blue;5;736;1;1319
5000965;100022;Электроника;смарт-устройства;электроника_brand_025;low;2024-11-04;590;0.087;3.98;34;1;bag;multicolor;3;795;1;150
5000966;100022;Электроника;аудио;электроника_brand_011;premium;2024-08-12;10930;0.474;4.4;72;1;box;white;11;962;0;809
5000967;100022;Электроника;смарт-устройства;электроника_brand_021;low;2024-05-29;660;0.192;04.08;116;1;blister;green;6;731;0;231
5000968;100022;Электроника;мелкая техника;электроника_brand_112;low;2024-12-06;1100;0.175;4.26;9;1;box;white;8;629;0;99
5000969;100022;Электроника;аудио;электроника_brand_113;premium;2024-03-26;12350;0.145;4.53;46;1;box;unknown;4;834;0;2040
5000970;100022;Электроника;мелкая техника;электроника_brand_071;mid;2024-02-14;1600;0.513;3.66;47;1;bag;black;9;972;0;752
5000971;100022;Электроника;аксессуары;электроника_brand_063;high;2024-10-14;5470;0.095;3.86;38;1;unknown;blue;7;654;1;1221
5000972;100022;Электроника;аксессуары;электроника_brand_019;high;2024-04-05;6170;0.37;3.35;78;1;tube;red;8;651;1;953
5000973;100022;Электроника;мелкая техника;электроника_brand_095;low;2024-05-31;610;0.247;4.91;47;1;bag;green;4;496;1;1756
5000974;100022;Электроника;смарт-устройства;электроника_brand_091;high;2024-01-22;5560;0.224;4.23;14;1;box;blue;8;866;1;280
5000975;100022;Электроника;аксессуары;электроника_brand_036;high;2024-03-02;6090;0.268;4.34;29;1;tube;unknown;5;840;0;2045
5000976;100022;Электроника;аксессуары;электроника_brand_045;mid;2024-11-11;3810;0.077;4.42;16;1;box;unknown;8;769;0;161
5000977;100022;Электроника;мелкая техника;электроника_brand_010;low;2024-03-26;740;0.529;04.08;13;1;unknown;black;6;491;0;158
5000978;100022;Электроника;мелкая техника;электроника_brand_063;premium;2024-03-14;9700;0.114;4.48;13;0;box;multicolor;7;195;0;430
5000979;100022;Электроника;аксессуары;электроника_brand_039;mid;2024-12-19;1840;0.185;3.98;208;1;bag;black;5;845;1;296
5000980;100022;Электроника;мелкая техника;электроника_brand_038;premium;2024-10-09;9260;0.201;4.34;49;1;bag;multicolor;5;833;0;237
5000981;100022;Электроника;мелкая техника;электроника_brand_046;mid;2024-08-12;1880;0.264;4.8;70;1;bag;red;5;653;0;200
5000982;100022;Электроника;смарт-устройства;электроника_brand_015;premium;2024-12-27;17930;0.1;04.07;111;1;blister;white;7;922;0;85
5000983;100022;Электроника;аудио;электроника_brand_062;premium;2024-02-07;9400;0.163;3.64;8;1;tube;red;7;1076;1;136
5000984;100022;Электроника;мелкая техника;электроника_brand_094;mid;2024-06-15;1750;0.081;4.4;9;1;unknown;white;4;484;0;1746
5000985;100022;Электроника;смарт-устройства;электроника_brand_115;low;2024-07-31;960;0.724;4.22;15;1;bag;unknown;4;746;0;1251
5000986;100022;Электроника;аксессуары;электроника_brand_037;high;2024-07-07;5670;0.514;4.58;74;1;box;red;6;582;0;442
5000987;100022;Электроника;смарт-устройства;электроника_brand_052;low;2024-05-15;640;0.152;4.77;109;1;bag;multicolor;7;513;1;724
5000988;100022;Электроника;мелкая техника;электроника_brand_108;mid;2024-05-10;2030;0.087;4.23;14;1;box;multicolor;3;753;0;713
5000989;100022;Электроника;аудио;электроника_brand_081;low;2024-05-19;690;0.321;04.01;66;1;bag;green;5;434;0;63
5000990;100022;Электроника;аудио;электроника_brand_093;premium;2024-02-16;15480;0.193;3.84;26;1;box;blue;4;143;0;580
5000991;100022;Электроника;аудио;электроника_brand_031;mid;2024-06-03;2960;0.212;3.85;25;1;unknown;multicolor;6;498;0;1115
5000992;100022;Электроника;смарт-устройства;электроника_brand_025;low;2024-07-28;860;0.215;4.35;31;1;box;multicolor;7;406;0;173
5000993;100022;Электроника;аксессуары;электроника_brand_020;low;2024-06-05;640;0.497;4.41;68;1;unknown;beige;6;466;1;373
5000994;100022;Электроника;смарт-устройства;электроника_brand_004;high;2024-04-19;4720;0.14;4.67;21;1;tube;white;6;775;0;63
5000995;100022;Электроника;аксессуары;электроника_brand_119;high;2024-05-11;6480;0.23;3.75;27;0;box;black;5;591;1;3018
5000996;100022;Электроника;мелкая техника;электроника_brand_013;high;2024-02-16;4490;0.082;3.61;17;1;box;multicolor;3;804;0;422
5000997;100022;Электроника;аудио;электроника_brand_110;mid;2024-02-17;2020;0.079;4.45;97;1;unknown;multicolor;6;890;0;316
5000998;100022;Электроника;мелкая техника;электроника_brand_118;premium;2025-02-25;9530;0.19;3.2;2;1;box;black;11;805;0;674
5000999;100022;Электроника;мелкая техника;электроника_brand_067;low;2024-04-09;1080;0.034;3.95;27;1;bag;multicolor;5;325;0;66