Column1;user_id;user_registration_dt;platform;region_cluster;gender;age;push_enabled_flag;fav_category_1;fav_category_2;fav_category_3;last_purchase_dt;frequency_orders;monetary_sum;avg_order_value;recency_days;app_version;device_price_bucket;email_subscribed_flag;dark_theme_flag
0;9000001;22.07.2025;Android;Центр;female;23;1;Дом;Одежда;Красота;24.01.2026;1;596.75;596.75;96;7.4;mid;0;0
1;9000002;09.04.2026;Android;Поволжье;male;40;1;Обувь;Обувь;Красота;;0;0.0;0.0;999;8.1;mid;0;1
2;9000003;06.11.2023;iOS;Поволжье;female;48;1;Красота;Одежда;Одежда;;0;0.0;0.0;999;7.4;low;0;0
3;9000004;18.07.2025;Android;Дальний Восток;male;36;1;Аксессуары;Детские товары;Обувь;07.04.2026;1;1299.2;1299.2;23;7.2;low;0;0
4;9000005;16.01.2026;Android;Урал;male;34;0;Аксессуары;Дом;Обувь;;0;0.0;0.0;999;7.3;high;1;0
5;9000006;13.08.2025;Android;Сибирь;male;33;1;Канцелярия;Обувь;Одежда;;0;0.0;0.0;999;7.4;low;0;1
6;9000007;05.06.2025;iOS;Центр;female;30;1;Красота;Товары для животных;Одежда;16.01.2026;2;2482.94;1241.47;104;8.0;high;1;1
7;9000008;16.04.2023;Android;Дальний Восток;male;22;0;Товары для животных;Одежда;Одежда;;0;0.0;0.0;999;8.0;unknown;1;0
8;9000009;22.11.2025;Android;Поволжье;female;38;1;Одежда;Товары для животных;Спорт;23.04.2026;2;2750.44;1375.22;7;7.2;low;0;1
9;9000010;31.08.2024;Android;Сибирь;female;46;1;Электроника;Канцелярия;Дом;15.09.2025;1;44.56;44.56;227;7.4;low;0;0
10;9000011;19.12.2024;Android;Центр;female;31;1;Спорт;Канцелярия;Товары для животных;03.03.2026;2;387.49;193.745;58;7.4;high;1;0
11;9000012;23.08.2025;Android;Москва и МО;female;22;0;Детские товары;Красота;Одежда;11.02.2026;2;1434.92;717.46;78;7.3;low;1;0
12;9000013;25.11.2025;iOS;Дальний Восток;female;27;1;Товары для животных;Электроника;Электроника;;0;0.0;0.0;999;8.0;mid;0;1
13;9000014;10.07.2025;iOS;Юг;male;39;1;Дом;Одежда;Детские товары;21.04.2026;1;417.3;417.3;9;8.0;mid;0;0
14;9000015;05.11.2024;Web;Центр;female;33;0;Обувь;Детские товары;Электроника;13.01.2026;1;340.86;340.86;107;7.3;unknown;1;0
15;9000016;09.01.2025;iOS;Сибирь;male;55;1;Дом;Детские товары;Дом;25.03.2026;1;469.04;469.04;36;7.4;low;1;0
16;9000017;20.07.2024;iOS;Москва и МО;female;34;1;Одежда;Одежда;Электроника;19.04.2025;1;611.52;611.52;376;7.4;unknown;1;1
17;9000018;15.04.2025;Web;Москва и МО;unknown;54;1;Дом;Спорт;Красота;26.06.2025;1;699.3;699.3;308;7.2;low;0;1
18;9000019;21.11.2025;iOS;Москва и МО;female;33;1;Электроника;Дом;Детские товары;;0;0.0;0.0;999;7.4;mid;1;0
19;9000020;13.01.2026;iOS;Сибирь;female;51;1;Спорт;Аксессуары;Одежда;;0;0.0;0.0;999;7.1;high;1;0
20;9000021;08.01.2026;iOS;Москва и МО;male;40;1;Спорт;Красота;Дом;;0;0.0;0.0;999;7.3;mid;1;0
21;9000022;08.01.2025;Android;Москва и МО;male;43;1;Канцелярия;Товары для животных;Спорт;01.02.2026;3;1165.81;388.6033333333333;88;7.2;high;0;0
22;9000023;09.07.2023;Android;Центр;female;48;1;Дом;Электроника;Товары для животных;;0;0.0;0.0;999;8.0;mid;1;0
23;9000024;26.09.2024;Android;Москва и МО;male;41;1;Одежда;Красота;Красота;05.03.2026;2;5834.54;2917.27;56;7.4;mid;1;1
24;9000025;02.01.2024;Web;Урал;male;28;1;Спорт;Детские товары;Одежда;;0;0.0;0.0;999;7.3;low;1;1
25;9000026;29.12.2022;Android;Урал;female;21;1;Одежда;Обувь;Одежда;;0;0.0;0.0;999;7.4;mid;0;0
26;9000027;21.12.2022;iOS;Юг;unknown;38;1;Детские товары;Товары для животных;Дом;29.04.2026;1;567.06;567.06;1;8.1;high;1;1
27;9000028;14.12.2024;iOS;Поволжье;unknown;45;1;Спорт;Обувь;Дом;10.10.2025;2;9483.76;4741.88;202;8.0;unknown;1;0
28;9000029;26.08.2024;Android;Поволжье;female;21;0;Аксессуары;Спорт;Электроника;15.11.2025;3;5459.7;1819.9;166;7.2;high;1;0
29;9000030;11.09.2023;Android;Центр;female;28;1;Обувь;Красота;Дом;10.05.2025;2;2320.67;1160.335;355;8.0;mid;1;0
30;9000031;07.12.2023;Android;Юг;male;18;1;Дом;Одежда;Детские товары;07.12.2025;3;5300.540000000001;1766.846666666667;144;8.0;mid;1;1
31;9000032;19.09.2025;Android;Сибирь;male;60;1;Одежда;Товары для животных;Красота;11.04.2026;4;3886.6;971.65;19;7.1;unknown;1;0
32;9000033;09.03.2026;iOS;Санкт-Петербург;female;30;0;Дом;Одежда;Аксессуары;;0;0.0;0.0;999;8.0;low;1;1
33;9000034;12.04.2024;iOS;Москва и МО;male;40;1;Дом;Одежда;Одежда;;0;0.0;0.0;999;7.4;high;0;0
34;9000035;08.11.2023;Web;Сибирь;male;41;1;Одежда;Аксессуары;Дом;01.02.2026;4;9169.02;2292.255;88;7.3;mid;0;0
35;9000036;16.07.2025;Android;Дальний Восток;male;16;0;Обувь;Электроника;Товары для животных;;0;0.0;0.0;999;8.0;mid;0;1
36;9000037;11.12.2022;iOS;Москва и МО;male;50;1;Спорт;Одежда;Одежда;06.02.2025;1;1135.35;1135.35;448;7.1;mid;0;0
37;9000038;16.08.2025;Web;Урал;female;34;1;Детские товары;Одежда;Товары для животных;;0;0.0;0.0;999;8.1;mid;0;1
38;9000039;06.03.2025;Web;Москва и МО;female;42;0;Товары для животных;Одежда;Канцелярия;21.06.2025;1;360.8;360.8;313;7.1;mid;0;0
39;9000040;25.02.2023;iOS;Центр;female;46;1;Красота;Аксессуары;Электроника;01.05.2025;2;9331.71;4665.8550000000005;364;7.4;low;0;0
40;9000041;21.09.2024;Android;Санкт-Петербург;female;27;1;Дом;Красота;Одежда;01.09.2025;2;3386.8;1693.4;241;8.1;low;0;0
41;9000042;16.07.2024;Web;Санкт-Петербург;female;40;0;Одежда;Дом;Дом;16.08.2025;4;6977.14;1744.285;257;8.1;mid;1;1
42;9000043;22.07.2025;iOS;Москва и МО;female;47;1;Дом;Одежда;Красота;26.01.2026;1;1870.39;1870.39;94;8.0;mid;0;0
43;9000044;06.01.2024;Android;Сибирь;female;36;1;Обувь;Электроника;Дом;;0;0.0;0.0;999;7.4;mid;1;0
44;9000045;24.09.2024;Web;Юг;female;31;1;Дом;Одежда;Электроника;31.05.2025;1;2576.64;2576.64;334;7.4;high;1;0
45;9000046;04.11.2025;iOS;Центр;unknown;35;1;Аксессуары;Электроника;Обувь;;0;0.0;0.0;999;7.4;high;1;1
46;9000047;03.07.2024;Android;Поволжье;male;30;1;Одежда;Детские товары;Одежда;31.05.2025;1;3169.66;3169.66;334;7.4;low;1;1
47;9000048;25.02.2026;Web;Центр;male;55;0;Товары для животных;Одежда;Одежда;;0;0.0;0.0;999;8.1;high;0;0
48;9000049;04.07.2024;iOS;Юг;female;34;1;Одежда;Товары для животных;Дом;22.09.2024;1;406.7;406.7;585;7.3;unknown;1;0
49;9000050;08.12.2023;iOS;Москва и МО;female;46;0;Спорт;Красота;Дом;12.02.2026;3;9099.23;3033.0766666666664;77;7.3;mid;0;0
50;9000051;22.03.2023;Web;Центр;female;27;1;Одежда;Электроника;Красота;09.04.2026;3;7201.01;2400.3366666666666;21;7.4;unknown;1;0
51;9000052;28.06.2024;iOS;Юг;female;26;1;Спорт;Дом;Детские товары;15.01.2026;2;4282.0;2141.0;105;8.1;low;1;0
52;9000053;22.01.2025;iOS;Урал;female;45;1;Электроника;Красота;Детские товары;;0;0.0;0.0;999;7.3;mid;0;1
53;9000054;25.02.2024;iOS;Москва и МО;female;31;1;Красота;Одежда;Одежда;26.04.2026;1;1215.4;1215.4;4;8.0;mid;1;0
54;9000055;22.07.2023;Android;Сибирь;female;24;0;Одежда;Товары для животных;Одежда;07.02.2025;1;687.96;687.96;447;7.2;low;1;0
55;9000056;27.10.2025;iOS;Москва и МО;unknown;33;1;Обувь;Одежда;Товары для животных;;0;0.0;0.0;999;8.0;mid;1;0
56;9000057;21.06.2023;iOS;Юг;female;16;1;Одежда;Обувь;Спорт;04.11.2025;3;15186.34;5062.113333333334;177;7.3;low;1;1
57;9000058;15.08.2023;iOS;Поволжье;female;30;0;Спорт;Детские товары;Спорт;18.02.2026;2;1931.28;965.64;71;8.0;mid;1;0
58;9000059;17.03.2024;iOS;Центр;unknown;41;1;Обувь;Электроника;Обувь;08.09.2024;1;1752.78;1752.78;599;7.3;low;0;0
59;9000060;03.08.2023;Android;Сибирь;female;42;0;Одежда;Аксессуары;Товары для животных;23.07.2025;2;6731.78;3365.89;281;8.1;high;0;1
60;9000061;14.08.2025;Android;Центр;male;53;1;Детские товары;Одежда;Электроника;12.12.2025;2;6999.2;3499.6;139;7.3;unknown;0;1
61;9000062;09.05.2024;iOS;Урал;female;40;1;Детские товары;Одежда;Спорт;01.02.2026;5;5166.39;1033.278;88;7.4;mid;1;1
62;9000063;06.05.2023;Android;Москва и МО;male;24;0;Красота;Одежда;Аксессуары;;0;0.0;0.0;999;7.2;unknown;1;0
63;9000064;26.03.2023;Android;Урал;male;40;1;Дом;Одежда;Детские товары;04.04.2026;2;7258.4;3629.2;26;7.4;mid;1;0
64;9000065;30.06.2023;Android;Центр;male;39;1;Дом;Одежда;Электроника;22.01.2025;1;2710.4;2710.4;463;7.1;mid;0;1
65;9000066;02.08.2023;iOS;Юг;female;45;1;Дом;Одежда;Аксессуары;15.03.2026;2;8822.52;4411.26;46;8.0;high;1;1
66;9000067;23.01.2023;Android;Санкт-Петербург;male;24;0;Канцелярия;Дом;Обувь;28.09.2025;2;6288.9400000000005;3144.4700000000003;214;7.3;mid;1;1
67;9000068;22.12.2023;Android;Центр;male;33;0;Дом;Красота;Детские товары;;0;0.0;0.0;999;7.3;low;1;1
68;9000069;15.03.2023;Android;Юг;female;28;1;Одежда;Спорт;Электроника;26.12.2025;1;5717.53;5717.53;125;8.1;high;0;0
69;9000070;23.09.2025;Android;Юг;male;34;1;Одежда;Электроника;Детские товары;28.10.2025;1;662.16;662.16;184;7.1;unknown;1;0
70;9000071;09.01.2025;iOS;Поволжье;male;25;1;Канцелярия;Красота;Товары для животных;07.12.2025;1;269.76;269.76;144;8.1;mid;1;0
71;9000072;07.07.2023;Web;Сибирь;male;28;1;Электроника;Спорт;Аксессуары;06.12.2025;1;296.96;296.96;145;8.1;low;1;1
72;9000073;19.11.2023;Android;Москва и МО;female;38;1;Красота;Обувь;Аксессуары;19.04.2026;3;8099.599999999999;2699.8666666666663;11;7.4;mid;0;0
73;9000074;13.02.2026;iOS;Урал;unknown;35;1;Дом;Электроника;Аксессуары;;0;0.0;0.0;999;8.0;unknown;1;0
74;9000075;13.01.2024;iOS;Москва и МО;female;21;1;Канцелярия;Одежда;Обувь;01.01.2026;2;378.01;189.005;119;7.3;mid;1;0
75;9000076;10.10.2024;iOS;Москва и МО;female;30;0;Канцелярия;Товары для животных;Дом;19.02.2026;3;2420.3;806.7666666666668;70;7.1;high;1;1
76;9000077;16.07.2025;iOS;Москва и МО;female;34;0;Одежда;Красота;Спорт;25.12.2025;2;3099.97;1549.985;126;7.2;mid;1;0
77;9000078;19.02.2023;iOS;Москва и МО;female;21;1;Обувь;Дом;Красота;03.01.2026;3;3583.87;1194.6233333333332;117;7.3;unknown;1;1
78;9000079;25.08.2024;Android;Москва и МО;female;35;1;Дом;Обувь;Товары для животных;31.07.2025;1;735.84;735.84;273;7.3;mid;1;0
79;9000080;25.10.2022;Android;Юг;female;43;0;Детские товары;Электроника;Аксессуары;16.07.2025;2;13501.99;6750.995;288;7.4;mid;0;0
80;9000081;24.02.2025;Web;Урал;female;36;1;Обувь;Канцелярия;Аксессуары;24.12.2025;1;2847.9;2847.9;127;8.0;mid;1;0
81;9000082;23.11.2024;iOS;Москва и МО;unknown;37;1;Обувь;Одежда;Спорт;;0;0.0;0.0;999;8.1;high;1;0
82;9000083;30.05.2025;Android;Санкт-Петербург;female;40;1;Красота;Детские товары;Спорт;05.03.2026;1;7038.36;7038.36;56;8.0;mid;1;1
83;9000084;07.01.2026;Android;Санкт-Петербург;female;39;1;Детские товары;Электроника;Спорт;;0;0.0;0.0;999;7.3;mid;0;1
84;9000085;25.02.2023;iOS;Юг;male;42;0;Дом;Одежда;Детские товары;22.01.2026;3;3007.1099999999997;1002.37;98;7.4;mid;0;0
85;9000086;25.05.2023;iOS;Москва и МО;unknown;53;1;Одежда;Спорт;Товары для животных;;0;0.0;0.0;999;7.3;high;1;0
86;9000087;03.05.2024;Android;Москва и МО;unknown;29;1;Одежда;Красота;Электроника;25.03.2026;4;6871.01;1717.7525;36;7.1;high;1;0
87;9000088;08.07.2024;iOS;Санкт-Петербург;female;44;1;Аксессуары;Одежда;Красота;20.12.2025;2;3270.26;1635.13;131;7.4;mid;0;0
88;9000089;27.11.2025;Android;Поволжье;male;32;1;Обувь;Одежда;Красота;;0;0.0;0.0;999;7.4;high;0;1
89;9000090;22.12.2025;Web;Москва и МО;female;37;0;Одежда;Красота;Канцелярия;;0;0.0;0.0;999;8.0;mid;1;1
90;9000091;25.08.2025;Android;Дальний Восток;female;42;1;Одежда;Красота;Спорт;;0;0.0;0.0;999;8.0;mid;0;0
91;9000092;16.12.2023;Web;Сибирь;female;24;1;Канцелярия;Детские товары;Товары для животных;28.02.2025;3;1681.67;560.5566666666667;426;7.3;high;0;0
92;9000093;18.07.2023;Android;Урал;female;33;1;Детские товары;Аксессуары;Дом;18.02.2026;1;885.96;885.96;71;8.1;unknown;0;0
93;9000094;11.04.2024;Android;Санкт-Петербург;male;37;0;Одежда;Красота;Красота;09.06.2025;1;923.75;923.75;325;8.0;mid;1;0
94;9000095;18.04.2025;Android;Санкт-Петербург;female;46;1;Спорт;Одежда;Электроника;;0;0.0;0.0;999;8.0;unknown;0;0
95;9000096;19.06.2025;iOS;Москва и МО;female;31;1;Красота;Канцелярия;Красота;11.07.2025;1;661.55;661.55;293;7.1;low;1;1
96;9000097;05.04.2024;Web;Москва и МО;male;38;1;Одежда;Дом;Обувь;07.11.2025;1;212.4;212.4;174;8.0;low;1;0
97;9000098;28.01.2026;Web;Поволжье;female;25;1;Детские товары;Красота;Одежда;;0;0.0;0.0;999;7.2;mid;1;1
98;9000099;07.01.2026;Android;Дальний Восток;male;19;1;Одежда;Одежда;Дом;;0;0.0;0.0;999;8.1;unknown;1;1
99;9000100;23.03.2024;Android;Москва и МО;female;50;1;Одежда;Красота;Спорт;18.10.2025;4;5050.1;1262.525;194;8.1;high;1;0
100;9000101;01.11.2023;Android;Санкт-Петербург;female;24;1;Одежда;Обувь;Красота;27.02.2025;2;1162.53;581.265;427;8.0;low;1;1
101;9000102;19.11.2022;Android;Урал;female;33;1;Товары для животных;Красота;Электроника;;0;0.0;0.0;999;7.4;unknown;0;1
102;9000103;14.07.2025;Android;Москва и МО;male;31;1;Дом;Дом;Электроника;15.08.2025;1;5558.91;5558.91;258;7.3;mid;0;1
103;9000104;10.07.2024;iOS;Санкт-Петербург;female;35;1;Одежда;Аксессуары;Дом;01.03.2026;2;7257.38;3628.69;60;7.4;low;1;0
104;9000105;01.07.2023;Android;Санкт-Петербург;male;47;1;Электроника;Красота;Аксессуары;31.12.2024;1;823.2;823.2;485;8.0;mid;0;0
105;9000106;27.07.2024;iOS;Центр;female;37;1;Спорт;Красота;Электроника;;0;0.0;0.0;999;8.0;high;1;1
106;9000107;17.12.2024;iOS;Дальний Восток;male;25;1;Красота;Электроника;Дом;05.04.2026;1;1703.1;1703.1;25;7.2;low;0;1
107;9000108;03.12.2024;Android;Центр;male;41;1;Аксессуары;Красота;Дом;13.01.2026;1;1741.94;1741.94;107;7.1;mid;1;0
108;9000109;07.04.2025;Android;Юг;male;33;0;Электроника;Красота;Спорт;06.12.2025;2;2442.65;1221.325;145;8.1;low;0;0
109;9000110;30.06.2024;iOS;Дальний Восток;female;16;1;Одежда;Детские товары;Детские товары;20.01.2026;2;1712.37;856.185;100;7.3;low;1;0
110;9000111;31.10.2024;Android;Центр;male;29;1;Дом;Одежда;Электроника;29.04.2026;3;10898.22;3632.74;1;7.4;unknown;1;1
111;9000112;13.01.2023;iOS;Урал;male;44;1;Дом;Аксессуары;Обувь;;0;0.0;0.0;999;8.1;mid;1;0
112;9000113;03.02.2023;Android;Юг;female;33;1;Одежда;Спорт;Детские товары;30.06.2025;1;2444.96;2444.96;304;8.1;low;1;0
113;9000114;09.05.2023;iOS;Центр;female;37;1;Одежда;Аксессуары;Обувь;22.08.2025;2;3626.9;1813.45;251;7.4;mid;1;1
114;9000115;23.06.2023;Android;Поволжье;female;31;1;Электроника;Канцелярия;Одежда;11.04.2026;3;4393.54;1464.513333333333;19;8.0;mid;1;0
115;9000116;04.01.2024;Android;Москва и МО;male;32;1;Одежда;Спорт;Спорт;;0;0.0;0.0;999;7.4;high;0;1
116;9000117;08.05.2025;Web;Санкт-Петербург;female;21;1;Одежда;Детские товары;Красота;11.04.2026;3;1997.44;665.8133333333334;19;7.4;low;0;0
117;9000118;02.05.2023;iOS;Поволжье;male;22;1;Аксессуары;Дом;Аксессуары;19.12.2025;3;5020.01;1673.3366666666668;132;7.3;mid;0;1
118;9000119;04.08.2025;Android;Центр;male;36;0;Одежда;Товары для животных;Обувь;09.09.2025;1;944.16;944.16;233;8.0;mid;1;1
119;9000120;18.06.2023;iOS;Сибирь;male;31;1;Электроника;Детские товары;Аксессуары;;0;0.0;0.0;999;7.3;unknown;1;1
120;9000121;10.11.2024;Android;Поволжье;male;29;1;Обувь;Одежда;Одежда;01.05.2026;2;2747.94;1373.97;-1;7.2;mid;0;0
121;9000122;10.04.2026;iOS;Санкт-Петербург;male;31;1;Электроника;Детские товары;Одежда;;0;0.0;0.0;999;7.4;mid;0;0
122;9000123;19.05.2025;Web;Санкт-Петербург;male;46;1;Аксессуары;Спорт;Электроника;;0;0.0;0.0;999;8.0;low;0;1
123;9000124;07.04.2026;Android;Урал;male;40;1;Красота;Товары для животных;Аксессуары;;0;0.0;0.0;999;8.0;high;1;0
124;9000125;07.01.2023;Android;Сибирь;female;24;1;Красота;Одежда;Красота;17.07.2025;1;3157.32;3157.32;287;7.4;mid;1;1
125;9000126;23.08.2024;Android;Центр;male;41;0;Красота;Аксессуары;Детские товары;21.02.2026;4;2771.3199999999997;692.8299999999999;68;7.1;high;1;0
126;9000127;19.06.2024;Android;Поволжье;female;30;1;Красота;Детские товары;Красота;;0;0.0;0.0;999;8.0;mid;1;0
127;9000128;15.11.2022;Web;Центр;male;39;1;Канцелярия;Красота;Дом;06.04.2026;2;637.72;318.86;24;8.0;mid;0;0
128;9000129;13.01.2026;iOS;Санкт-Петербург;male;33;1;Одежда;Красота;Аксессуары;25.01.2026;1;4240.2;4240.2;95;7.3;mid;1;1
129;9000130;02.05.2025;iOS;Поволжье;female;52;1;Обувь;Товары для животных;Дом;24.08.2025;1;159.16;159.16;249;7.3;mid;0;0
130;9000131;07.07.2023;iOS;Урал;male;39;1;Дом;Красота;Электроника;07.03.2026;2;2474.74;1237.37;54;7.1;low;1;0
131;9000132;11.12.2024;Web;Санкт-Петербург;female;33;0;Канцелярия;Дом;Электроника;16.11.2025;5;4513.91;902.782;165;7.2;mid;1;0
132;9000133;17.03.2024;Android;Урал;female;31;1;Красота;Одежда;Дом;25.04.2026;4;4890.62;1222.655;5;7.3;mid;1;0
133;9000134;12.01.2025;Android;Юг;female;41;0;Дом;Дом;Красота;;0;0.0;0.0;999;7.2;mid;1;0
134;9000135;16.12.2023;iOS;Поволжье;female;42;0;Товары для животных;Одежда;Аксессуары;21.12.2025;3;3435.92;1145.3066666666666;130;7.4;mid;1;0
135;9000136;12.05.2023;iOS;Санкт-Петербург;female;35;0;Обувь;Одежда;Канцелярия;17.03.2026;3;1559.56;519.8533333333334;44;7.3;mid;1;0
136;9000137;12.03.2025;Android;Москва и МО;male;28;1;Дом;Товары для животных;Красота;;0;0.0;0.0;999;8.1;mid;0;0
137;9000138;29.07.2025;Android;Центр;male;29;0;Одежда;Дом;Красота;;0;0.0;0.0;999;8.1;low;1;0
138;9000139;17.09.2025;iOS;Центр;male;22;1;Дом;Электроника;Товары для животных;17.02.2026;1;13728.0;13728.0;72;7.3;unknown;0;1
139;9000140;31.10.2024;iOS;Поволжье;female;38;1;Дом;Обувь;Обувь;27.06.2025;1;3821.8;3821.8;307;7.1;mid;1;0
140;9000141;23.02.2023;Android;Урал;female;42;0;Спорт;Одежда;Детские товары;15.02.2026;1;5580.12;5580.12;74;8.1;mid;0;1
141;9000142;26.01.2026;Android;Центр;female;68;1;Дом;Дом;Дом;;0;0.0;0.0;999;8.0;mid;1;1
142;9000143;12.07.2025;Android;Москва и МО;female;25;1;Красота;Одежда;Одежда;;0;0.0;0.0;999;8.0;mid;1;1
143;9000144;22.09.2022;Android;Сибирь;female;38;1;Красота;Электроника;Аксессуары;19.02.2026;2;983.76;491.88;70;7.4;high;1;0
144;9000145;07.07.2024;Android;Санкт-Петербург;male;26;1;Обувь;Одежда;Электроника;03.02.2026;1;10025.35;10025.35;86;7.3;mid;1;0
145;9000146;14.05.2025;iOS;Санкт-Петербург;male;51;1;Одежда;Обувь;Аксессуары;03.12.2025;2;5502.62;2751.31;148;7.3;mid;0;1
146;9000147;06.03.2025;Web;Юг;female;25;1;Аксессуары;Аксессуары;Электроника;30.01.2026;2;2829.34;1414.67;90;8.0;high;0;1
147;9000148;31.03.2026;iOS;Дальний Восток;female;40;1;Одежда;Аксессуары;Одежда;;0;0.0;0.0;999;8.0;low;0;0
148;9000149;26.04.2026;Android;Юг;female;25;1;Электроника;Дом;Спорт;;0;0.0;0.0;999;8.1;low;1;0
149;9000150;22.02.2026;Android;Москва и МО;male;39;1;Детские товары;Обувь;Аксессуары;;0;0.0;0.0;999;7.4;low;1;1
150;9000151;11.01.2025;iOS;Москва и МО;female;31;1;Одежда;Электроника;Электроника;27.12.2025;1;646.78;646.78;124;8.0;low;1;0
151;9000152;25.10.2024;Android;Москва и МО;male;29;1;Товары для животных;Обувь;Дом;;0;0.0;0.0;999;7.3;mid;1;0
152;9000153;18.02.2023;Web;Урал;unknown;28;1;Красота;Электроника;Товары для животных;20.12.2025;3;3263.44;1087.8133333333333;131;7.4;high;1;0
153;9000154;06.09.2025;iOS;Центр;unknown;43;1;Красота;Товары для животных;Одежда;28.11.2025;1;4652.75;4652.75;153;8.1;mid;0;0
154;9000155;01.03.2025;iOS;Москва и МО;male;26;1;Дом;Электроника;Обувь;31.03.2026;1;2004.99;2004.99;30;8.1;unknown;0;0
155;9000156;02.02.2026;iOS;Юг;female;33;1;Аксессуары;Одежда;Одежда;;0;0.0;0.0;999;7.2;high;1;0
156;9000157;08.10.2024;Android;Поволжье;unknown;55;1;Товары для животных;Спорт;Дом;;0;0.0;0.0;999;7.2;mid;1;1
157;9000158;27.09.2022;Web;Центр;unknown;17;1;Детские товары;Электроника;Дом;;0;0.0;0.0;999;8.0;high;0;0
158;9000159;05.06.2023;Android;Юг;female;31;1;Спорт;Аксессуары;Одежда;20.04.2025;2;2640.25;1320.125;375;7.4;unknown;0;0
159;9000160;24.03.2023;Web;Юг;female;16;1;Канцелярия;Детские товары;Обувь;04.04.2026;4;10949.37;2737.3424999999997;26;7.2;high;1;1
160;9000161;27.07.2025;iOS;Центр;male;43;1;Красота;Детские товары;Электроника;;0;0.0;0.0;999;8.1;low;1;1
161;9000162;11.08.2025;Android;Поволжье;female;36;1;Одежда;Красота;Дом;21.02.2026;4;5478.5199999999995;1369.63;68;7.4;mid;1;0
162;9000163;26.08.2025;Android;Москва и МО;female;32;1;Одежда;Электроника;Спорт;22.11.2025;1;826.0;826.0;159;7.4;low;1;0
163;9000164;02.10.2023;Android;Поволжье;male;43;1;Дом;Одежда;Красота;01.03.2026;4;8438.9;2109.725;60;7.4;mid;1;0
164;9000165;09.03.2025;Android;Дальний Восток;unknown;16;1;Детские товары;Аксессуары;Красота;;0;0.0;0.0;999;7.3;mid;0;0
165;9000166;15.06.2024;Web;Урал;male;43;1;Обувь;Красота;Одежда;16.10.2025;2;3187.28;1593.64;196;7.4;low;0;1
166;9000167;19.12.2025;Android;Юг;female;32;1;Канцелярия;Одежда;Дом;;0;0.0;0.0;999;8.0;mid;1;1
167;9000168;29.09.2022;Web;Москва и МО;female;42;1;Красота;Аксессуары;Одежда;23.10.2024;1;5715.2;5715.2;554;8.0;high;1;0
168;9000169;21.01.2026;iOS;Юг;male;29;1;Обувь;Одежда;Одежда;;0;0.0;0.0;999;8.0;low;1;0
169;9000170;08.11.2023;Android;Поволжье;male;46;1;Одежда;Канцелярия;Аксессуары;03.02.2026;3;2676.81;892.27;86;7.4;low;1;0
170;9000171;02.04.2024;iOS;Сибирь;female;27;1;Обувь;Одежда;Красота;24.04.2025;2;5301.84;2650.92;371;7.4;high;0;0
171;9000172;04.09.2024;Web;Поволжье;female;40;0;Электроника;Красота;Одежда;;0;0.0;0.0;999;8.0;mid;1;0
172;9000173;29.06.2023;Android;Москва и МО;female;46;1;Электроника;Канцелярия;Дом;;0;0.0;0.0;999;7.4;low;0;0
173;9000174;17.11.2023;Android;Центр;female;23;1;Спорт;Дом;Одежда;28.10.2025;2;4473.91;2236.955;184;8.0;high;1;0
174;9000175;03.07.2023;iOS;Юг;male;16;1;Дом;Красота;Красота;;0;0.0;0.0;999;7.4;mid;1;0
175;9000176;08.10.2022;Android;Юг;female;38;1;Одежда;Красота;Дом;20.04.2025;1;1508.94;1508.94;375;7.4;mid;1;0
176;9000177;18.05.2023;iOS;Центр;unknown;37;0;Обувь;Электроника;Красота;;0;0.0;0.0;999;7.4;low;1;0
177;9000178;17.03.2025;iOS;Юг;male;35;0;Дом;Обувь;Канцелярия;;0;0.0;0.0;999;7.4;mid;0;0
178;9000179;23.09.2024;Android;Москва и МО;male;28;1;Спорт;Дом;Одежда;01.03.2026;4;7400.49;1850.1225;60;7.3;high;1;0
179;9000180;20.11.2025;Android;Центр;male;64;1;Канцелярия;Электроника;Спорт;03.12.2025;1;342.72;342.72;148;8.0;unknown;1;0
180;9000181;03.09.2025;iOS;Урал;female;29;0;Дом;Одежда;Дом;06.04.2026;1;3853.2;3853.2;24;7.2;mid;0;0
181;9000182;25.08.2023;Web;Москва и МО;female;17;1;Детские товары;Красота;Товары для животных;11.08.2025;3;788.64;262.88;262;8.1;mid;0;0
182;9000183;30.12.2022;Web;Поволжье;male;19;1;Красота;Дом;Канцелярия;10.03.2026;3;2323.44;774.48;51;7.2;unknown;0;1
183;9000184;27.10.2025;iOS;Сибирь;female;45;1;Обувь;Одежда;Электроника;05.02.2026;1;890.88;890.88;84;8.0;mid;0;0
184;9000185;20.01.2024;iOS;Москва и МО;female;30;1;Одежда;Красота;Красота;14.04.2025;1;843.0;843.0;381;7.4;mid;1;0
185;9000186;26.04.2026;Android;Поволжье;female;30;1;Красота;Электроника;Аксессуары;;0;0.0;0.0;999;7.3;mid;1;0
186;9000187;28.10.2022;Web;Юг;female;23;1;Одежда;Одежда;Обувь;09.08.2024;1;2059.02;2059.02;629;7.4;mid;0;0
187;9000188;14.07.2025;iOS;Юг;male;33;1;Дом;Электроника;Одежда;31.08.2025;1;919.1;919.1;242;8.0;unknown;1;1
188;9000189;17.10.2024;iOS;Сибирь;female;32;1;Товары для животных;Одежда;Спорт;10.03.2026;1;618.24;618.24;51;7.3;mid;1;0
189;9000190;10.08.2024;Android;Центр;male;35;0;Дом;Одежда;Дом;29.01.2026;2;1612.38;806.19;91;8.0;mid;0;0
190;9000191;25.05.2024;iOS;Поволжье;male;29;0;Электроника;Дом;Обувь;04.04.2026;4;7475.55;1868.8875;26;8.0;mid;0;0
191;9000192;27.10.2023;iOS;Москва и МО;female;23;1;Одежда;Спорт;Дом;;0;0.0;0.0;999;8.0;low;1;0
192;9000193;15.11.2024;Android;Центр;female;26;1;Детские товары;Аксессуары;Электроника;03.04.2026;1;1121.0;1121.0;27;7.4;mid;0;0
193;9000194;26.06.2023;Android;Центр;male;43;0;Обувь;Товары для животных;Дом;10.02.2026;2;2398.08;1199.04;79;7.4;high;1;1
194;9000195;04.10.2025;Web;Москва и МО;female;42;0;Канцелярия;Одежда;Одежда;26.01.2026;2;1752.62;876.31;94;8.0;low;1;1
195;9000196;18.03.2023;Android;Москва и МО;female;37;1;Товары для животных;Детские товары;Спорт;10.09.2025;4;5018.660000000001;1254.6650000000002;232;7.4;high;0;1
196;9000197;01.10.2022;Android;Дальний Восток;male;22;1;Обувь;Товары для животных;Канцелярия;24.04.2026;4;9135.68;2283.92;6;7.3;mid;0;1
197;9000198;18.02.2025;iOS;Юг;male;41;1;Одежда;Детские товары;Товары для животных;;0;0.0;0.0;999;7.3;low;1;0
198;9000199;03.03.2024;iOS;Центр;female;25;1;Одежда;Товары для животных;Канцелярия;02.08.2025;4;975.35;243.8375;271;8.1;low;0;0
199;9000200;10.05.2023;Web;Москва и МО;female;25;0;Канцелярия;Одежда;Одежда;20.12.2024;3;1641.84;547.2800000000001;496;7.1;mid;0;0
200;9000201;21.08.2023;Android;Поволжье;male;34;0;Электроника;Дом;Спорт;25.05.2025;3;8580.71;2860.236666666666;340;8.0;high;0;0
201;9000202;12.05.2024;Android;Москва и МО;female;49;1;Обувь;Спорт;Одежда;13.03.2026;3;15905.9;5301.966666666666;48;7.4;unknown;0;0
202;9000203;04.03.2024;iOS;Москва и МО;male;25;1;Дом;Детские товары;Обувь;11.02.2025;1;1356.32;1356.32;443;7.4;mid;1;0
203;9000204;10.03.2025;iOS;Санкт-Петербург;male;26;1;Электроника;Товары для животных;Красота;01.06.2025;3;4973.2;1657.7333333333331;333;7.2;mid;1;1
204;9000205;20.02.2023;Android;Поволжье;male;43;1;Спорт;Дом;Одежда;24.02.2026;1;954.68;954.68;65;8.1;mid;1;0
205;9000206;13.04.2026;Android;Юг;female;28;0;Аксессуары;Канцелярия;Одежда;;0;0.0;0.0;999;8.0;high;0;0
206;9000207;11.12.2023;Android;Юг;female;23;1;Обувь;Дом;Красота;22.01.2026;2;4472.18;2236.09;98;7.3;mid;0;0
207;9000208;06.09.2025;Android;Центр;unknown;29;1;Красота;Одежда;Детские товары;;0;0.0;0.0;999;7.4;high;0;1
208;9000209;11.11.2024;Android;Урал;unknown;34;1;Детские товары;Аксессуары;Одежда;25.04.2026;2;3044.12;1522.06;5;8.1;low;1;0
209;9000210;28.11.2025;Android;Москва и МО;female;32;1;Одежда;Товары для животных;Канцелярия;;0;0.0;0.0;999;8.0;mid;0;0
210;9000211;05.10.2024;Android;Санкт-Петербург;female;47;1;Обувь;Детские товары;Одежда;05.02.2025;1;1752.6;1752.6;449;7.2;low;0;0
211;9000212;14.11.2022;Android;Центр;female;24;1;Одежда;Детские товары;Дом;10.10.2025;3;2772.33;924.11;202;7.4;low;1;0
212;9000213;10.02.2026;iOS;Урал;male;44;0;Дом;Товары для животных;Красота;;0;0.0;0.0;999;7.4;low;0;0
213;9000214;15.12.2023;Android;Юг;female;37;1;Электроника;Дом;Аксессуары;28.10.2025;2;3446.71;1723.355;184;8.1;low;1;0
214;9000215;20.01.2025;iOS;Юг;female;24;1;Одежда;Детские товары;Детские товары;12.09.2025;1;779.37;779.37;230;7.3;unknown;1;1
215;9000216;13.06.2023;iOS;Поволжье;unknown;36;1;Красота;Красота;Обувь;28.02.2025;1;2295.8;2295.8;426;7.2;high;0;0
216;9000217;16.02.2023;iOS;Москва и МО;female;21;1;Канцелярия;Одежда;Красота;22.06.2025;2;2249.01;1124.505;312;8.0;low;1;0
217;9000218;15.11.2025;Android;Москва и МО;female;45;1;Товары для животных;Красота;Красота;22.03.2026;2;657.16;328.58;39;8.0;high;1;0
218;9000219;26.06.2023;Android;Поволжье;female;39;1;Одежда;Аксессуары;Одежда;20.03.2026;2;2821.77;1410.885;41;7.2;low;1;0
219;9000220;30.01.2023;iOS;Центр;male;27;1;Товары для животных;Электроника;Красота;22.12.2025;1;752.21;752.21;129;7.1;mid;0;0
220;9000221;20.01.2026;Android;Центр;female;50;1;Дом;Одежда;Одежда;;0;0.0;0.0;999;8.0;low;1;0
221;9000222;24.07.2025;Android;Санкт-Петербург;female;29;1;Обувь;Спорт;Дом;;0;0.0;0.0;999;8.0;low;1;0
222;9000223;26.07.2024;Android;Сибирь;female;19;1;Дом;Одежда;Одежда;06.01.2026;7;21629.88;3089.9828571428575;114;8.0;unknown;1;0
223;9000224;16.11.2023;Android;Центр;female;36;1;Одежда;Обувь;Спорт;07.03.2026;2;9217.21;4608.6050000000005;54;7.3;mid;0;1
224;9000225;04.03.2025;iOS;Сибирь;male;45;1;Обувь;Дом;Обувь;05.01.2026;2;6824.71;3412.355;115;7.3;high;1;0
225;9000226;21.11.2023;Android;Москва и МО;male;48;0;Дом;Одежда;Аксессуары;10.06.2025;3;6684.93;2228.31;324;7.3;unknown;0;1
226;9000227;13.11.2024;Web;Поволжье;female;29;1;Дом;Одежда;Спорт;06.02.2026;2;2803.62;1401.81;83;8.0;high;1;1
227;9000228;31.12.2024;iOS;Москва и МО;female;31;1;Детские товары;Дом;Одежда;14.02.2026;1;467.84;467.84;75;7.1;low;1;1
228;9000229;28.10.2025;Android;Москва и МО;male;54;1;Красота;Красота;Товары для животных;14.03.2026;1;952.38;952.38;47;8.0;mid;0;0
229;9000230;06.12.2023;iOS;Москва и МО;female;16;1;Электроника;Дом;Одежда;13.02.2026;1;546.36;546.36;76;7.3;high;1;0
230;9000231;13.09.2024;Android;Москва и МО;female;33;1;Дом;Обувь;Красота;23.11.2025;1;1123.75;1123.75;158;7.4;mid;1;1
231;9000232;09.12.2022;Web;Урал;female;45;1;Аксессуары;Дом;Красота;30.03.2026;2;2411.66;1205.83;31;7.3;high;0;0
232;9000233;22.06.2023;Web;Центр;male;35;1;Обувь;Аксессуары;Спорт;;0;0.0;0.0;999;8.0;high;0;0
233;9000234;04.06.2025;iOS;Москва и МО;male;31;0;Детские товары;Красота;Дом;08.02.2026;2;2295.03;1147.515;81;7.3;mid;1;0
234;9000235;01.04.2024;Web;Центр;male;26;0;Спорт;Обувь;Детские товары;24.04.2026;1;668.34;668.34;6;8.1;mid;1;0
235;9000236;08.11.2022;Web;Москва и МО;female;42;0;Аксессуары;Дом;Аксессуары;08.10.2025;3;7565.379999999999;2521.793333333333;204;8.0;mid;1;1
236;9000237;22.03.2026;iOS;Санкт-Петербург;female;29;1;Спорт;Одежда;Обувь;;0;0.0;0.0;999;7.3;high;0;0
237;9000238;13.05.2023;Android;Москва и МО;male;38;0;Электроника;Детские товары;Одежда;05.08.2025;2;4846.75;2423.375;268;7.4;low;1;0
238;9000239;10.06.2024;Android;Москва и МО;male;50;1;Спорт;Электроника;Красота;16.12.2025;3;5747.3;1915.7666666666669;135;8.1;high;1;0
239;9000240;05.03.2026;Web;Поволжье;female;22;1;Обувь;Дом;Аксессуары;;0;0.0;0.0;999;8.0;low;1;1
240;9000241;04.12.2025;Android;Поволжье;female;33;0;Электроника;Одежда;Красота;20.03.2026;1;514.8;514.8;41;7.2;low;0;1
241;9000242;20.04.2025;Android;Москва и МО;female;31;1;Электроника;Канцелярия;Обувь;22.06.2025;1;132.6;132.6;312;7.4;mid;1;0
242;9000243;19.05.2025;Android;Центр;unknown;24;1;Одежда;Аксессуары;Красота;;0;0.0;0.0;999;8.1;mid;1;0
243;9000244;10.05.2023;Web;Санкт-Петербург;female;24;1;Аксессуары;Дом;Спорт;08.03.2026;1;234.6;234.6;53;8.0;mid;1;0
244;9000245;28.08.2025;iOS;Сибирь;female;35;1;Одежда;Спорт;Электроника;05.02.2026;1;1288.98;1288.98;84;7.2;low;1;1
245;9000246;25.02.2023;Android;Юг;male;18;1;Канцелярия;Дом;Одежда;;0;0.0;0.0;999;7.3;mid;0;0
246;9000247;21.11.2022;Android;Урал;male;52;1;Красота;Товары для животных;Спорт;30.01.2026;3;5120.21;1706.736666666667;90;7.1;mid;1;0
247;9000248;29.12.2022;iOS;Урал;male;51;1;Электроника;Детские товары;Дом;19.04.2026;4;10271.58;2567.895;11;7.3;low;1;0
248;9000249;25.12.2025;Android;Дальний Восток;male;17;1;Дом;Детские товары;Товары для животных;31.12.2025;1;693.67;693.67;120;7.4;low;1;1
249;9000250;15.11.2023;Android;Центр;male;40;1;Обувь;Детские товары;Одежда;04.04.2025;3;9910.3;3303.433333333333;391;7.1;mid;0;0
250;9000251;20.03.2024;Android;Москва и МО;male;25;1;Одежда;Дом;Обувь;20.09.2025;1;604.8;604.8;222;7.2;mid;1;0
251;9000252;30.06.2023;iOS;Центр;female;49;1;Одежда;Красота;Электроника;16.03.2026;5;5227.780000000001;1045.556;45;7.4;mid;0;0
252;9000253;03.12.2023;Android;Юг;female;44;1;Обувь;Электроника;Детские товары;22.10.2025;2;8522.84;4261.42;190;7.3;unknown;1;0
253;9000254;06.11.2024;Android;Центр;female;32;1;Аксессуары;Детские товары;Обувь;04.02.2026;5;17401.48;3480.296;85;7.3;high;0;0
254;9000255;24.05.2024;Android;Юг;female;16;0;Красота;Одежда;Канцелярия;18.02.2026;2;442.9;221.45;71;8.0;high;1;0
255;9000256;28.01.2023;iOS;Юг;male;21;1;Спорт;Канцелярия;Обувь;15.12.2025;3;6668.64;2222.88;136;7.3;low;1;0
256;9000257;08.03.2023;iOS;Сибирь;female;36;1;Товары для животных;Детские товары;Детские товары;06.12.2024;1;2044.02;2044.02;510;8.0;low;1;0
257;9000258;02.04.2023;Android;Москва и МО;female;29;1;Одежда;Спорт;Детские товары;24.03.2026;4;10840.4;2710.1;37;8.0;mid;1;1
258;9000259;02.10.2023;Android;Сибирь;female;47;0;Электроника;Одежда;Аксессуары;13.12.2024;1;2390.08;2390.08;503;7.3;low;1;0
259;9000260;19.08.2023;Android;Москва и МО;female;42;1;Красота;Одежда;Дом;04.02.2025;2;3966.84;1983.42;450;7.3;low;1;0
260;9000261;15.08.2025;Android;Центр;female;20;1;Спорт;Канцелярия;Красота;;0;0.0;0.0;999;7.3;mid;1;1
261;9000262;17.12.2023;Web;Санкт-Петербург;female;40;1;Обувь;Аксессуары;Дом;27.10.2024;1;371.28;371.28;550;7.4;mid;0;0
262;9000263;23.07.2025;Android;Юг;female;38;1;Детские товары;Электроника;Обувь;06.09.2025;1;5068.05;5068.05;236;8.0;mid;0;0
263;9000264;24.12.2023;iOS;Москва и МО;female;39;1;Электроника;Одежда;Дом;;0;0.0;0.0;999;7.4;mid;1;0
264;9000265;10.12.2024;Android;Юг;female;48;0;Спорт;Электроника;Одежда;;0;0.0;0.0;999;7.3;low;1;1
265;9000266;27.12.2024;iOS;Дальний Восток;female;44;1;Электроника;Дом;Одежда;;0;0.0;0.0;999;7.4;mid;0;0
266;9000267;27.12.2025;Android;Центр;female;26;1;Товары для животных;Аксессуары;Детские товары;;0;0.0;0.0;999;7.4;mid;0;0
267;9000268;10.04.2024;iOS;Поволжье;female;37;0;Одежда;Электроника;Аксессуары;08.01.2026;4;7163.03;1790.7575;112;7.4;mid;1;1
268;9000269;24.10.2023;iOS;Урал;female;40;1;Аксессуары;Товары для животных;Красота;11.04.2026;4;13530.08;3382.52;19;8.1;mid;0;0
269;9000270;06.09.2024;iOS;Урал;female;30;1;Одежда;Аксессуары;Красота;22.09.2025;1;512.12;512.12;220;8.1;mid;0;0
270;9000271;23.08.2025;iOS;Поволжье;unknown;45;0;Одежда;Обувь;Дом;19.02.2026;3;8081.36;2693.7866666666664;70;8.0;high;1;0
271;9000272;01.04.2024;Android;Санкт-Петербург;male;63;1;Одежда;Электроника;Красота;24.11.2025;3;3808.31;1269.4366666666667;157;7.4;low;0;1
272;9000273;30.09.2025;Android;Москва и МО;female;37;1;Товары для животных;Спорт;Обувь;18.04.2026;1;6948.68;6948.68;12;8.0;mid;1;0
273;9000274;16.11.2022;iOS;Поволжье;female;35;1;Спорт;Аксессуары;Детские товары;;0;0.0;0.0;999;7.4;low;0;0
274;9000275;21.05.2025;iOS;Санкт-Петербург;male;37;1;Аксессуары;Дом;Канцелярия;;0;0.0;0.0;999;7.4;mid;1;1
275;9000276;15.01.2026;Android;Москва и МО;male;38;1;Обувь;Красота;Красота;;0;0.0;0.0;999;8.0;high;0;0
276;9000277;03.06.2023;iOS;Юг;male;36;1;Одежда;Обувь;Спорт;;0;0.0;0.0;999;8.1;unknown;1;0
277;9000278;19.05.2025;Android;Санкт-Петербург;female;36;1;Одежда;Дом;Спорт;;0;0.0;0.0;999;7.1;unknown;1;0
278;9000279;18.05.2024;iOS;Урал;male;36;1;Красота;Канцелярия;Одежда;30.01.2026;4;5116.63;1279.1575;90;7.4;mid;0;1
279;9000280;27.03.2023;iOS;Поволжье;male;49;0;Одежда;Обувь;Товары для животных;10.03.2026;1;4477.44;4477.44;51;7.2;high;0;0
280;9000281;03.06.2025;Android;Москва и МО;male;36;1;Дом;Спорт;Аксессуары;10.03.2026;1;856.92;856.92;51;8.0;high;0;0
281;9000282;21.04.2025;Android;Поволжье;female;36;0;Дом;Аксессуары;Детские товары;16.01.2026;2;2786.7799999999997;1393.39;104;8.1;mid;0;1
282;9000283;13.06.2023;iOS;Москва и МО;male;42;0;Товары для животных;Электроника;Обувь;19.04.2026;4;13479.38;3369.8450000000003;11;8.0;mid;1;0
283;9000284;22.07.2025;Android;Юг;female;37;1;Товары для животных;Детские товары;Электроника;10.09.2025;1;862.75;862.75;232;8.1;low;1;1
284;9000285;12.11.2023;iOS;Москва и МО;male;33;0;Дом;Товары для животных;Обувь;06.11.2025;2;2117.9;1058.95;175;8.0;low;0;0
285;9000286;02.06.2024;iOS;Санкт-Петербург;male;22;1;Обувь;Одежда;Красота;08.09.2025;2;1920.78;960.39;234;8.1;low;1;1
286;9000287;22.08.2024;Android;Центр;male;49;1;Одежда;Аксессуары;Аксессуары;28.04.2026;2;6348.0;3174.0;2;7.4;mid;1;0
287;9000288;10.12.2024;Android;Москва и МО;female;28;1;Аксессуары;Товары для животных;Спорт;06.11.2025;3;2182.51;727.5033333333334;175;7.1;high;1;0
288;9000289;11.07.2025;Android;Москва и МО;female;35;1;Одежда;Красота;Одежда;31.03.2026;2;1776.0;888.0;30;7.4;mid;0;1
289;9000290;22.12.2025;Android;Поволжье;male;37;1;Красота;Одежда;Спорт;;0;0.0;0.0;999;8.0;low;0;1
290;9000291;16.02.2024;Android;Поволжье;male;36;0;Детские товары;Одежда;Дом;02.10.2025;2;1581.27;790.635;210;8.0;low;0;0
291;9000292;05.10.2022;Android;Санкт-Петербург;male;40;0;Одежда;Детские товары;Спорт;27.04.2025;3;1365.78;455.26;368;8.0;high;0;0
292;9000293;13.03.2023;Android;Поволжье;male;41;1;Обувь;Канцелярия;Красота;30.12.2025;1;4074.04;4074.04;121;8.0;mid;0;1
293;9000294;29.04.2023;iOS;Санкт-Петербург;male;37;1;Дом;Красота;Обувь;27.10.2025;5;16394.34;3278.868;185;7.3;mid;0;0
294;9000295;07.04.2024;iOS;Юг;female;33;1;Электроника;Обувь;Детские товары;22.04.2026;2;3015.68;1507.84;8;7.3;mid;0;0
295;9000296;15.05.2025;iOS;Сибирь;unknown;30;1;Одежда;Электроника;Детские товары;;0;0.0;0.0;999;7.4;high;1;0
296;9000297;28.04.2024;iOS;Сибирь;male;31;1;Детские товары;Электроника;Дом;05.12.2024;1;1440.96;1440.96;511;7.4;unknown;1;0
297;9000298;11.01.2024;Web;Центр;female;34;1;Спорт;Дом;Электроника;;0;0.0;0.0;999;8.1;low;0;0
298;9000299;03.07.2025;iOS;Москва и МО;female;36;1;Дом;Одежда;Одежда;;0;0.0;0.0;999;8.1;high;1;1
299;9000300;22.04.2024;Android;Москва и МО;female;22;0;Одежда;Электроника;Аксессуары;;0;0.0;0.0;999;7.4;unknown;0;1
300;9000301;24.09.2023;Android;Поволжье;female;33;1;Красота;Обувь;Дом;28.12.2025;4;7217.910000000001;1804.4775;123;7.3;mid;1;0
301;9000302;04.02.2024;Android;Урал;female;28;0;Дом;Спорт;Детские товары;07.01.2026;2;3557.2200000000003;1778.61;113;8.0;low;1;0
302;9000303;05.03.2024;Android;Москва и МО;male;21;1;Дом;Обувь;Товары для животных;25.10.2025;1;149.6;149.6;187;8.0;mid;1;0
303;9000304;22.09.2025;Android;Центр;female;48;1;Дом;Одежда;Одежда;;0;0.0;0.0;999;7.3;mid;1;0
304;9000305;27.09.2025;iOS;Поволжье;female;38;1;Товары для животных;Спорт;Одежда;03.02.2026;1;3144.96;3144.96;86;7.4;low;1;1
305;9000306;22.04.2024;Android;Москва и МО;male;36;1;Обувь;Электроника;Аксессуары;01.11.2025;2;2193.84;1096.92;180;7.1;high;1;1
306;9000307;27.11.2024;Android;Москва и МО;male;24;0;Электроника;Одежда;Одежда;05.04.2026;2;4923.84;2461.92;25;7.3;unknown;1;0
307;9000308;27.06.2025;iOS;Москва и МО;male;47;1;Красота;Обувь;Дом;;0;0.0;0.0;999;7.3;mid;0;0
308;9000309;10.10.2024;Web;Сибирь;male;29;1;Красота;Дом;Одежда;;0;0.0;0.0;999;8.1;high;1;1
309;9000310;11.05.2024;Android;Поволжье;male;24;0;Электроника;Обувь;Дом;01.05.2026;3;2574.52;858.1733333333333;-1;7.3;high;0;1
310;9000311;05.10.2024;Android;Москва и МО;female;37;1;Красота;Аксессуары;Детские товары;12.09.2025;1;3749.0;3749.0;230;8.0;mid;1;1
311;9000312;09.03.2024;iOS;Урал;male;20;1;Одежда;Детские товары;Обувь;;0;0.0;0.0;999;7.4;mid;0;0
312;9000313;27.11.2023;Android;Юг;male;55;1;Одежда;Красота;Спорт;;0;0.0;0.0;999;8.0;mid;1;1
313;9000314;19.07.2024;Android;Сибирь;female;39;1;Электроника;Дом;Красота;23.11.2025;2;9822.91;4911.455;158;7.4;mid;1;0
314;9000315;24.08.2024;Android;Юг;female;32;1;Дом;Обувь;Канцелярия;01.03.2026;3;3191.1800000000003;1063.7266666666667;60;8.0;high;0;0
315;9000316;01.02.2024;iOS;Москва и МО;unknown;38;1;Одежда;Красота;Красота;11.04.2025;2;2888.14;1444.07;384;8.0;mid;1;0
316;9000317;29.01.2024;Android;Санкт-Петербург;female;58;1;Красота;Детские товары;Детские товары;20.09.2025;3;1143.75;381.25;222;8.0;low;1;0
317;9000318;20.10.2022;Android;Москва и МО;female;29;1;Электроника;Красота;Дом;;0;0.0;0.0;999;7.2;high;1;0
318;9000319;09.07.2024;iOS;Урал;male;41;1;Одежда;Аксессуары;Красота;01.02.2026;2;2212.13;1106.065;88;7.4;low;1;1
319;9000320;28.02.2023;iOS;Дальний Восток;female;16;1;Аксессуары;Красота;Канцелярия;27.07.2024;1;6271.64;6271.64;642;8.0;unknown;1;1
320;9000321;28.11.2024;Android;Центр;female;39;0;Детские товары;Детские товары;Электроника;30.05.2025;2;1674.14;837.0699999999999;335;7.3;high;1;0
321;9000322;13.08.2025;iOS;Урал;female;32;0;Детские товары;Электроника;Электроника;26.04.2026;1;449.44;449.44;4;8.0;high;1;1
322;9000323;14.02.2026;Android;Урал;male;26;1;Одежда;Дом;Товары для животных;;0;0.0;0.0;999;8.0;mid;1;0
323;9000324;06.02.2024;Android;Москва и МО;female;31;1;Канцелярия;Одежда;Дом;07.11.2025;3;3081.07;1027.0233333333333;174;7.3;mid;0;0
324;9000325;13.10.2023;Android;Москва и МО;female;29;1;Одежда;Дом;Обувь;13.09.2025;1;360.0;360.0;229;8.0;mid;1;0
325;9000326;12.11.2024;Android;Сибирь;female;31;1;Красота;Дом;Электроника;16.11.2025;2;1717.0;858.5;165;7.3;high;1;0
326;9000327;07.05.2023;iOS;Санкт-Петербург;female;34;0;Канцелярия;Одежда;Красота;17.02.2026;3;2464.46;821.4866666666667;72;8.1;high;1;1
327;9000328;29.09.2025;iOS;Поволжье;unknown;41;1;Товары для животных;Одежда;Одежда;;0;0.0;0.0;999;8.0;unknown;0;1
328;9000329;21.12.2023;iOS;Поволжье;female;29;1;Детские товары;Красота;Дом;22.04.2026;5;9307.43;1861.486;8;7.4;low;1;0
329;9000330;30.11.2025;iOS;Сибирь;female;36;1;Красота;Товары для животных;Обувь;;0;0.0;0.0;999;7.4;mid;1;1
330;9000331;06.12.2022;Android;Сибирь;male;32;1;Одежда;Детские товары;Одежда;06.06.2025;1;1076.16;1076.16;328;7.2;unknown;0;0
331;9000332;22.04.2025;Android;Сибирь;male;43;1;Красота;Детские товары;Обувь;09.04.2026;1;1752.78;1752.78;21;7.4;mid;1;0
332;9000333;02.02.2025;iOS;Москва и МО;unknown;39;1;Одежда;Аксессуары;Дом;22.01.2026;2;4381.08;2190.54;98;7.4;mid;1;1
333;9000334;29.10.2024;iOS;Поволжье;unknown;30;1;Дом;Одежда;Канцелярия;17.11.2025;1;3157.7;3157.7;164;7.1;high;0;0
334;9000335;19.02.2026;Android;Юг;male;21;0;Детские товары;Дом;Одежда;;0;0.0;0.0;999;7.4;high;0;0
335;9000336;08.02.2025;iOS;Москва и МО;male;48;1;Аксессуары;Обувь;Красота;14.10.2025;3;5684.73;1894.91;198;7.4;mid;1;0
336;9000337;28.02.2026;Android;Юг;female;25;0;Одежда;Детские товары;Красота;;0;0.0;0.0;999;8.1;high;1;1
337;9000338;24.10.2024;iOS;Юг;female;23;1;Одежда;Красота;Дом;04.10.2025;1;1282.97;1282.97;208;7.4;high;0;1
338;9000339;24.12.2024;iOS;Урал;male;49;0;Электроника;Красота;Одежда;06.11.2025;1;3072.0;3072.0;175;7.3;low;1;1
339;9000340;27.06.2024;Android;Москва и МО;female;36;0;Красота;Спорт;Одежда;12.11.2025;1;8942.44;8942.44;169;7.3;low;1;1
340;9000341;02.06.2025;iOS;Центр;female;62;1;Одежда;Дом;Электроника;29.10.2025;2;3958.81;1979.405;183;7.2;mid;0;0
341;9000342;03.03.2023;iOS;Поволжье;male;28;1;Красота;Товары для животных;Обувь;;0;0.0;0.0;999;7.2;mid;0;0
342;9000343;27.04.2024;Android;Москва и МО;female;31;1;Дом;Красота;Детские товары;25.02.2026;3;5429.620000000001;1809.8733333333337;64;7.3;low;0;0
343;9000344;06.05.2023;Web;Сибирь;female;29;0;Товары для животных;Аксессуары;Дом;12.04.2026;3;6454.66;2151.5533333333333;18;8.1;mid;0;0
344;9000345;05.08.2023;Android;Дальний Восток;unknown;34;1;Одежда;Аксессуары;Обувь;02.04.2026;3;3765.02;1255.006666666667;28;7.4;mid;1;1
345;9000346;04.12.2025;Android;Поволжье;female;34;1;Электроника;Дом;Канцелярия;;0;0.0;0.0;999;7.3;low;1;0
346;9000347;07.07.2024;Web;Москва и МО;female;37;1;Электроника;Детские товары;Одежда;14.04.2026;2;1839.0;919.5;16;7.3;mid;1;0
347;9000348;18.05.2023;Android;Санкт-Петербург;male;35;0;Красота;Канцелярия;Товары для животных;23.08.2025;4;3407.71;851.9275;250;7.4;low;1;1
348;9000349;24.12.2024;Android;Москва и МО;male;36;0;Аксессуары;Электроника;Дом;;0;0.0;0.0;999;7.3;mid;0;0
349;9000350;23.01.2025;Android;Санкт-Петербург;male;39;1;Канцелярия;Электроника;Товары для животных;;0;0.0;0.0;999;7.3;mid;1;0
350;9000351;09.10.2025;Android;Урал;female;44;1;Одежда;Дом;Электроника;23.02.2026;1;3020.64;3020.64;66;7.4;unknown;1;0
351;9000352;11.01.2024;Android;Москва и МО;male;26;0;Одежда;Электроника;Дом;07.03.2026;2;4940.13;2470.065;54;8.0;high;0;0
352;9000353;03.12.2023;Android;Москва и МО;female;38;0;Канцелярия;Аксессуары;Спорт;28.01.2025;3;2263.21;754.4033333333333;457;7.1;unknown;1;0
353;9000354;19.10.2024;Android;Москва и МО;female;39;1;Дом;Красота;Одежда;18.04.2026;4;4603.78;1150.945;12;7.4;low;1;1
354;9000355;25.10.2023;Android;Санкт-Петербург;female;34;1;Одежда;Электроника;Красота;11.11.2025;2;4958.42;2479.21;170;7.4;low;1;0
355;9000356;01.02.2026;iOS;Центр;female;23;1;Дом;Аксессуары;Одежда;;0;0.0;0.0;999;8.0;mid;1;0
356;9000357;29.04.2024;Android;Урал;male;41;1;Канцелярия;Одежда;Одежда;18.02.2026;2;1293.62;646.81;71;7.4;mid;1;1
357;9000358;19.04.2025;Android;Центр;male;38;1;Электроника;Красота;Спорт;;0;0.0;0.0;999;7.2;mid;1;0
358;9000359;02.08.2024;iOS;Центр;unknown;44;1;Обувь;Красота;Дом;23.10.2025;2;6758.96;3379.48;189;7.4;high;1;1
359;9000360;27.06.2024;iOS;Москва и МО;male;44;1;Детские товары;Дом;Одежда;27.09.2024;1;3436.5;3436.5;580;8.0;unknown;1;1
360;9000361;22.05.2023;iOS;Сибирь;male;57;1;Обувь;Канцелярия;Одежда;25.12.2024;1;585.36;585.36;491;7.4;high;0;1
361;9000362;22.11.2022;Android;Сибирь;female;42;1;Аксессуары;Одежда;Детские товары;11.10.2025;2;1187.07;593.535;201;8.1;mid;1;0
362;9000363;22.06.2024;Android;Центр;female;52;1;Дом;Одежда;Спорт;04.02.2025;1;3580.2;3580.2;450;7.4;low;1;0
363;9000364;21.09.2022;iOS;Москва и МО;female;19;1;Красота;Аксессуары;Обувь;;0;0.0;0.0;999;8.0;mid;1;1
364;9000365;08.07.2024;Web;Центр;male;40;1;Детские товары;Аксессуары;Дом;;0;0.0;0.0;999;7.2;mid;1;1
365;9000366;29.11.2022;iOS;Центр;female;23;0;Красота;Спорт;Товары для животных;31.10.2024;1;1966.39;1966.39;546;8.1;mid;1;0
366;9000367;20.09.2023;Android;Санкт-Петербург;female;37;1;Детские товары;Электроника;Красота;;0;0.0;0.0;999;7.2;low;0;0
367;9000368;12.07.2025;iOS;Москва и МО;female;45;0;Спорт;Электроника;Обувь;16.11.2025;1;5310.8;5310.8;165;7.2;mid;0;0
368;9000369;05.08.2025;Android;Поволжье;female;24;1;Одежда;Красота;Спорт;26.01.2026;3;5952.01;1984.003333333333;94;8.1;mid;0;1
369;9000370;05.11.2024;iOS;Поволжье;female;39;1;Красота;Красота;Товары для животных;;0;0.0;0.0;999;8.0;mid;0;0
370;9000371;25.04.2023;Android;Москва и МО;female;48;1;Одежда;Обувь;Электроника;09.08.2025;2;3618.36;1809.18;264;7.3;high;0;0
371;9000372;11.01.2025;Web;Центр;female;32;1;Дом;Обувь;Электроника;16.05.2025;1;286.65;286.65;349;8.1;mid;1;0
372;9000373;16.09.2025;Android;Центр;female;23;1;Детские товары;Канцелярия;Электроника;29.01.2026;2;412.28;206.14;91;8.0;mid;1;0
373;9000374;10.05.2024;Android;Юг;male;22;0;Дом;Детские товары;Спорт;27.10.2024;1;465.62;465.62;550;7.4;mid;1;0
374;9000375;06.06.2024;Android;Юг;female;27;1;Дом;Детские товары;Обувь;24.11.2025;2;3942.84;1971.42;157;7.2;high;0;0
375;9000376;13.01.2023;Android;Центр;female;37;0;Одежда;Спорт;Дом;16.02.2026;6;16087.18;2681.1966666666667;73;7.4;mid;1;0
376;9000377;01.01.2026;iOS;Москва и МО;male;28;1;Одежда;Дом;Дом;;0;0.0;0.0;999;8.1;mid;1;0
377;9000378;15.02.2026;Android;Москва и МО;female;42;1;Красота;Товары для животных;Обувь;28.02.2026;1;440.5;440.5;61;7.4;low;0;1
378;9000379;07.01.2025;Web;Центр;male;25;1;Дом;Одежда;Спорт;;0;0.0;0.0;999;8.0;high;0;0
379;9000380;09.07.2023;iOS;Санкт-Петербург;female;30;1;Одежда;Товары для животных;Красота;01.10.2025;3;4026.05;1342.0166666666669;211;7.3;low;1;1
380;9000381;21.04.2025;iOS;Сибирь;male;32;1;Красота;Обувь;Детские товары;26.12.2025;3;11311.7;3770.566666666667;125;7.4;low;0;0
381;9000382;11.02.2023;Android;Урал;female;36;1;Дом;Товары для животных;Дом;;0;0.0;0.0;999;8.0;high;0;0
382;9000383;11.07.2023;Web;Сибирь;female;37;1;Обувь;Детские товары;Спорт;;0;0.0;0.0;999;7.2;mid;1;0
383;9000384;26.11.2024;iOS;Санкт-Петербург;female;31;0;Аксессуары;Одежда;Детские товары;04.09.2025;1;1312.0;1312.0;238;7.4;mid;1;0
384;9000385;20.06.2023;iOS;Дальний Восток;male;30;0;Аксессуары;Одежда;Товары для животных;17.08.2025;1;1925.59;1925.59;256;8.0;mid;1;0
385;9000386;19.12.2025;Web;Юг;male;18;1;Аксессуары;Красота;Дом;;0;0.0;0.0;999;7.4;high;1;0
386;9000387;19.01.2023;Android;Москва и МО;female;37;0;Дом;Спорт;Электроника;;0;0.0;0.0;999;8.0;mid;1;1
387;9000388;15.06.2023;iOS;Москва и МО;male;50;1;Товары для животных;Красота;Одежда;08.11.2025;3;7046.88;2348.96;173;8.1;mid;1;1
388;9000389;25.01.2025;iOS;Поволжье;female;27;1;Детские товары;Красота;Спорт;;0;0.0;0.0;999;7.4;high;1;0
389;9000390;23.02.2023;Web;Урал;male;28;1;Детские товары;Канцелярия;Одежда;06.10.2025;3;6562.719999999999;2187.5733333333333;206;7.4;mid;0;0
390;9000391;11.10.2025;Android;Центр;male;30;1;Обувь;Детские товары;Электроника;16.02.2026;1;6763.96;6763.96;73;7.2;high;1;1
391;9000392;05.11.2025;Android;Москва и МО;female;49;1;Дом;Электроника;Детские товары;;0;0.0;0.0;999;7.1;high;1;0
392;9000393;06.05.2023;iOS;Москва и МО;female;29;0;Детские товары;Обувь;Дом;04.04.2026;2;7181.22;3590.61;26;7.3;low;1;1
393;9000394;23.04.2023;Android;Поволжье;female;47;0;Аксессуары;Обувь;Одежда;02.12.2024;1;542.02;542.02;514;7.4;low;1;0
394;9000395;23.08.2025;Android;Поволжье;male;44;1;Одежда;Аксессуары;Детские товары;;0;0.0;0.0;999;7.4;high;0;0
395;9000396;21.03.2024;Android;Юг;male;30;0;Детские товары;Обувь;Дом;;0;0.0;0.0;999;7.2;low;0;0
396;9000397;10.03.2026;Android;Центр;male;27;1;Красота;Одежда;Обувь;;0;0.0;0.0;999;7.4;low;1;0
397;9000398;07.11.2025;iOS;Сибирь;male;18;1;Товары для животных;Аксессуары;Обувь;;0;0.0;0.0;999;8.0;low;1;0
398;9000399;04.12.2024;Android;Центр;male;25;1;Спорт;Красота;Дом;16.02.2025;2;1906.19;953.095;438;7.1;mid;1;0
399;9000400;20.03.2026;Android;Юг;male;29;0;Спорт;Красота;Дом;;0;0.0;0.0;999;7.1;high;1;1
400;9000401;28.02.2026;Android;Поволжье;male;40;1;Обувь;Красота;Детские товары;;0;0.0;0.0;999;8.0;mid;1;0
401;9000402;01.09.2024;iOS;Юг;female;41;1;Канцелярия;Красота;Электроника;31.01.2025;1;2522.52;2522.52;454;7.3;mid;0;1
402;9000403;08.04.2023;iOS;Поволжье;female;18;1;Детские товары;Электроника;Электроника;02.09.2025;1;551.25;551.25;240;7.3;mid;1;0
403;9000404;13.12.2022;iOS;Поволжье;female;39;1;Красота;Одежда;Обувь;06.10.2025;1;1954.9;1954.9;206;8.0;high;1;0
404;9000405;30.08.2023;Android;Урал;female;34;1;Спорт;Детские товары;Красота;14.12.2025;2;552.2;276.1;137;7.4;unknown;1;0
405;9000406;29.06.2025;iOS;Дальний Восток;female;17;1;Красота;Одежда;Электроника;;0;0.0;0.0;999;8.1;mid;1;1
406;9000407;04.06.2024;iOS;Поволжье;male;29;1;Обувь;Товары для животных;Детские товары;19.03.2026;5;19670.29;3934.058;42;7.2;low;1;1
407;9000408;11.01.2026;Android;Юг;female;33;1;Одежда;Спорт;Канцелярия;10.02.2026;1;204.9;204.9;79;8.1;mid;0;0
408;9000409;26.10.2022;Android;Поволжье;female;39;1;Красота;Аксессуары;Дом;13.04.2026;1;317.68;317.68;17;8.1;low;1;0
409;9000410;12.05.2023;Android;Урал;female;20;1;Обувь;Дом;Красота;09.06.2025;2;9279.96;4639.98;325;7.3;low;0;0
410;9000411;06.07.2025;iOS;Санкт-Петербург;female;20;1;Электроника;Одежда;Детские товары;03.08.2025;1;2107.82;2107.82;270;8.0;unknown;0;0
411;9000412;05.09.2024;Web;Юг;male;46;1;Электроника;Одежда;Электроника;26.02.2026;1;659.19;659.19;63;7.4;mid;1;1
412;9000413;11.08.2025;Android;Центр;female;31;1;Одежда;Детские товары;Спорт;;0;0.0;0.0;999;8.0;mid;0;0
413;9000414;02.12.2022;iOS;Москва и МО;unknown;34;1;Одежда;Электроника;Одежда;03.12.2025;1;1114.71;1114.71;148;7.1;high;1;0
414;9000415;30.12.2023;iOS;Санкт-Петербург;male;27;1;Электроника;Одежда;Дом;;0;0.0;0.0;999;8.0;mid;0;1
415;9000416;07.07.2023;Android;Центр;female;50;1;Одежда;Детские товары;Спорт;;0;0.0;0.0;999;8.1;mid;1;1
416;9000417;19.10.2022;Android;Юг;unknown;30;0;Товары для животных;Одежда;Электроника;01.03.2026;1;596.25;596.25;60;7.3;mid;1;0
417;9000418;07.02.2026;iOS;Москва и МО;male;38;1;Аксессуары;Красота;Детские товары;17.03.2026;1;3924.98;3924.98;44;8.0;low;1;0
418;9000419;21.01.2024;Android;Поволжье;male;21;1;Детские товары;Электроника;Дом;17.12.2024;2;1021.01;510.505;499;8.0;low;1;0
419;9000420;14.09.2025;Android;Центр;female;30;1;Электроника;Обувь;Канцелярия;29.04.2026;2;4484.45;2242.225;1;7.4;high;0;0
420;9000421;29.09.2025;Android;Санкт-Петербург;unknown;27;1;Красота;Обувь;Товары для животных;;0;0.0;0.0;999;7.2;low;1;0
421;9000422;27.05.2024;Android;Дальний Восток;female;16;1;Одежда;Аксессуары;Дом;10.01.2025;1;416.1;416.1;475;8.0;unknown;0;1
422;9000423;16.03.2026;Android;Юг;female;45;1;Спорт;Одежда;Красота;;0;0.0;0.0;999;7.3;high;0;0
423;9000424;02.12.2023;Android;Москва и МО;female;24;1;Дом;Одежда;Одежда;09.07.2025;1;451.8;451.8;295;7.3;unknown;1;0
424;9000425;07.09.2023;iOS;Москва и МО;female;54;0;Красота;Обувь;Спорт;06.10.2024;1;388.92;388.92;571;7.2;unknown;1;0
425;9000426;28.08.2024;Web;Урал;male;34;1;Канцелярия;Дом;Аксессуары;20.02.2026;2;505.14;252.57;69;8.1;unknown;1;1
426;9000427;23.12.2022;iOS;Урал;female;40;1;Одежда;Обувь;Обувь;30.10.2025;2;5215.31;2607.655;182;8.0;low;1;1
427;9000428;05.11.2022;Android;Санкт-Петербург;male;18;1;Электроника;Детские товары;Аксессуары;09.02.2026;1;1555.2;1555.2;80;7.3;low;0;0
428;9000429;15.04.2026;iOS;Поволжье;male;56;0;Красота;Одежда;Одежда;;0;0.0;0.0;999;8.1;low;1;1
429;9000430;11.01.2024;Web;Санкт-Петербург;male;38;1;Аксессуары;Спорт;Спорт;;0;0.0;0.0;999;7.3;high;1;1
430;9000431;19.05.2024;Android;Поволжье;female;37;1;Дом;Аксессуары;Электроника;12.10.2025;2;3384.85;1692.425;200;7.4;low;0;0
431;9000432;23.02.2024;iOS;Дальний Восток;unknown;29;0;Товары для животных;Дом;Аксессуары;;0;0.0;0.0;999;7.4;low;1;1
432;9000433;04.10.2022;iOS;Центр;male;29;1;Красота;Дом;Обувь;05.04.2026;2;4968.09;2484.045;25;7.3;mid;1;0
433;9000434;19.11.2025;iOS;Юг;male;34;1;Дом;Электроника;Детские товары;;0;0.0;0.0;999;7.3;low;1;1
434;9000435;22.09.2024;Android;Урал;male;50;1;Одежда;Спорт;Дом;30.04.2026;4;2715.85;678.9625;0;8.0;mid;0;0
435;9000436;09.10.2022;Android;Сибирь;male;41;1;Одежда;Детские товары;Дом;26.02.2026;3;5931.599999999999;1977.2;63;7.3;high;0;0
436;9000437;14.02.2026;iOS;Поволжье;female;28;0;Товары для животных;Одежда;Электроника;;0;0.0;0.0;999;7.4;high;1;1
437;9000438;28.09.2023;Android;Москва и МО;male;47;1;Одежда;Красота;Спорт;26.10.2025;2;2255.0;1127.5;186;7.1;mid;0;0
438;9000439;02.10.2024;Android;Москва и МО;female;40;1;Обувь;Аксессуары;Аксессуары;24.10.2024;1;1581.0;1581.0;553;7.4;mid;0;0
439;9000440;25.11.2023;iOS;Санкт-Петербург;female;28;1;Обувь;Дом;Одежда;13.08.2025;4;8155.120000000001;2038.78;260;7.4;high;1;0
440;9000441;04.02.2024;iOS;Москва и МО;unknown;38;0;Красота;Обувь;Одежда;20.11.2024;1;2797.2;2797.2;526;7.4;mid;1;0
441;9000442;10.11.2025;iOS;Москва и МО;female;30;1;Одежда;Электроника;Детские товары;;0;0.0;0.0;999;7.2;mid;1;0
442;9000443;30.10.2023;Android;Дальний Восток;female;16;1;Канцелярия;Дом;Красота;06.02.2026;2;634.4100000000001;317.20500000000004;83;8.1;low;0;0
443;9000444;15.07.2023;Android;Москва и МО;female;27;1;Одежда;Красота;Дом;28.04.2026;5;3127.28;625.456;2;8.0;low;1;0
444;9000445;03.11.2025;Android;Санкт-Петербург;female;33;0;Обувь;Электроника;Одежда;05.04.2026;1;8827.31;8827.31;25;8.0;low;1;1
445;9000446;23.12.2023;Android;Поволжье;male;37;1;Одежда;Электроника;Аксессуары;;0;0.0;0.0;999;7.3;low;0;1
446;9000447;26.08.2025;iOS;Сибирь;female;36;0;Красота;Одежда;Обувь;;0;0.0;0.0;999;7.2;low;1;0
447;9000448;17.10.2024;Android;Москва и МО;female;38;1;Одежда;Обувь;Детские товары;08.11.2025;3;1219.28;406.4266666666667;173;7.3;mid;0;1
448;9000449;19.04.2026;Android;Поволжье;unknown;41;0;Красота;Обувь;Красота;;0;0.0;0.0;999;8.0;low;0;0
449;9000450;07.12.2025;Android;Центр;male;25;1;Дом;Одежда;Электроника;;0;0.0;0.0;999;7.2;unknown;0;0
450;9000451;22.06.2023;Android;Москва и МО;female;16;1;Спорт;Красота;Дом;;0;0.0;0.0;999;7.3;high;0;0
451;9000452;27.04.2026;Android;Центр;female;28;1;Канцелярия;Красота;Обувь;;0;0.0;0.0;999;7.3;mid;1;1
452;9000453;27.04.2023;Android;Урал;male;38;1;Одежда;Канцелярия;Спорт;28.06.2025;1;1305.05;1305.05;306;7.4;mid;0;0
453;9000454;25.08.2023;Android;Центр;male;23;1;Электроника;Канцелярия;Аксессуары;;0;0.0;0.0;999;7.3;low;1;0
454;9000455;22.02.2026;iOS;Москва и МО;female;30;1;Дом;Одежда;Одежда;;0;0.0;0.0;999;7.3;high;0;0
455;9000456;20.04.2023;Web;Поволжье;female;39;1;Дом;Одежда;Аксессуары;02.11.2024;1;2316.72;2316.72;544;8.1;mid;0;0
456;9000457;30.09.2023;iOS;Юг;male;44;1;Красота;Дом;Дом;;0;0.0;0.0;999;7.4;low;1;0
457;9000458;07.11.2025;iOS;Москва и МО;female;27;1;Красота;Дом;Одежда;;0;0.0;0.0;999;7.2;mid;1;0
458;9000459;11.05.2023;Web;Поволжье;female;42;1;Товары для животных;Аксессуары;Дом;02.01.2026;3;10273.63;3424.5433333333335;118;8.1;low;1;1
459;9000460;22.01.2025;Android;Дальний Восток;unknown;35;1;Аксессуары;Красота;Аксессуары;;0;0.0;0.0;999;7.3;mid;1;0
460;9000461;27.01.2024;iOS;Поволжье;female;20;1;Красота;Товары для животных;Одежда;;0;0.0;0.0;999;7.3;mid;1;0
461;9000462;03.02.2026;Android;Москва и МО;female;24;1;Спорт;Дом;Одежда;;0;0.0;0.0;999;7.3;mid;1;0
462;9000463;11.09.2025;Android;Урал;male;19;1;Обувь;Дом;Аксессуары;;0;0.0;0.0;999;7.3;low;1;1
463;9000464;11.01.2026;iOS;Центр;female;31;1;Спорт;Одежда;Красота;;0;0.0;0.0;999;8.0;high;0;0
464;9000465;11.10.2023;iOS;Дальний Восток;female;28;1;Детские товары;Электроника;Аксессуары;04.11.2025;3;5316.55;1772.1833333333334;177;7.1;high;0;0
465;9000466;06.10.2022;iOS;Санкт-Петербург;female;51;1;Товары для животных;Одежда;Детские товары;27.11.2025;2;5002.0;2501.0;154;7.4;mid;1;0
466;9000467;08.01.2026;iOS;Урал;unknown;39;0;Электроника;Одежда;Аксессуары;20.02.2026;1;2848.68;2848.68;69;8.0;low;1;0
467;9000468;24.12.2024;Android;Москва и МО;female;31;0;Электроника;Обувь;Дом;;0;0.0;0.0;999;8.0;mid;0;0
468;9000469;29.06.2025;Android;Москва и МО;male;31;0;Детские товары;Красота;Спорт;;0;0.0;0.0;999;7.4;low;1;0
469;9000470;08.07.2023;Android;Сибирь;female;33;1;Дом;Дом;Красота;;0;0.0;0.0;999;8.0;high;1;0
470;9000471;17.09.2025;iOS;Москва и МО;female;18;0;Красота;Аксессуары;Детские товары;;0;0.0;0.0;999;7.3;mid;0;0
471;9000472;02.05.2024;iOS;Поволжье;male;25;1;Красота;Одежда;Электроника;21.12.2025;2;4524.4;2262.2;130;7.4;unknown;0;1
472;9000473;08.01.2024;iOS;Москва и МО;female;24;1;Одежда;Дом;Дом;12.02.2025;1;2132.68;2132.68;442;7.3;mid;1;0
473;9000474;17.03.2025;Web;Санкт-Петербург;female;45;1;Спорт;Красота;Дом;08.02.2026;2;2930.3;1465.15;81;7.2;low;0;0
474;9000475;20.08.2025;iOS;Юг;unknown;34;1;Электроника;Одежда;Товары для животных;;0;0.0;0.0;999;8.1;high;0;1
475;9000476;06.02.2025;Android;Центр;female;36;1;Обувь;Дом;Одежда;25.11.2025;2;7716.959999999999;3858.48;156;8.0;unknown;0;1
476;9000477;09.04.2024;Android;Сибирь;female;38;1;Дом;Одежда;Красота;25.01.2025;1;197.75;197.75;460;8.0;mid;0;1
477;9000478;11.06.2023;iOS;Юг;female;16;1;Красота;Обувь;Одежда;;0;0.0;0.0;999;7.3;low;1;0
478;9000479;02.06.2024;Web;Москва и МО;female;30;1;Дом;Электроника;Товары для животных;;0;0.0;0.0;999;8.0;mid;1;0
479;9000480;20.12.2025;iOS;Санкт-Петербург;male;50;0;Дом;Спорт;Товары для животных;;0;0.0;0.0;999;7.4;mid;0;0
480;9000481;23.02.2023;Android;Москва и МО;female;20;0;Одежда;Дом;Красота;10.01.2025;1;2628.71;2628.71;475;7.4;mid;1;1
481;9000482;14.09.2025;Android;Санкт-Петербург;male;48;1;Одежда;Детские товары;Спорт;;0;0.0;0.0;999;7.4;mid;1;1
482;9000483;16.02.2025;iOS;Урал;male;43;1;Детские товары;Красота;Красота;05.12.2025;1;472.12;472.12;146;8.0;low;1;0
483;9000484;25.06.2025;Android;Центр;female;31;1;Красота;Одежда;Красота;29.04.2026;1;548.24;548.24;1;7.4;mid;1;0
484;9000485;04.03.2023;iOS;Урал;female;20;1;Канцелярия;Электроника;Обувь;05.02.2026;2;2707.84;1353.92;84;7.1;mid;1;0
485;9000486;05.04.2023;iOS;Поволжье;female;17;1;Обувь;Дом;Электроника;25.10.2025;1;8741.44;8741.44;187;7.3;high;1;0
486;9000487;20.10.2022;iOS;Юг;male;30;1;Канцелярия;Детские товары;Электроника;;0;0.0;0.0;999;7.3;low;0;0
487;9000488;23.12.2025;iOS;Москва и МО;female;29;0;Одежда;Одежда;Детские товары;04.04.2026;1;2159.92;2159.92;26;7.3;mid;1;0
488;9000489;04.10.2025;Android;Москва и МО;female;38;1;Детские товары;Канцелярия;Одежда;11.10.2025;1;157.25;157.25;201;8.0;low;1;1
489;9000490;11.07.2023;Android;Москва и МО;female;35;1;Обувь;Электроника;Детские товары;20.10.2025;2;6486.85;3243.425;192;8.1;high;0;0
490;9000491;04.06.2024;Android;Урал;male;28;0;Красота;Дом;Дом;20.03.2025;2;3456.44;1728.22;406;8.1;high;0;0
491;9000492;30.04.2026;Android;Москва и МО;male;16;1;Одежда;Дом;Дом;;0;0.0;0.0;999;7.1;mid;1;1
492;9000493;06.04.2025;iOS;Сибирь;female;31;1;Одежда;Товары для животных;Одежда;28.01.2026;1;1038.45;1038.45;92;7.3;high;1;1
493;9000494;07.02.2025;Android;Центр;female;35;1;Канцелярия;Одежда;Красота;27.02.2026;2;3831.51;1915.755;62;8.1;high;0;0
494;9000495;26.06.2023;Android;Юг;female;19;0;Красота;Аксессуары;Обувь;02.04.2026;4;12685.259999999998;3171.3149999999996;28;8.0;mid;1;1
495;9000496;10.03.2024;Android;Москва и МО;female;27;1;Спорт;Дом;Обувь;01.11.2024;1;2556.84;2556.84;545;8.1;unknown;1;0
496;9000497;03.01.2024;Web;Центр;male;55;0;Обувь;Аксессуары;Товары для животных;19.03.2026;3;11800.57;3933.523333333333;42;7.4;mid;0;0
497;9000498;11.11.2025;Android;Москва и МО;male;37;0;Одежда;Детские товары;Дом;29.03.2026;2;5307.76;2653.88;32;7.3;mid;1;0
498;9000499;14.06.2023;Android;Сибирь;female;28;1;Одежда;Товары для животных;Спорт;24.08.2025;1;1996.29;1996.29;249;7.4;high;1;0
499;9000500;13.08.2024;Android;Москва и МО;male;25;1;Спорт;Обувь;Красота;25.01.2026;2;5156.639999999999;2578.3199999999997;95;8.1;unknown;1;0
500;9000501;29.11.2024;Android;Центр;male;49;0;Обувь;Одежда;Электроника;;0;0.0;0.0;999;8.0;low;1;1
501;9000502;26.10.2025;iOS;Москва и МО;female;35;1;Спорт;Электроника;Одежда;;0;0.0;0.0;999;7.4;high;1;1
502;9000503;24.12.2025;Android;Урал;male;36;1;Одежда;Товары для животных;Аксессуары;;0;0.0;0.0;999;7.4;unknown;0;1
503;9000504;28.11.2025;Android;Москва и МО;female;16;0;Аксессуары;Красота;Обувь;;0;0.0;0.0;999;7.3;high;1;1
504;9000505;13.11.2022;Android;Центр;female;33;1;Аксессуары;Обувь;Дом;19.04.2026;3;5305.4;1768.4666666666665;11;7.4;low;0;0
505;9000506;14.09.2024;iOS;Москва и МО;male;40;1;Товары для животных;Детские товары;Одежда;;0;0.0;0.0;999;7.2;mid;1;0
506;9000507;20.12.2023;Web;Юг;male;34;1;Детские товары;Аксессуары;Красота;21.03.2026;4;3914.96;978.74;40;7.3;high;1;1
507;9000508;06.06.2024;Android;Урал;female;16;0;Аксессуары;Электроника;Красота;13.02.2025;2;1354.6799999999998;677.3399999999999;441;8.1;low;0;0
508;9000509;13.08.2024;Android;Сибирь;female;58;1;Товары для животных;Одежда;Электроника;27.12.2025;2;831.68;415.84;124;7.3;mid;0;0
509;9000510;23.02.2026;Android;Урал;female;34;1;Дом;Красота;Аксессуары;;0;0.0;0.0;999;8.0;high;0;1
510;9000511;06.08.2025;Android;Москва и МО;female;27;1;Дом;Дом;Одежда;;0;0.0;0.0;999;8.0;mid;1;0
511;9000512;27.08.2023;Android;Центр;male;46;1;Канцелярия;Обувь;Аксессуары;28.07.2025;1;4761.6;4761.6;276;7.4;mid;0;1
512;9000513;07.10.2024;Android;Санкт-Петербург;female;21;1;Красота;Электроника;Спорт;29.03.2026;1;3047.75;3047.75;32;8.1;mid;1;1
513;9000514;20.09.2023;iOS;Поволжье;male;47;1;Товары для животных;Аксессуары;Товары для животных;13.09.2024;1;1773.9;1773.9;594;8.1;unknown;1;0
514;9000515;17.09.2024;Android;Юг;male;38;1;Обувь;Дом;Электроника;10.03.2026;3;14129.490000000002;4709.830000000001;51;8.0;mid;1;0
515;9000516;06.10.2025;Android;Москва и МО;female;58;1;Одежда;Дом;Красота;13.03.2026;1;250.5;250.5;48;8.0;low;1;0
516;9000517;22.04.2024;iOS;Урал;female;32;1;Товары для животных;Дом;Канцелярия;;0;0.0;0.0;999;7.3;mid;0;0
517;9000518;24.08.2025;Android;Центр;female;36;1;Дом;Обувь;Аксессуары;;0;0.0;0.0;999;7.3;high;0;0
518;9000519;16.01.2024;Android;Москва и МО;unknown;30;1;Одежда;Красота;Детские товары;04.07.2025;2;712.46;356.23;300;7.2;mid;0;0
519;9000520;05.10.2025;Android;Урал;female;43;1;Красота;Спорт;Одежда;12.04.2026;1;8182.41;8182.41;18;8.0;mid;0;1
520;9000521;17.09.2025;iOS;Москва и МО;male;38;0;Обувь;Дом;Дом;15.03.2026;1;6389.1;6389.1;46;7.4;mid;1;0
521;9000522;06.02.2023;iOS;Юг;female;16;1;Спорт;Красота;Одежда;04.09.2025;2;3163.68;1581.84;238;7.3;low;0;0
522;9000523;26.07.2023;Android;Юг;female;28;1;Обувь;Красота;Товары для животных;18.11.2024;1;2693.99;2693.99;528;7.1;mid;0;0
523;9000524;13.04.2025;Android;Москва и МО;female;41;1;Дом;Спорт;Обувь;;0;0.0;0.0;999;7.1;high;1;0
524;9000525;03.12.2025;Android;Сибирь;female;37;1;Электроника;Красота;Аксессуары;04.04.2026;2;1359.12;679.5600000000001;26;7.4;mid;1;0
525;9000526;10.10.2025;Web;Сибирь;female;47;1;Красота;Одежда;Красота;07.04.2026;1;1690.99;1690.99;23;7.3;low;0;0
526;9000527;22.06.2023;iOS;Москва и МО;male;32;0;Электроника;Детские товары;Красота;24.03.2025;1;1203.57;1203.57;402;7.2;high;1;1
527;9000528;13.08.2024;Android;Сибирь;female;35;1;Детские товары;Спорт;Дом;11.03.2026;5;7599.15;1519.83;50;8.1;mid;0;0
528;9000529;23.03.2023;Android;Сибирь;female;34;1;Товары для животных;Обувь;Красота;30.12.2025;2;2102.34;1051.17;121;7.4;mid;1;1
529;9000530;13.02.2023;Android;Москва и МО;female;35;1;Одежда;Канцелярия;Обувь;13.01.2026;4;10159.27;2539.8175;107;7.1;low;1;0
530;9000531;22.10.2025;Android;Москва и МО;male;21;1;Электроника;Обувь;Красота;01.02.2026;1;141.48;141.48;88;7.2;mid;1;0
531;9000532;02.11.2023;iOS;Москва и МО;female;58;1;Канцелярия;Обувь;Одежда;;0;0.0;0.0;999;7.4;mid;1;1
532;9000533;25.10.2022;Android;Москва и МО;female;37;1;Дом;Дом;Электроника;26.11.2025;2;2240.77;1120.385;155;7.1;mid;1;0
533;9000534;10.06.2025;iOS;Поволжье;male;27;1;Спорт;Одежда;Обувь;25.09.2025;1;721.44;721.44;217;8.1;high;1;0
534;9000535;07.03.2025;iOS;Урал;male;40;1;Спорт;Одежда;Спорт;;0;0.0;0.0;999;7.2;mid;0;0
535;9000536;12.11.2024;Android;Юг;female;24;1;Обувь;Канцелярия;Красота;10.02.2026;2;1573.36;786.68;79;7.3;high;0;0
536;9000537;16.12.2025;Android;Урал;unknown;40;1;Одежда;Электроника;Спорт;;0;0.0;0.0;999;7.3;mid;1;0
537;9000538;07.02.2024;Web;Москва и МО;male;35;0;Дом;Одежда;Электроника;22.01.2026;4;8539.23;2134.8075;98;7.4;low;1;0
538;9000539;28.02.2024;Android;Юг;male;38;1;Аксессуары;Одежда;Дом;07.02.2026;2;919.86;459.93;82;7.1;low;1;1
539;9000540;11.04.2023;Android;Москва и МО;male;32;0;Одежда;Красота;Детские товары;05.03.2025;1;529.23;529.23;421;7.4;high;1;0
540;9000541;12.04.2026;Android;Центр;male;29;1;Аксессуары;Электроника;Дом;;0;0.0;0.0;999;8.0;mid;1;0
541;9000542;28.10.2024;iOS;Центр;female;33;0;Одежда;Электроника;Красота;08.02.2026;1;357.12;357.12;81;7.4;low;0;1
542;9000543;21.04.2024;Android;Центр;male;45;1;Обувь;Одежда;Детские товары;28.11.2024;1;1516.2;1516.2;518;8.0;mid;0;0
543;9000544;11.09.2023;Android;Центр;female;26;1;Одежда;Красота;Одежда;;0;0.0;0.0;999;7.3;low;0;1
544;9000545;31.08.2023;iOS;Урал;male;40;1;Одежда;Аксессуары;Дом;26.02.2026;3;9059.47;3019.8233333333337;63;8.0;unknown;1;0
545;9000546;02.09.2024;Android;Центр;male;34;1;Одежда;Красота;Красота;27.04.2026;3;2963.3199999999997;987.7733333333332;3;7.1;high;0;1
546;9000547;25.06.2025;Android;Москва и МО;male;54;1;Аксессуары;Электроника;Товары для животных;;0;0.0;0.0;999;7.3;high;0;0
547;9000548;06.02.2026;iOS;Урал;male;33;1;Товары для животных;Красота;Красота;;0;0.0;0.0;999;7.4;mid;1;0
548;9000549;26.09.2022;Android;Москва и МО;female;29;1;Аксессуары;Обувь;Дом;18.08.2025;3;13228.16;4409.386666666666;255;8.0;low;1;1
549;9000550;04.03.2026;Android;Москва и МО;female;47;1;Дом;Детские товары;Электроника;;0;0.0;0.0;999;7.3;low;1;1
550;9000551;22.11.2022;Android;Сибирь;male;21;1;Обувь;Красота;Одежда;;0;0.0;0.0;999;7.4;low;0;1
551;9000552;23.08.2023;Android;Урал;female;32;1;Красота;Одежда;Товары для животных;07.01.2025;1;310.04;310.04;478;7.4;unknown;1;1
552;9000553;19.08.2024;Android;Сибирь;female;31;1;Красота;Дом;Одежда;;0;0.0;0.0;999;7.2;mid;1;0
553;9000554;27.03.2026;Android;Москва и МО;male;44;1;Детские товары;Спорт;Аксессуары;;0;0.0;0.0;999;8.1;mid;1;0
554;9000555;26.02.2026;iOS;Юг;male;28;1;Обувь;Спорт;Детские товары;;0;0.0;0.0;999;7.3;high;1;1
555;9000556;29.01.2026;Android;Дальний Восток;male;36;1;Аксессуары;Дом;Электроника;05.04.2026;1;5540.46;5540.46;25;8.0;unknown;1;0
556;9000557;27.04.2023;Android;Санкт-Петербург;female;48;1;Одежда;Дом;Одежда;16.02.2026;1;3003.0;3003.0;73;7.1;high;1;0
557;9000558;19.09.2023;Android;Сибирь;male;49;1;Спорт;Обувь;Аксессуары;06.09.2025;2;7122.6;3561.3;236;8.0;mid;1;1
558;9000559;24.11.2022;Android;Москва и МО;male;27;0;Одежда;Электроника;Красота;16.02.2026;3;5399.780000000001;1799.926666666667;73;8.1;mid;1;0
559;9000560;11.04.2024;Android;Дальний Восток;female;27;1;Дом;Дом;Красота;19.07.2025;1;2127.29;2127.29;285;8.0;high;1;0
560;9000561;20.07.2023;iOS;Санкт-Петербург;female;27;0;Обувь;Электроника;Аксессуары;;0;0.0;0.0;999;8.0;mid;0;0
561;9000562;26.04.2024;iOS;Поволжье;female;25;0;Дом;Спорт;Обувь;03.02.2025;1;7232.4;7232.4;451;7.4;mid;1;0
562;9000563;28.06.2025;iOS;Москва и МО;male;41;0;Красота;Спорт;Электроника;08.10.2025;1;200.64;200.64;204;8.0;mid;1;0
563;9000564;01.12.2025;iOS;Поволжье;female;22;1;Электроника;Обувь;Дом;;0;0.0;0.0;999;8.1;mid;0;0
564;9000565;02.06.2025;iOS;Москва и МО;male;30;1;Красота;Дом;Обувь;29.09.2025;4;7223.67;1805.9175;213;7.2;mid;1;1
565;9000566;04.04.2025;Android;Москва и МО;female;17;1;Одежда;Детские товары;Дом;25.03.2026;1;433.44;433.44;36;8.0;low;1;1
566;9000567;25.10.2022;Web;Сибирь;male;39;1;Детские товары;Товары для животных;Спорт;25.10.2025;2;4372.7;2186.35;187;7.2;low;1;0
567;9000568;07.05.2025;Android;Центр;female;24;1;Детские товары;Красота;Дом;21.01.2026;1;2284.92;2284.92;99;7.1;mid;0;0
568;9000569;31.03.2023;Web;Центр;male;21;1;Красота;Одежда;Красота;;0;0.0;0.0;999;7.3;mid;1;0
569;9000570;20.07.2024;Web;Москва и МО;female;40;1;Одежда;Канцелярия;Детские товары;07.12.2024;1;2120.1;2120.1;509;8.1;low;0;1
570;9000571;07.06.2025;iOS;Юг;female;35;1;Одежда;Электроника;Дом;11.07.2025;1;362.4;362.4;293;7.2;unknown;1;0
571;9000572;26.07.2024;iOS;Москва и МО;unknown;25;0;Детские товары;Электроника;Обувь;16.01.2026;1;652.49;652.49;104;8.1;high;1;0
572;9000573;01.02.2023;iOS;Санкт-Петербург;female;24;1;Аксессуары;Одежда;Дом;22.09.2025;1;316.54;316.54;220;7.1;low;0;1
573;9000574;10.06.2023;iOS;Санкт-Петербург;female;16;1;Дом;Красота;Электроника;;0;0.0;0.0;999;7.4;mid;1;0
574;9000575;16.01.2026;Android;Сибирь;female;53;0;Товары для животных;Обувь;Детские товары;;0;0.0;0.0;999;7.4;mid;1;1
575;9000576;16.08.2024;Android;Юг;female;30;1;Дом;Обувь;Красота;08.04.2026;2;7873.66;3936.83;22;8.0;mid;0;0
576;9000577;11.05.2024;Android;Москва и МО;male;16;1;Одежда;Обувь;Одежда;07.03.2025;3;2276.54;758.8466666666667;419;7.3;low;0;0
577;9000578;21.02.2025;Android;Санкт-Петербург;male;28;1;Спорт;Красота;Одежда;30.07.2025;1;386.4;386.4;274;7.4;mid;1;0
578;9000579;05.03.2026;iOS;Центр;female;39;0;Одежда;Детские товары;Электроника;;0;0.0;0.0;999;8.0;high;1;1
579;9000580;10.07.2025;Android;Сибирь;female;38;0;Дом;Красота;Одежда;;0;0.0;0.0;999;8.1;low;1;0
580;9000581;06.03.2026;iOS;Поволжье;male;37;1;Спорт;Дом;Детские товары;28.03.2026;2;5890.6;2945.3;33;7.3;mid;1;1
581;9000582;03.10.2024;iOS;Юг;male;38;1;Электроника;Одежда;Красота;05.07.2025;1;601.37;601.37;299;8.0;unknown;0;0
582;9000583;20.09.2024;Web;Центр;female;42;1;Обувь;Одежда;Канцелярия;31.10.2025;1;544.36;544.36;181;8.0;mid;1;1
583;9000584;28.11.2024;iOS;Поволжье;female;24;1;Электроника;Обувь;Канцелярия;07.03.2026;3;1412.63;470.8766666666667;54;7.3;mid;0;0
584;9000585;11.01.2025;iOS;Москва и МО;male;46;0;Дом;Красота;Одежда;22.11.2025;1;567.49;567.49;159;7.3;low;0;0
585;9000586;21.09.2024;Android;Урал;female;35;1;Электроника;Дом;Одежда;21.04.2026;5;6162.87;1232.574;9;7.1;low;1;0
586;9000587;29.04.2025;Android;Юг;male;24;0;Одежда;Спорт;Дом;02.03.2026;2;2931.84;1465.92;59;8.1;mid;1;1
587;9000588;31.12.2022;Android;Санкт-Петербург;female;29;1;Одежда;Красота;Спорт;;0;0.0;0.0;999;8.0;high;1;0
588;9000589;28.04.2025;Android;Москва и МО;male;23;1;Аксессуары;Одежда;Спорт;09.04.2026;2;2932.75;1466.375;21;8.1;mid;1;0
589;9000590;25.02.2026;iOS;Москва и МО;female;34;0;Аксессуары;Товары для животных;Электроника;;0;0.0;0.0;999;7.3;high;1;0
590;9000591;20.07.2025;Android;Москва и МО;male;32;0;Электроника;Спорт;Одежда;25.11.2025;2;860.25;430.125;156;8.0;mid;0;0
591;9000592;26.06.2025;Android;Москва и МО;female;29;0;Обувь;Детские товары;Аксессуары;;0;0.0;0.0;999;7.2;low;1;0
592;9000593;12.08.2024;Android;Поволжье;female;48;1;Дом;Канцелярия;Обувь;23.01.2026;3;7282.66;2427.5533333333333;97;8.1;low;1;1
593;9000594;27.03.2024;iOS;Поволжье;male;33;1;Спорт;Дом;Аксессуары;17.11.2024;1;658.59;658.59;529;8.0;mid;1;0
594;9000595;29.03.2025;iOS;Центр;female;25;1;Красота;Обувь;Красота;13.04.2025;1;2403.96;2403.96;382;8.1;high;0;1
595;9000596;08.09.2025;Web;Поволжье;female;26;1;Красота;Одежда;Детские товары;29.03.2026;1;949.09;949.09;32;7.1;mid;1;0
596;9000597;01.12.2025;Android;Москва и МО;female;38;1;Товары для животных;Детские товары;Одежда;;0;0.0;0.0;999;7.4;high;1;0
597;9000598;15.05.2024;iOS;Юг;female;27;0;Обувь;Одежда;Аксессуары;18.10.2025;5;14674.86;2934.972;194;8.0;mid;1;1
598;9000599;20.06.2023;Android;Сибирь;female;23;0;Одежда;Канцелярия;Детские товары;14.01.2026;2;962.77;481.385;106;8.1;low;0;0
599;9000600;18.04.2026;iOS;Центр;female;29;0;Канцелярия;Одежда;Обувь;;0;0.0;0.0;999;7.4;mid;1;1
600;9000601;15.06.2023;Android;Урал;male;27;1;Обувь;Дом;Электроника;04.07.2025;1;1211.28;1211.28;300;7.3;low;1;0
601;9000602;03.02.2024;Android;Москва и МО;female;45;1;Одежда;Одежда;Канцелярия;20.03.2026;1;3443.18;3443.18;41;7.3;unknown;0;1
602;9000603;27.04.2024;iOS;Москва и МО;female;24;1;Обувь;Красота;Одежда;27.10.2025;1;1037.5;1037.5;185;7.4;high;1;1
603;9000604;20.08.2024;Android;Санкт-Петербург;male;36;0;Дом;Красота;Детские товары;03.11.2024;1;401.05;401.05;543;8.0;high;1;0
604;9000605;26.11.2023;Android;Урал;male;44;1;Детские товары;Обувь;Спорт;;0;0.0;0.0;999;7.3;high;1;0
605;9000606;08.10.2023;iOS;Санкт-Петербург;male;46;0;Одежда;Аксессуары;Обувь;30.09.2025;1;3368.9;3368.9;212;8.0;unknown;1;1
606;9000607;12.12.2025;Android;Дальний Восток;female;27;1;Красота;Спорт;Дом;;0;0.0;0.0;999;8.0;mid;1;0
607;9000608;23.07.2025;iOS;Юг;male;44;1;Одежда;Спорт;Дом;15.03.2026;1;2600.1;2600.1;46;7.2;high;0;0
608;9000609;08.09.2024;iOS;Москва и МО;female;20;1;Электроника;Красота;Дом;04.03.2026;4;4807.07;1201.7675;57;7.4;mid;1;0
609;9000610;19.08.2023;iOS;Поволжье;unknown;59;1;Красота;Канцелярия;Дом;13.04.2026;3;2338.36;779.4533333333334;17;8.0;mid;1;1
610;9000611;26.04.2024;iOS;Центр;male;29;1;Красота;Детские товары;Одежда;;0;0.0;0.0;999;7.3;high;0;1
611;9000612;11.11.2025;Android;Москва и МО;male;45;1;Одежда;Красота;Красота;;0;0.0;0.0;999;7.4;high;1;0
612;9000613;07.04.2023;Web;Москва и МО;female;30;1;Электроника;Спорт;Дом;26.03.2026;2;6442.62;3221.31;35;7.4;mid;1;0
613;9000614;18.01.2023;Android;Москва и МО;female;23;1;Одежда;Красота;Дом;01.06.2025;1;1193.8;1193.8;333;7.4;low;1;1
614;9000615;23.11.2024;iOS;Урал;unknown;31;1;Одежда;Аксессуары;Дом;;0;0.0;0.0;999;7.2;low;0;0
615;9000616;04.12.2023;Android;Москва и МО;female;16;1;Одежда;Канцелярия;Дом;23.02.2026;4;1857.44;464.36;66;7.1;unknown;0;0
616;9000617;04.01.2024;iOS;Урал;male;34;1;Дом;Товары для животных;Дом;13.10.2025;2;2198.66;1099.33;199;7.2;high;1;1
617;9000618;20.11.2024;iOS;Поволжье;male;19;0;Аксессуары;Красота;Обувь;21.10.2025;2;2310.26;1155.13;191;8.0;high;0;0
618;9000619;10.03.2024;Android;Санкт-Петербург;female;36;1;Электроника;Одежда;Товары для животных;10.02.2026;5;12140.56;2428.112;79;8.1;unknown;1;0
619;9000620;31.05.2023;iOS;Москва и МО;male;28;1;Электроника;Канцелярия;Детские товары;31.07.2025;3;13893.64;4631.213333333333;273;7.3;mid;0;1
620;9000621;30.05.2023;Android;Центр;unknown;43;1;Электроника;Детские товары;Дом;07.08.2025;2;8707.37;4353.685;266;8.0;low;1;0
621;9000622;08.06.2025;iOS;Урал;female;37;1;Одежда;Красота;Электроника;26.10.2025;2;1426.0;713.0;186;7.4;mid;0;0
622;9000623;16.02.2026;Android;Урал;male;30;1;Красота;Красота;Спорт;;0;0.0;0.0;999;8.0;high;0;1
623;9000624;23.11.2023;iOS;Москва и МО;female;31;0;Обувь;Детские товары;Дом;11.04.2025;1;2365.26;2365.26;384;8.0;mid;0;0
624;9000625;17.07.2025;Android;Урал;male;43;0;Электроника;Обувь;Спорт;;0;0.0;0.0;999;7.2;mid;1;1
625;9000626;03.03.2023;Android;Юг;female;32;1;Одежда;Детские товары;Спорт;27.02.2026;1;1038.45;1038.45;62;7.3;mid;0;1
626;9000627;21.11.2023;Android;Поволжье;female;26;1;Аксессуары;Дом;Дом;17.04.2025;2;4316.9;2158.45;378;8.0;high;1;1
627;9000628;02.04.2026;Android;Урал;female;28;0;Одежда;Красота;Дом;;0;0.0;0.0;999;8.0;unknown;0;0
628;9000629;14.06.2025;Android;Москва и МО;female;44;1;Красота;Одежда;Дом;08.03.2026;1;2904.72;2904.72;53;8.0;low;1;1
629;9000630;14.06.2023;iOS;Урал;male;33;1;Красота;Аксессуары;Одежда;06.07.2025;1;1860.0;1860.0;298;7.4;mid;1;1
630;9000631;05.03.2026;iOS;Санкт-Петербург;female;25;0;Аксессуары;Дом;Красота;;0;0.0;0.0;999;7.3;mid;0;0
631;9000632;15.10.2022;iOS;Юг;female;57;1;Красота;Дом;Обувь;11.03.2026;2;1285.28;642.64;50;8.0;mid;1;1
632;9000633;13.05.2025;Web;Центр;female;38;0;Спорт;Обувь;Красота;27.02.2026;1;1316.16;1316.16;62;7.3;low;0;0
633;9000634;27.10.2023;iOS;Москва и МО;male;55;1;Товары для животных;Одежда;Одежда;18.07.2025;1;132.72;132.72;286;7.3;mid;1;0
634;9000635;10.05.2024;iOS;Москва и МО;female;31;1;Одежда;Аксессуары;Обувь;;0;0.0;0.0;999;8.0;mid;1;1
635;9000636;05.03.2024;Android;Центр;female;23;1;Товары для животных;Красота;Детские товары;28.04.2026;3;996.15;332.05;2;7.3;low;1;0
636;9000637;06.06.2023;Android;Москва и МО;female;36;1;Красота;Обувь;Обувь;15.02.2026;3;2691.67;897.2233333333334;74;7.4;mid;1;0
637;9000638;05.06.2025;Android;Москва и МО;male;32;1;Электроника;Дом;Одежда;;0;0.0;0.0;999;8.0;mid;1;0
638;9000639;29.05.2024;Android;Сибирь;unknown;34;1;Дом;Детские товары;Красота;17.04.2026;4;3667.81;916.9525;13;7.1;low;1;0
639;9000640;18.10.2022;Android;Центр;female;32;1;Красота;Одежда;Канцелярия;03.08.2025;2;1516.63;758.315;270;7.1;low;1;0
640;9000641;31.10.2023;Android;Поволжье;unknown;19;1;Электроника;Красота;Детские товары;15.01.2025;4;5960.99;1490.2475;470;7.4;mid;1;1
641;9000642;06.08.2024;iOS;Москва и МО;male;51;0;Красота;Одежда;Красота;10.02.2026;2;1346.44;673.22;79;7.4;mid;1;0
642;9000643;02.08.2023;iOS;Москва и МО;female;23;1;Детские товары;Красота;Товары для животных;30.10.2025;1;348.66;348.66;182;7.2;low;0;0
643;9000644;23.04.2026;Android;Санкт-Петербург;female;41;1;Одежда;Обувь;Канцелярия;;0;0.0;0.0;999;7.1;high;1;0
644;9000645;05.08.2025;Android;Сибирь;male;39;1;Одежда;Канцелярия;Спорт;12.01.2026;1;5245.6;5245.6;108;7.4;low;1;0
645;9000646;04.02.2024;iOS;Урал;female;19;1;Одежда;Детские товары;Красота;;0;0.0;0.0;999;7.4;low;1;1
646;9000647;04.03.2023;Android;Центр;female;50;1;Обувь;Красота;Дом;15.01.2025;1;815.32;815.32;470;7.4;low;1;0
647;9000648;04.08.2023;Android;Санкт-Петербург;female;41;1;Детские товары;Электроника;Обувь;28.07.2025;2;5233.54;2616.77;276;7.3;mid;1;1
648;9000649;23.02.2024;Android;Москва и МО;male;27;0;Красота;Обувь;Дом;17.05.2025;3;1182.28;394.0933333333333;348;7.3;high;0;0
649;9000650;24.10.2024;Android;Поволжье;female;53;1;Электроника;Спорт;Красота;12.05.2025;1;736.8;736.8;353;8.0;low;0;0
650;9000651;10.12.2022;Android;Центр;male;31;1;Обувь;Детские товары;Дом;10.03.2025;1;3714.96;3714.96;416;7.2;mid;1;1
651;9000652;19.01.2024;Android;Москва и МО;female;20;1;Электроника;Одежда;Дом;16.08.2025;1;1483.3;1483.3;257;8.0;high;1;0
652;9000653;01.09.2025;iOS;Дальний Восток;female;41;0;Товары для животных;Дом;Электроника;07.03.2026;1;1548.6;1548.6;54;8.1;mid;1;0
653;9000654;16.11.2024;Android;Центр;male;18;1;Обувь;Электроника;Одежда;09.04.2026;2;3982.1;1991.05;21;7.3;high;1;1
654;9000655;19.09.2023;Android;Центр;female;28;1;Красота;Обувь;Товары для животных;14.01.2026;2;4635.41;2317.705;106;7.4;low;1;0
655;9000656;26.12.2022;iOS;Центр;female;23;1;Красота;Одежда;Одежда;14.11.2024;2;1669.58;834.79;532;8.1;high;0;0
656;9000657;28.01.2023;Android;Поволжье;female;41;1;Аксессуары;Дом;Одежда;05.05.2025;3;5118.799999999999;1706.2666666666664;360;8.0;high;0;0
657;9000658;21.03.2025;iOS;Поволжье;male;16;1;Электроника;Одежда;Одежда;21.04.2026;2;3191.8199999999997;1595.91;9;8.0;mid;1;0
658;9000659;01.09.2025;iOS;Санкт-Петербург;male;23;1;Одежда;Электроника;Товары для животных;09.03.2026;1;391.02;391.02;52;7.4;low;1;1
659;9000660;25.09.2022;iOS;Москва и МО;female;42;1;Одежда;Обувь;Канцелярия;02.10.2025;3;8105.45;2701.8166666666666;210;8.0;low;1;0
660;9000661;06.09.2024;Android;Поволжье;male;28;1;Красота;Аксессуары;Детские товары;03.04.2026;6;11264.09;1877.3483333333336;27;7.4;low;1;0
661;9000662;10.06.2024;iOS;Центр;female;53;1;Красота;Одежда;Обувь;30.03.2026;3;13366.86;4455.62;31;8.0;low;0;1
662;9000663;20.09.2023;Android;Сибирь;male;26;1;Дом;Красота;Канцелярия;;0;0.0;0.0;999;7.2;high;0;1
663;9000664;08.05.2024;iOS;Поволжье;male;39;1;Одежда;Дом;Электроника;04.02.2025;2;3569.11;1784.555;450;7.2;mid;0;1
664;9000665;01.07.2023;iOS;Поволжье;female;43;1;Обувь;Канцелярия;Красота;07.04.2026;3;4359.34;1453.1133333333337;23;7.3;high;1;0
665;9000666;14.09.2024;iOS;Центр;female;27;1;Обувь;Красота;Одежда;05.07.2025;1;2326.24;2326.24;299;7.1;low;0;1
666;9000667;30.07.2023;Web;Москва и МО;female;24;1;Одежда;Обувь;Детские товары;21.12.2024;1;6287.4;6287.4;495;8.0;high;1;1
667;9000668;08.02.2023;Android;Центр;male;30;0;Дом;Красота;Обувь;;0;0.0;0.0;999;8.0;high;0;1
668;9000669;21.08.2023;Android;Москва и МО;female;26;1;Красота;Детские товары;Одежда;10.12.2025;4;9440.86;2360.215;141;8.1;low;1;0
669;9000670;05.11.2024;Android;Сибирь;male;44;1;Одежда;Аксессуары;Электроника;02.09.2025;1;1903.22;1903.22;240;7.3;high;1;1
670;9000671;07.03.2023;Android;Москва и МО;male;28;0;Дом;Одежда;Товары для животных;16.12.2025;3;2987.69;995.8966666666666;135;8.0;mid;0;1
671;9000672;04.06.2023;iOS;Москва и МО;female;38;1;Канцелярия;Аксессуары;Красота;10.10.2025;4;1006.66;251.665;202;8.0;low;1;0
672;9000673;11.04.2024;Android;Юг;female;24;1;Электроника;Обувь;Дом;12.01.2026;3;5835.74;1945.246666666667;108;7.1;high;1;0
673;9000674;04.02.2024;Android;Поволжье;female;31;0;Детские товары;Одежда;Электроника;26.12.2025;3;8402.85;2800.9500000000003;125;7.2;high;0;0
674;9000675;06.06.2023;Web;Поволжье;female;40;0;Товары для животных;Красота;Одежда;03.05.2025;1;697.68;697.68;362;7.3;mid;0;0
675;9000676;03.07.2024;Android;Урал;male;41;0;Красота;Спорт;Детские товары;26.04.2026;2;1188.35;594.175;4;8.0;low;0;0
676;9000677;15.07.2024;iOS;Юг;male;50;0;Дом;Одежда;Электроника;14.03.2026;2;2333.01;1166.505;47;7.4;high;1;1
677;9000678;20.05.2023;iOS;Центр;female;33;1;Красота;Обувь;Спорт;19.04.2025;1;1445.51;1445.51;376;8.0;low;0;0
678;9000679;09.02.2026;Android;Сибирь;female;32;1;Красота;Одежда;Одежда;;0;0.0;0.0;999;7.2;low;1;0
679;9000680;13.07.2023;iOS;Урал;male;25;1;Товары для животных;Одежда;Красота;;0;0.0;0.0;999;7.3;mid;1;0
680;9000681;18.05.2025;Android;Дальний Восток;male;21;1;Обувь;Одежда;Товары для животных;30.06.2025;1;2723.1;2723.1;304;7.1;mid;1;1
681;9000682;22.03.2025;Android;Центр;unknown;28;1;Дом;Товары для животных;Детские товары;;0;0.0;0.0;999;8.1;mid;1;0
682;9000683;06.05.2023;Web;Дальний Восток;female;43;1;Красота;Товары для животных;Дом;06.04.2026;1;381.24;381.24;24;7.3;mid;1;1
683;9000684;07.09.2025;iOS;Санкт-Петербург;male;31;1;Канцелярия;Детские товары;Дом;27.11.2025;1;602.24;602.24;154;7.4;mid;1;0
684;9000685;10.06.2025;Web;Москва и МО;unknown;21;1;Одежда;Детские товары;Одежда;;0;0.0;0.0;999;7.2;mid;1;0
685;9000686;22.12.2025;Android;Поволжье;female;36;1;Электроника;Дом;Красота;;0;0.0;0.0;999;7.3;mid;0;1
686;9000687;25.05.2025;Android;Поволжье;female;28;1;Канцелярия;Дом;Красота;23.06.2025;1;777.0;777.0;311;8.0;mid;0;0
687;9000688;09.12.2022;iOS;Юг;female;44;0;Канцелярия;Аксессуары;Товары для животных;15.09.2025;2;4867.280000000001;2433.6400000000003;227;7.4;mid;0;0
688;9000689;01.11.2023;Android;Москва и МО;male;50;1;Канцелярия;Электроника;Товары для животных;10.04.2026;2;1769.89;884.945;20;7.4;mid;1;1
689;9000690;04.02.2023;Android;Центр;female;29;0;Дом;Товары для животных;Дом;29.04.2026;2;1994.63;997.315;1;8.0;unknown;1;0
690;9000691;10.07.2025;iOS;Урал;male;16;0;Товары для животных;Детские товары;Спорт;01.05.2026;2;875.62;437.81;-1;8.1;mid;1;0
691;9000692;10.06.2025;Web;Сибирь;female;45;1;Красота;Одежда;Дом;;0;0.0;0.0;999;7.1;unknown;0;0
692;9000693;18.07.2024;iOS;Сибирь;male;28;1;Канцелярия;Дом;Красота;14.04.2026;5;4814.25;962.85;16;7.3;mid;0;0
693;9000694;01.10.2025;Android;Санкт-Петербург;male;26;0;Детские товары;Аксессуары;Аксессуары;04.04.2026;2;4310.06;2155.03;26;8.1;high;1;0
694;9000695;16.08.2025;iOS;Урал;male;38;1;Красота;Спорт;Обувь;;0;0.0;0.0;999;8.0;mid;1;0
695;9000696;21.02.2026;iOS;Центр;female;31;0;Красота;Обувь;Спорт;;0;0.0;0.0;999;8.0;mid;0;0
696;9000697;07.01.2025;iOS;Центр;female;25;1;Детские товары;Электроника;Одежда;22.02.2026;2;2837.48;1418.74;67;8.1;unknown;0;1
697;9000698;06.12.2023;iOS;Санкт-Петербург;male;36;1;Одежда;Дом;Обувь;02.10.2025;2;4966.24;2483.12;210;7.1;low;1;0
698;9000699;01.07.2025;iOS;Москва и МО;female;24;1;Электроника;Дом;Обувь;03.03.2026;1;5380.2;5380.2;58;7.2;low;0;0
699;9000700;02.07.2024;Android;Юг;female;16;0;Спорт;Дом;Одежда;08.04.2026;2;5911.42;2955.71;22;7.1;high;1;0
700;9000701;12.03.2023;Android;Центр;male;34;1;Детские товары;Дом;Товары для животных;22.01.2025;3;6836.1;2278.7000000000003;463;7.3;high;1;1
701;9000702;22.04.2025;Android;Поволжье;male;43;1;Одежда;Красота;Аксессуары;16.10.2025;1;372.4;372.4;196;7.1;low;1;0
702;9000703;15.11.2023;iOS;Москва и МО;female;26;0;Красота;Электроника;Обувь;25.04.2025;2;5040.2;2520.1;370;7.2;low;1;0
703;9000704;19.11.2025;iOS;Урал;female;30;1;Товары для животных;Красота;Обувь;;0;0.0;0.0;999;7.1;mid;1;0
704;9000705;30.10.2024;Android;Юг;female;35;1;Детские товары;Одежда;Дом;05.09.2025;1;649.8;649.8;237;7.4;low;0;0
705;9000706;09.02.2023;Android;Сибирь;female;16;1;Детские товары;Детские товары;Красота;16.03.2026;4;7548.19;1887.0475;45;7.4;mid;1;1
706;9000707;10.12.2024;Android;Центр;female;37;1;Одежда;Товары для животных;Красота;;0;0.0;0.0;999;7.4;low;1;1
707;9000708;19.03.2024;iOS;Поволжье;male;34;1;Товары для животных;Одежда;Аксессуары;01.05.2026;2;944.25;472.125;-1;7.3;high;1;1
708;9000709;11.10.2025;Web;Юг;male;23;1;Спорт;Аксессуары;Дом;03.02.2026;2;4416.8;2208.4;86;7.3;mid;1;1
709;9000710;25.12.2024;Android;Поволжье;male;29;1;Спорт;Товары для животных;Дом;14.02.2026;1;414.63;414.63;75;8.0;high;0;1
710;9000711;11.09.2025;Web;Москва и МО;female;28;1;Детские товары;Аксессуары;Детские товары;08.01.2026;1;351.2;351.2;112;7.2;mid;1;0
711;9000712;25.09.2022;iOS;Урал;male;53;1;Одежда;Канцелярия;Электроника;15.12.2024;1;367.2;367.2;501;8.0;mid;0;0
712;9000713;28.09.2024;Android;Центр;male;47;1;Товары для животных;Красота;Красота;11.09.2025;3;2963.91;987.97;231;8.0;unknown;1;0
713;9000714;11.09.2025;Android;Санкт-Петербург;female;27;1;Спорт;Товары для животных;Красота;19.12.2025;1;355.1;355.1;132;8.0;high;1;0
714;9000715;21.06.2023;iOS;Санкт-Петербург;male;35;1;Аксессуары;Обувь;Дом;;0;0.0;0.0;999;8.0;mid;1;1
715;9000716;27.10.2025;iOS;Урал;female;46;1;Красота;Дом;Дом;;0;0.0;0.0;999;8.0;unknown;1;0
716;9000717;27.09.2023;Android;Центр;female;25;1;Детские товары;Красота;Дом;26.12.2025;3;4231.38;1410.46;125;8.0;high;1;0
717;9000718;28.03.2026;Web;Москва и МО;female;32;1;Одежда;Дом;Канцелярия;;0;0.0;0.0;999;7.4;low;0;1
718;9000719;12.03.2025;Android;Сибирь;male;29;1;Электроника;Канцелярия;Обувь;;0;0.0;0.0;999;8.0;low;1;0
719;9000720;30.11.2024;Android;Центр;female;16;0;Одежда;Электроника;Дом;13.07.2025;1;249.81;249.81;291;8.1;unknown;0;0
720;9000721;11.11.2024;Android;Москва и МО;male;24;0;Дом;Товары для животных;Электроника;25.09.2025;2;1482.02;741.01;217;7.4;mid;1;0
721;9000722;11.02.2024;Android;Урал;male;46;1;Обувь;Красота;Товары для животных;;0;0.0;0.0;999;7.2;high;1;0
722;9000723;10.03.2024;iOS;Центр;male;41;0;Детские товары;Красота;Канцелярия;16.01.2026;2;1323.92;661.96;104;8.1;high;1;0
723;9000724;03.02.2024;Web;Центр;male;50;1;Дом;Товары для животных;Одежда;11.04.2026;2;1476.22;738.11;19;7.3;mid;1;0
724;9000725;31.12.2022;Android;Санкт-Петербург;male;54;1;Электроника;Канцелярия;Красота;03.11.2025;2;2959.1;1479.55;178;8.1;high;1;0
725;9000726;09.04.2023;Web;Москва и МО;male;32;1;Детские товары;Спорт;Красота;15.02.2026;3;7124.7;2374.9;74;7.4;high;1;0
726;9000727;20.02.2025;Android;Поволжье;female;37;1;Красота;Одежда;Одежда;;0;0.0;0.0;999;8.1;mid;0;0
727;9000728;06.01.2025;iOS;Москва и МО;male;35;1;Красота;Товары для животных;Канцелярия;;0;0.0;0.0;999;7.4;mid;1;0
728;9000729;20.07.2024;Web;Юг;female;49;1;Товары для животных;Электроника;Электроника;;0;0.0;0.0;999;7.4;mid;1;0
729;9000730;03.08.2024;Android;Центр;male;27;1;Аксессуары;Красота;Спорт;23.08.2024;1;3475.94;3475.94;615;7.4;mid;1;0
730;9000731;15.06.2025;Android;Центр;unknown;35;1;Одежда;Обувь;Электроника;06.12.2025;1;896.04;896.04;145;7.2;mid;1;0
731;9000732;15.04.2025;Android;Москва и МО;male;36;0;Дом;Красота;Аксессуары;19.06.2025;1;4470.51;4470.51;315;8.0;unknown;1;0
732;9000733;19.10.2023;Android;Центр;male;49;1;Обувь;Одежда;Одежда;;0;0.0;0.0;999;8.1;low;0;0
733;9000734;28.04.2025;Android;Сибирь;male;46;1;Красота;Электроника;Спорт;27.04.2026;4;20541.29;5135.3225;3;8.0;mid;1;0
734;9000735;29.04.2023;Android;Юг;unknown;42;1;Дом;Детские товары;Одежда;;0;0.0;0.0;999;7.4;high;1;0
735;9000736;07.01.2025;Android;Поволжье;female;40;1;Канцелярия;Спорт;Дом;16.12.2025;4;12735.49;3183.8725;135;7.3;mid;1;1
736;9000737;17.05.2025;Android;Санкт-Петербург;female;20;0;Аксессуары;Канцелярия;Одежда;27.12.2025;1;2958.4;2958.4;124;7.4;mid;0;0
737;9000738;01.03.2024;iOS;Сибирь;female;48;1;Красота;Электроника;Красота;05.09.2025;1;659.54;659.54;237;8.0;low;0;1
738;9000739;06.10.2024;Web;Юг;male;22;1;Канцелярия;Обувь;Электроника;23.02.2026;1;93.83;93.83;66;8.1;high;1;0
739;9000740;29.07.2025;iOS;Центр;female;43;1;Спорт;Обувь;Дом;18.12.2025;2;3300.84;1650.42;133;7.4;high;0;1
740;9000741;30.10.2023;iOS;Москва и МО;male;37;0;Одежда;Электроника;Аксессуары;24.01.2026;2;6030.91;3015.455;96;7.2;mid;0;0
741;9000742;25.07.2024;Android;Урал;male;25;0;Дом;Детские товары;Красота;16.10.2025;2;3591.6;1795.8;196;7.4;mid;1;0
742;9000743;08.07.2023;Android;Поволжье;female;44;1;Одежда;Одежда;Товары для животных;;0;0.0;0.0;999;7.4;high;0;1
743;9000744;22.02.2025;Android;Дальний Восток;male;32;1;Одежда;Дом;Дом;05.04.2026;2;2547.0;1273.5;25;8.0;high;1;0
744;9000745;30.11.2025;iOS;Москва и МО;unknown;34;1;Одежда;Спорт;Одежда;;0;0.0;0.0;999;7.4;unknown;0;0
745;9000746;19.10.2022;iOS;Центр;female;26;1;Электроника;Дом;Электроника;;0;0.0;0.0;999;7.2;low;0;1
746;9000747;27.01.2026;Android;Москва и МО;unknown;34;1;Дом;Одежда;Одежда;18.03.2026;1;4617.36;4617.36;43;7.3;mid;0;0
747;9000748;16.12.2023;iOS;Урал;male;31;1;Красота;Спорт;Товары для животных;09.01.2026;2;592.8;296.4;111;8.1;unknown;1;0
748;9000749;20.05.2023;Android;Санкт-Петербург;male;24;1;Одежда;Красота;Электроника;02.06.2025;2;2385.92;1192.96;332;7.1;low;1;0
749;9000750;02.02.2023;iOS;Центр;female;18;1;Детские товары;Красота;Детские товары;24.12.2025;4;10324.25;2581.0625;127;7.3;mid;1;0
750;9000751;07.08.2024;Web;Москва и МО;male;36;1;Спорт;Красота;Дом;;0;0.0;0.0;999;7.4;mid;0;0
751;9000752;05.12.2022;iOS;Поволжье;male;26;1;Детские товары;Дом;Красота;22.09.2025;4;4670.3;1167.575;220;7.2;high;1;1
752;9000753;28.12.2022;Android;Поволжье;female;34;1;Детские товары;Электроника;Дом;;0;0.0;0.0;999;8.1;mid;1;1
753;9000754;26.08.2023;Android;Центр;female;42;1;Аксессуары;Дом;Одежда;11.04.2025;3;2425.6400000000003;808.5466666666667;384;7.3;high;1;1
754;9000755;23.09.2023;Android;Юг;male;37;0;Обувь;Спорт;Спорт;07.03.2026;2;7707.3;3853.65;54;8.0;high;1;0
755;9000756;01.09.2024;Android;Урал;male;20;1;Электроника;Товары для животных;Одежда;18.10.2025;2;4616.96;2308.48;194;7.4;mid;1;0
756;9000757;14.12.2023;Android;Поволжье;female;39;1;Детские товары;Красота;Обувь;;0;0.0;0.0;999;8.0;high;1;0
757;9000758;25.11.2023;Android;Москва и МО;female;35;0;Аксессуары;Красота;Одежда;12.01.2026;4;2699.52;674.88;108;8.0;low;1;1
758;9000759;22.07.2024;iOS;Сибирь;female;35;1;Аксессуары;Дом;Дом;12.10.2025;1;451.36;451.36;200;7.3;mid;1;0
759;9000760;11.05.2023;iOS;Санкт-Петербург;female;26;1;Аксессуары;Электроника;Спорт;23.11.2024;1;2944.64;2944.64;523;8.1;mid;1;0
760;9000761;09.10.2024;Web;Дальний Восток;female;40;0;Красота;Дом;Электроника;24.04.2025;2;2527.89;1263.945;371;8.1;low;1;0
761;9000762;23.02.2026;Android;Поволжье;unknown;19;0;Обувь;Дом;Одежда;;0;0.0;0.0;999;8.0;low;0;0
762;9000763;14.06.2023;iOS;Юг;female;36;0;Товары для животных;Одежда;Красота;09.11.2025;1;4613.14;4613.14;172;7.3;mid;1;0
763;9000764;28.05.2025;Android;Поволжье;female;38;0;Красота;Обувь;Одежда;;0;0.0;0.0;999;7.1;low;1;0
764;9000765;22.06.2025;Web;Москва и МО;female;19;1;Дом;Обувь;Красота;02.10.2025;1;1827.21;1827.21;210;7.2;low;1;0
765;9000766;07.06.2025;Android;Москва и МО;female;34;1;Одежда;Детские товары;Дом;10.04.2026;1;553.58;553.58;20;8.0;mid;1;1
766;9000767;18.11.2023;iOS;Санкт-Петербург;female;44;1;Детские товары;Красота;Дом;05.10.2025;1;596.75;596.75;207;7.4;high;1;0
767;9000768;22.12.2023;Android;Санкт-Петербург;male;28;1;Товары для животных;Обувь;Дом;28.01.2025;2;3448.79;1724.395;457;8.1;low;0;1
768;9000769;23.02.2026;Web;Москва и МО;male;59;1;Аксессуары;Одежда;Канцелярия;;0;0.0;0.0;999;7.4;low;1;0
769;9000770;01.08.2024;Android;Центр;male;33;1;Красота;Дом;Аксессуары;21.10.2025;1;702.99;702.99;191;7.3;mid;1;1
770;9000771;02.05.2025;Android;Москва и МО;male;31;1;Одежда;Спорт;Электроника;16.03.2026;1;687.96;687.96;45;7.1;high;1;0
771;9000772;30.09.2025;iOS;Москва и МО;male;42;1;Дом;Аксессуары;Электроника;;0;0.0;0.0;999;8.0;low;1;0
772;9000773;23.03.2023;Android;Поволжье;male;27;1;Аксессуары;Дом;Спорт;03.04.2026;4;10668.45;2667.1125;27;7.4;mid;1;1
773;9000774;09.09.2024;Android;Центр;unknown;42;1;Аксессуары;Канцелярия;Дом;30.04.2026;2;4843.3;2421.65;0;8.0;mid;0;0
774;9000775;10.07.2025;Android;Москва и МО;female;43;1;Аксессуары;Детские товары;Дом;;0;0.0;0.0;999;7.3;mid;1;1
775;9000776;06.03.2023;Android;Урал;female;27;0;Дом;Одежда;Спорт;02.11.2025;5;9774.77;1954.954;179;8.1;mid;1;0
776;9000777;23.12.2025;iOS;Центр;male;18;0;Красота;Электроника;Красота;;0;0.0;0.0;999;8.1;high;1;0
777;9000778;22.12.2023;Android;Юг;female;20;0;Дом;Дом;Аксессуары;18.01.2026;2;4342.55;2171.275;102;7.1;mid;1;0
778;9000779;01.06.2023;Android;Поволжье;male;32;1;Товары для животных;Одежда;Детские товары;15.01.2025;1;532.22;532.22;470;8.0;mid;1;0
779;9000780;14.12.2024;Android;Урал;female;31;1;Обувь;Дом;Дом;06.11.2025;1;3253.25;3253.25;175;8.0;high;1;0
780;9000781;15.04.2023;Android;Сибирь;female;30;1;Канцелярия;Одежда;Детские товары;18.04.2026;2;253.11;126.555;12;7.3;unknown;0;0
781;9000782;17.04.2023;Android;Сибирь;female;40;1;Детские товары;Дом;Одежда;;0;0.0;0.0;999;7.1;high;1;0
782;9000783;11.01.2026;Android;Москва и МО;female;26;0;Канцелярия;Одежда;Одежда;;0;0.0;0.0;999;7.2;unknown;1;0
783;9000784;16.02.2024;Android;Санкт-Петербург;female;49;1;Дом;Канцелярия;Электроника;16.04.2026;2;1774.66;887.3299999999999;14;7.4;mid;1;0
784;9000785;13.07.2025;Android;Урал;female;37;1;Электроника;Канцелярия;Одежда;08.10.2025;2;4899.53;2449.765;204;8.1;high;1;1
785;9000786;30.10.2022;iOS;Поволжье;female;44;0;Одежда;Спорт;Красота;31.10.2025;3;5439.33;1813.11;181;7.4;mid;1;1
786;9000787;07.11.2025;Android;Сибирь;female;33;1;Обувь;Товары для животных;Канцелярия;;0;0.0;0.0;999;7.2;low;1;0
787;9000788;17.04.2025;iOS;Центр;female;37;1;Одежда;Детские товары;Красота;;0;0.0;0.0;999;8.0;high;0;1
788;9000789;25.05.2024;Web;Поволжье;female;31;0;Дом;Детские товары;Канцелярия;;0;0.0;0.0;999;7.4;mid;0;1
789;9000790;09.07.2025;Web;Сибирь;female;18;0;Одежда;Обувь;Спорт;;0;0.0;0.0;999;7.1;mid;1;1
790;9000791;07.01.2026;iOS;Москва и МО;male;39;0;Аксессуары;Одежда;Дом;;0;0.0;0.0;999;8.0;mid;0;1
791;9000792;31.10.2022;iOS;Центр;male;25;1;Обувь;Красота;Одежда;22.02.2026;3;3650.05;1216.6833333333332;67;8.0;mid;1;1
792;9000793;01.09.2025;iOS;Поволжье;female;46;1;Дом;Канцелярия;Детские товары;;0;0.0;0.0;999;7.2;high;1;0
793;9000794;05.08.2025;Android;Центр;male;19;1;Товары для животных;Канцелярия;Одежда;01.11.2025;1;421.4;421.4;180;7.4;low;1;0
794;9000795;11.12.2023;iOS;Санкт-Петербург;male;29;0;Одежда;Детские товары;Аксессуары;04.02.2026;3;4624.32;1541.4399999999998;85;7.4;high;1;1
795;9000796;23.09.2023;Web;Поволжье;female;40;1;Детские товары;Дом;Красота;;0;0.0;0.0;999;8.1;low;1;0
796;9000797;30.04.2023;Web;Урал;female;45;0;Одежда;Дом;Спорт;24.11.2025;4;2903.25;725.8125;157;7.4;mid;0;0
797;9000798;24.07.2023;iOS;Юг;male;22;1;Спорт;Красота;Детские товары;26.10.2025;2;5514.570000000001;2757.2850000000003;186;8.1;mid;1;0
798;9000799;03.05.2024;iOS;Москва и МО;male;50;1;Красота;Спорт;Детские товары;;0;0.0;0.0;999;7.4;high;0;0
799;9000800;12.06.2025;Android;Москва и МО;female;36;1;Одежда;Красота;Канцелярия;07.12.2025;1;267.96;267.96;144;7.4;low;1;1
800;9000801;22.07.2023;iOS;Санкт-Петербург;female;44;0;Красота;Канцелярия;Обувь;10.06.2025;2;1142.88;571.44;324;7.4;low;1;0
801;9000802;26.08.2023;Android;Москва и МО;female;42;0;Дом;Товары для животных;Товары для животных;27.11.2025;2;627.63;313.815;154;7.3;high;0;1
802;9000803;13.06.2023;Android;Юг;male;53;1;Дом;Товары для животных;Красота;29.09.2025;1;3177.27;3177.27;213;8.0;high;1;0
803;9000804;25.02.2024;Android;Урал;female;17;0;Электроника;Одежда;Товары для животных;29.04.2026;4;10177.03;2544.2575;1;7.4;unknown;0;0
804;9000805;12.08.2025;iOS;Урал;female;35;1;Аксессуары;Одежда;Дом;;0;0.0;0.0;999;8.1;high;1;1
805;9000806;31.03.2024;Android;Санкт-Петербург;female;34;1;Одежда;Дом;Обувь;16.08.2025;3;2713.1499999999996;904.3833333333332;257;7.3;mid;0;0
806;9000807;06.05.2024;iOS;Центр;female;42;1;Товары для животных;Дом;Электроника;23.02.2026;3;1573.8;524.6;66;8.1;unknown;0;0
807;9000808;17.08.2024;Android;Поволжье;male;39;1;Одежда;Красота;Дом;02.11.2024;1;514.2;514.2;544;7.4;mid;1;1
808;9000809;03.09.2023;Android;Москва и МО;male;32;1;Одежда;Электроника;Одежда;28.01.2025;1;664.32;664.32;457;8.0;mid;0;0
809;9000810;20.11.2024;Web;Поволжье;male;16;1;Спорт;Аксессуары;Одежда;27.11.2024;1;3216.51;3216.51;519;7.3;low;1;1
810;9000811;21.03.2024;Android;Москва и МО;female;48;0;Красота;Электроника;Дом;06.08.2024;1;1861.4;1861.4;632;7.4;mid;1;0
811;9000812;24.01.2023;iOS;Поволжье;female;20;1;Одежда;Канцелярия;Электроника;21.06.2025;1;792.0;792.0;313;7.3;mid;1;0
812;9000813;17.09.2023;Android;Центр;female;29;1;Одежда;Красота;Спорт;04.04.2026;3;2626.2;875.4;26;8.0;mid;1;0
813;9000814;28.09.2024;Android;Юг;unknown;24;0;Обувь;Спорт;Детские товары;08.03.2025;1;610.5;610.5;418;7.2;high;1;0
814;9000815;24.01.2025;Android;Сибирь;male;35;0;Одежда;Дом;Канцелярия;20.11.2025;1;3102.36;3102.36;161;8.1;high;0;0
815;9000816;26.06.2025;Android;Центр;female;36;1;Дом;Товары для животных;Детские товары;;0;0.0;0.0;999;8.1;mid;0;1
816;9000817;03.11.2022;Android;Москва и МО;male;16;1;Обувь;Одежда;Одежда;18.03.2026;3;4934.5;1644.8333333333333;43;7.3;mid;0;0
817;9000818;21.05.2023;iOS;Юг;female;47;0;Дом;Одежда;Одежда;;0;0.0;0.0;999;7.2;mid;0;0
818;9000819;23.06.2023;Android;Москва и МО;female;45;1;Товары для животных;Аксессуары;Канцелярия;05.08.2025;3;4457.97;1485.99;268;7.4;mid;1;0
819;9000820;07.08.2025;Web;Центр;unknown;31;1;Дом;Товары для животных;Красота;25.11.2025;2;3074.1699999999996;1537.0849999999998;156;8.0;mid;1;0
820;9000821;09.03.2025;Android;Центр;female;20;1;Обувь;Электроника;Одежда;20.08.2025;1;1429.97;1429.97;253;8.1;mid;1;1
821;9000822;16.04.2025;Web;Юг;male;39;0;Дом;Одежда;Аксессуары;06.03.2026;2;1693.2399999999998;846.6199999999999;55;7.1;mid;1;0
822;9000823;03.05.2024;Web;Москва и МО;male;31;1;Красота;Аксессуары;Детские товары;01.03.2025;1;2396.96;2396.96;425;7.3;mid;1;1
823;9000824;04.04.2023;iOS;Москва и МО;unknown;22;1;Одежда;Дом;Товары для животных;18.04.2026;3;9927.4;3309.133333333333;12;8.1;high;1;0
824;9000825;25.10.2022;iOS;Москва и МО;female;34;0;Аксессуары;Одежда;Канцелярия;10.03.2026;1;2487.84;2487.84;51;8.1;low;1;1
825;9000826;04.09.2023;Android;Москва и МО;male;32;0;Спорт;Одежда;Детские товары;16.03.2025;2;2795.6499999999996;1397.8249999999998;410;7.2;low;1;0
826;9000827;19.07.2023;Web;Урал;female;34;1;Дом;Аксессуары;Красота;09.02.2026;3;1603.2600000000002;534.4200000000001;80;8.1;low;0;0
827;9000828;18.08.2025;Android;Поволжье;female;34;1;Одежда;Красота;Одежда;02.04.2026;3;3650.38;1216.7933333333333;28;7.4;low;1;1
828;9000829;27.12.2024;Android;Урал;female;17;1;Электроника;Детские товары;Красота;05.03.2026;3;2469.34;823.1133333333333;56;7.4;low;1;0
829;9000830;05.03.2023;Android;Центр;female;18;1;Детские товары;Спорт;Дом;05.04.2026;3;7608.47;2536.1566666666668;25;8.0;mid;0;1
830;9000831;30.04.2025;Android;Центр;female;27;1;Детские товары;Канцелярия;Электроника;;0;0.0;0.0;999;7.3;high;1;0
831;9000832;09.09.2025;Android;Дальний Восток;female;33;1;Канцелярия;Одежда;Красота;;0;0.0;0.0;999;8.0;high;1;0
832;9000833;26.12.2022;Android;Поволжье;male;45;1;Аксессуары;Одежда;Детские товары;02.07.2024;1;2050.65;2050.65;667;7.3;mid;0;1
833;9000834;15.01.2025;Web;Юг;male;56;1;Дом;Обувь;Электроника;05.12.2025;2;849.76;424.88;146;7.3;mid;0;0
834;9000835;21.06.2023;Android;Центр;male;28;1;Спорт;Детские товары;Аксессуары;30.09.2025;2;3545.79;1772.895;212;7.1;mid;1;0
835;9000836;27.07.2025;iOS;Москва и МО;female;41;0;Детские товары;Одежда;Аксессуары;;0;0.0;0.0;999;8.0;mid;0;1
836;9000837;25.03.2026;Android;Москва и МО;male;20;1;Одежда;Канцелярия;Дом;;0;0.0;0.0;999;7.2;low;1;1
837;9000838;06.09.2023;Web;Центр;female;35;1;Обувь;Одежда;Одежда;20.12.2024;1;939.3;939.3;496;7.1;low;1;1
838;9000839;22.02.2024;iOS;Центр;female;41;1;Товары для животных;Дом;Красота;13.12.2025;1;901.0;901.0;138;8.0;mid;0;1
839;9000840;31.01.2026;Android;Москва и МО;female;38;1;Детские товары;Красота;Одежда;15.04.2026;2;6000.469999999999;3000.2349999999997;15;7.3;high;1;0
840;9000841;31.10.2024;iOS;Урал;female;43;1;Спорт;Красота;Обувь;07.03.2025;2;12586.84;6293.42;419;7.3;low;1;0
841;9000842;14.01.2024;iOS;Санкт-Петербург;female;32;1;Одежда;Красота;Товары для животных;20.05.2025;2;1092.56;546.28;345;7.3;mid;0;0
842;9000843;10.08.2025;iOS;Центр;female;29;1;Дом;Товары для животных;Товары для животных;15.03.2026;2;3477.58;1738.79;46;8.0;mid;1;1
843;9000844;29.05.2025;Android;Центр;female;31;1;Товары для животных;Детские товары;Одежда;18.10.2025;2;6641.02;3320.51;194;7.1;low;0;0
844;9000845;19.01.2024;iOS;Санкт-Петербург;female;30;1;Спорт;Детские товары;Дом;22.08.2025;3;2600.86;866.9533333333334;251;8.1;high;0;1
845;9000846;28.10.2022;iOS;Поволжье;female;29;1;Одежда;Красота;Одежда;18.03.2026;1;2059.2;2059.2;43;7.1;mid;1;1
846;9000847;30.12.2025;Android;Урал;male;43;1;Одежда;Детские товары;Одежда;;0;0.0;0.0;999;7.4;unknown;1;0
847;9000848;10.02.2026;Android;Москва и МО;male;30;0;Красота;Дом;Аксессуары;;0;0.0;0.0;999;8.0;mid;0;1
848;9000849;16.05.2023;Android;Сибирь;male;37;0;Одежда;Спорт;Красота;29.11.2025;2;2557.54;1278.77;152;8.0;mid;0;0
849;9000850;14.03.2026;Web;Центр;unknown;25;1;Одежда;Аксессуары;Обувь;;0;0.0;0.0;999;8.0;low;0;0
850;9000851;28.11.2022;Android;Поволжье;female;30;1;Детские товары;Обувь;Дом;02.03.2025;2;2900.35;1450.175;424;7.1;mid;1;1
851;9000852;11.06.2025;iOS;Москва и МО;male;25;0;Красота;Одежда;Дом;20.01.2026;1;1191.68;1191.68;100;8.1;low;0;0
852;9000853;28.07.2023;iOS;Санкт-Петербург;male;48;1;Одежда;Аксессуары;Красота;27.02.2025;1;372.81;372.81;427;7.4;mid;1;1
853;9000854;15.09.2024;Android;Урал;female;21;0;Обувь;Спорт;Детские товары;22.06.2025;1;6217.36;6217.36;312;8.1;mid;1;0
854;9000855;08.12.2022;iOS;Центр;female;29;1;Одежда;Спорт;Электроника;27.03.2026;1;3828.88;3828.88;34;7.1;mid;1;1
855;9000856;11.02.2024;Android;Центр;male;22;1;Красота;Одежда;Детские товары;20.10.2024;1;1371.04;1371.04;557;7.4;low;0;0
856;9000857;07.04.2026;Android;Санкт-Петербург;female;23;1;Спорт;Одежда;Электроника;;0;0.0;0.0;999;7.3;high;0;1
857;9000858;18.03.2024;Android;Москва и МО;unknown;29;1;Обувь;Дом;Красота;17.03.2026;3;4506.15;1502.05;44;7.4;mid;0;0
858;9000859;20.09.2025;Web;Санкт-Петербург;female;30;1;Аксессуары;Дом;Одежда;;0;0.0;0.0;999;7.3;unknown;1;0
859;9000860;07.11.2023;Android;Юг;female;39;1;Электроника;Товары для животных;Канцелярия;20.04.2026;8;11624.63;1453.07875;10;8.0;mid;0;0
860;9000861;14.10.2023;Android;Поволжье;unknown;16;1;Одежда;Дом;Красота;10.01.2026;1;805.0;805.0;110;8.0;mid;0;1
861;9000862;27.02.2026;Android;Москва и МО;female;28;1;Детские товары;Товары для животных;Дом;;0;0.0;0.0;999;8.1;low;1;0
862;9000863;29.05.2023;Android;Урал;male;30;1;Красота;Дом;Красота;18.02.2026;5;6011.709999999999;1202.342;71;7.2;mid;1;1
863;9000864;15.02.2026;Android;Санкт-Петербург;male;32;1;Спорт;Товары для животных;Обувь;;0;0.0;0.0;999;7.2;mid;1;0
864;9000865;30.11.2023;Web;Санкт-Петербург;female;41;1;Обувь;Товары для животных;Дом;19.02.2026;3;4391.26;1463.753333333333;70;7.2;mid;1;0
865;9000866;16.10.2022;iOS;Урал;unknown;33;1;Канцелярия;Обувь;Обувь;27.06.2025;1;53.55;53.55;307;7.3;high;1;1
866;9000867;24.12.2025;Android;Урал;female;45;1;Одежда;Красота;Дом;;0;0.0;0.0;999;8.1;mid;0;0
867;9000868;09.07.2024;Android;Центр;female;17;0;Дом;Товары для животных;Одежда;29.05.2025;1;2868.6;2868.6;336;7.3;mid;1;0
868;9000869;04.08.2023;Android;Москва и МО;male;35;0;Детские товары;Электроника;Дом;04.09.2024;1;350.28;350.28;603;7.2;mid;0;1
869;9000870;15.03.2026;Android;Центр;female;43;1;Аксессуары;Спорт;Одежда;;0;0.0;0.0;999;8.1;mid;1;1
870;9000871;22.03.2025;Android;Москва и МО;male;30;1;Одежда;Электроника;Одежда;;0;0.0;0.0;999;8.0;mid;1;0
871;9000872;02.10.2022;iOS;Поволжье;female;47;1;Аксессуары;Дом;Спорт;10.02.2026;3;1688.9;562.9666666666667;79;8.1;mid;0;1
872;9000873;03.06.2025;Web;Поволжье;male;23;1;Дом;Одежда;Обувь;;0;0.0;0.0;999;8.1;high;0;0
873;9000874;26.02.2025;Android;Юг;male;49;0;Красота;Аксессуары;Товары для животных;;0;0.0;0.0;999;7.3;high;0;1
874;9000875;12.08.2025;Android;Санкт-Петербург;male;35;1;Детские товары;Дом;Канцелярия;;0;0.0;0.0;999;7.3;mid;1;0
875;9000876;06.09.2023;iOS;Санкт-Петербург;male;32;1;Красота;Одежда;Одежда;15.12.2025;1;567.44;567.44;136;8.0;unknown;1;1
876;9000877;26.10.2022;Android;Центр;male;42;1;Одежда;Аксессуары;Детские товары;16.06.2025;3;6326.5;2108.8333333333335;318;8.1;low;1;0
877;9000878;02.01.2024;iOS;Москва и МО;female;46;0;Дом;Товары для животных;Одежда;;0;0.0;0.0;999;7.4;mid;0;0
878;9000879;09.08.2025;iOS;Центр;unknown;44;1;Аксессуары;Обувь;Обувь;;0;0.0;0.0;999;7.4;high;1;1
879;9000880;24.09.2023;Android;Юг;female;28;1;Одежда;Аксессуары;Одежда;14.05.2025;2;854.78;427.39;351;7.1;high;1;0
880;9000881;05.12.2023;Android;Юг;unknown;20;0;Красота;Дом;Красота;10.03.2026;1;221.78;221.78;51;7.4;mid;0;1
881;9000882;17.10.2023;Android;Сибирь;female;38;1;Одежда;Одежда;Детские товары;09.05.2025;3;6688.4;2229.4666666666667;356;7.4;mid;0;1
882;9000883;06.02.2026;Android;Дальний Восток;female;33;1;Одежда;Детские товары;Одежда;;0;0.0;0.0;999;7.3;mid;1;0
883;9000884;23.12.2024;iOS;Поволжье;female;32;1;Дом;Одежда;Детские товары;;0;0.0;0.0;999;7.2;low;1;1
884;9000885;17.07.2024;iOS;Москва и МО;male;28;0;Одежда;Одежда;Красота;;0;0.0;0.0;999;8.0;mid;1;0
885;9000886;27.02.2023;Android;Центр;female;31;1;Одежда;Детские товары;Товары для животных;31.07.2025;2;1797.04;898.52;273;8.0;mid;0;0
886;9000887;28.03.2024;iOS;Санкт-Петербург;female;37;0;Аксессуары;Одежда;Обувь;16.07.2025;2;9339.42;4669.71;288;8.0;unknown;1;0
887;9000888;06.06.2025;Android;Москва и МО;female;51;1;Спорт;Красота;Аксессуары;27.10.2025;2;2866.8199999999997;1433.41;185;7.2;mid;1;1
888;9000889;10.05.2024;iOS;Сибирь;female;32;1;Одежда;Красота;Обувь;20.10.2025;2;5554.98;2777.49;192;7.3;mid;0;0
889;9000890;11.11.2025;iOS;Центр;male;38;1;Электроника;Одежда;Одежда;;0;0.0;0.0;999;7.2;unknown;1;0
890;9000891;04.06.2025;Android;Москва и МО;male;16;1;Дом;Одежда;Электроника;10.04.2026;3;5292.5599999999995;1764.1866666666665;20;7.3;mid;1;1
891;9000892;20.01.2024;Android;Центр;male;34;1;Аксессуары;Одежда;Детские товары;01.10.2025;2;3242.48;1621.24;211;8.0;mid;1;0
892;9000893;21.04.2023;Android;Сибирь;female;24;1;Одежда;Аксессуары;Дом;05.12.2025;2;3359.25;1679.625;146;8.0;high;0;0
893;9000894;07.05.2024;iOS;Санкт-Петербург;female;36;1;Дом;Электроника;Красота;14.12.2025;2;8413.0;4206.5;137;7.3;mid;1;0
894;9000895;17.07.2023;Android;Юг;female;43;1;Красота;Товары для животных;Аксессуары;30.03.2025;2;3442.41;1721.205;396;7.3;low;0;0
895;9000896;21.07.2025;Android;Урал;female;22;1;Одежда;Одежда;Спорт;;0;0.0;0.0;999;7.3;high;1;0
896;9000897;06.08.2024;Android;Сибирь;unknown;22;0;Спорт;Аксессуары;Детские товары;;0;0.0;0.0;999;8.0;low;1;0
897;9000898;22.03.2025;iOS;Поволжье;female;32;1;Одежда;Обувь;Электроника;19.12.2025;3;9328.64;3109.5466666666666;132;7.2;high;1;1
898;9000899;16.04.2025;Android;Санкт-Петербург;male;23;1;Одежда;Обувь;Дом;;0;0.0;0.0;999;7.2;high;1;1
899;9000900;11.02.2026;iOS;Юг;female;51;1;Одежда;Спорт;Детские товары;;0;0.0;0.0;999;8.1;mid;1;1
900;9000901;01.02.2023;Android;Юг;female;32;1;Аксессуары;Спорт;Электроника;25.12.2025;3;3517.1800000000003;1172.3933333333334;126;8.1;unknown;1;0
901;9000902;07.03.2023;Android;Поволжье;female;34;1;Дом;Спорт;Аксессуары;17.03.2026;3;8605.99;2868.6633333333334;44;8.0;low;0;0
902;9000903;23.08.2025;Android;Москва и МО;male;19;1;Аксессуары;Канцелярия;Товары для животных;05.12.2025;1;416.76;416.76;146;7.4;mid;0;0
903;9000904;06.05.2023;Android;Поволжье;female;20;1;Дом;Спорт;Аксессуары;14.03.2026;2;2043.74;1021.87;47;7.3;unknown;1;1
904;9000905;22.03.2024;iOS;Москва и МО;female;36;0;Спорт;Детские товары;Одежда;;0;0.0;0.0;999;8.0;high;0;0
905;9000906;12.05.2025;Web;Москва и МО;female;39;1;Обувь;Детские товары;Дом;14.05.2025;1;663.39;663.39;351;7.4;high;0;1
906;9000907;22.12.2025;iOS;Центр;female;26;1;Дом;Обувь;Красота;;0;0.0;0.0;999;8.1;low;1;0
907;9000908;22.01.2025;iOS;Поволжье;female;35;0;Одежда;Товары для животных;Спорт;01.05.2026;3;5019.67;1673.2233333333334;-1;7.4;mid;0;1
908;9000909;26.11.2022;iOS;Санкт-Петербург;male;27;1;Одежда;Канцелярия;Дом;21.04.2026;4;4742.099999999999;1185.525;9;8.1;mid;1;0
909;9000910;06.11.2022;iOS;Москва и МО;female;57;1;Товары для животных;Аксессуары;Красота;19.04.2026;3;2692.88;897.6266666666667;11;7.3;mid;0;0
910;9000911;03.04.2024;Android;Москва и МО;unknown;19;1;Детские товары;Красота;Канцелярия;23.02.2026;5;3257.97;651.5939999999999;66;7.3;low;0;0
911;9000912;10.09.2024;iOS;Москва и МО;female;26;1;Детские товары;Спорт;Одежда;28.04.2026;1;534.97;534.97;2;7.3;mid;0;0
912;9000913;29.03.2023;Android;Поволжье;female;24;1;Красота;Дом;Товары для животных;;0;0.0;0.0;999;7.3;low;1;1
913;9000914;11.07.2024;Android;Москва и МО;female;41;1;Канцелярия;Товары для животных;Одежда;10.05.2025;2;1733.6899999999998;866.8449999999999;355;7.4;mid;0;1
914;9000915;14.04.2025;Android;Юг;female;29;1;Красота;Спорт;Спорт;;0;0.0;0.0;999;8.1;low;1;0
915;9000916;27.03.2024;iOS;Юг;male;27;1;Спорт;Одежда;Аксессуары;01.12.2025;2;5952.04;2976.02;150;8.1;high;0;0
916;9000917;27.01.2026;iOS;Москва и МО;female;34;1;Одежда;Обувь;Спорт;;0;0.0;0.0;999;7.3;unknown;0;1
917;9000918;20.10.2024;iOS;Урал;male;26;1;Дом;Одежда;Детские товары;30.03.2026;2;724.48;362.24;31;7.4;mid;0;0
918;9000919;29.01.2025;Android;Сибирь;male;38;1;Одежда;Детские товары;Красота;25.02.2026;4;9850.43;2462.6075;64;7.4;low;0;1
919;9000920;24.12.2022;Android;Урал;male;35;1;Обувь;Дом;Детские товары;01.05.2026;2;4495.54;2247.77;-1;7.3;mid;1;1
920;9000921;16.12.2025;iOS;Центр;male;23;1;Красота;Дом;Канцелярия;25.04.2026;1;330.02;330.02;5;7.3;high;1;0
921;9000922;12.07.2025;Android;Санкт-Петербург;female;47;1;Товары для животных;Красота;Обувь;23.10.2025;1;225.13;225.13;189;7.4;high;1;0
922;9000923;30.01.2023;Android;Юг;female;36;1;Спорт;Обувь;Товары для животных;07.11.2025;1;993.6;993.6;174;7.2;unknown;0;0
923;9000924;18.07.2023;Android;Москва и МО;male;31;1;Обувь;Дом;Одежда;06.11.2025;3;1510.76;503.58666666666664;175;7.4;low;0;0
924;9000925;16.03.2023;iOS;Центр;female;22;1;Товары для животных;Одежда;Обувь;25.03.2026;6;9419.62;1569.9366666666665;36;7.1;high;1;0
925;9000926;01.01.2025;iOS;Москва и МО;male;26;1;Канцелярия;Товары для животных;Спорт;04.11.2025;2;7412.99;3706.495;177;7.4;mid;1;0
926;9000927;15.07.2023;Android;Центр;male;28;1;Детские товары;Электроника;Обувь;21.03.2026;3;2102.2;700.7333333333332;40;7.2;low;0;0
927;9000928;25.05.2023;Android;Дальний Восток;male;21;1;Аксессуары;Дом;Обувь;14.03.2025;1;4272.4;4272.4;412;7.4;mid;0;0
928;9000929;01.07.2025;Android;Москва и МО;male;34;1;Красота;Дом;Обувь;12.04.2026;1;165.3;165.3;18;7.3;mid;0;0
929;9000930;23.01.2023;Android;Поволжье;male;33;1;Обувь;Дом;Аксессуары;09.02.2026;1;1972.76;1972.76;80;7.4;mid;1;1
930;9000931;26.02.2024;iOS;Урал;female;26;0;Одежда;Товары для животных;Одежда;31.07.2024;1;468.06;468.06;638;7.2;mid;1;1
931;9000932;10.01.2026;iOS;Юг;male;37;0;Одежда;Товары для животных;Обувь;;0;0.0;0.0;999;7.4;mid;0;1
932;9000933;03.08.2025;iOS;Москва и МО;female;43;0;Одежда;Одежда;Дом;;0;0.0;0.0;999;8.0;high;0;0
933;9000934;12.12.2023;Web;Москва и МО;female;43;1;Обувь;Товары для животных;Дом;;0;0.0;0.0;999;7.4;low;1;1
934;9000935;07.02.2024;iOS;Урал;female;30;1;Аксессуары;Аксессуары;Спорт;03.01.2025;1;359.66;359.66;482;7.2;high;0;1
935;9000936;19.03.2025;Android;Поволжье;unknown;48;0;Красота;Товары для животных;Спорт;29.08.2025;1;974.38;974.38;244;7.4;mid;1;0
936;9000937;19.03.2024;Android;Центр;female;30;1;Аксессуары;Электроника;Электроника;;0;0.0;0.0;999;8.0;mid;0;0
937;9000938;18.12.2025;iOS;Поволжье;male;32;1;Товары для животных;Аксессуары;Детские товары;;0;0.0;0.0;999;7.3;unknown;1;1
938;9000939;08.09.2023;Android;Юг;female;40;1;Дом;Электроника;Обувь;16.06.2025;1;8105.94;8105.94;318;8.0;high;1;0
939;9000940;16.06.2025;Android;Центр;male;32;1;Дом;Обувь;Аксессуары;;0;0.0;0.0;999;7.4;mid;1;0
940;9000941;03.10.2023;iOS;Центр;female;38;1;Дом;Обувь;Спорт;10.04.2026;1;444.86;444.86;20;8.1;low;1;0
941;9000942;01.10.2023;Web;Поволжье;female;26;1;Обувь;Одежда;Детские товары;15.09.2024;2;6278.22;3139.11;592;8.1;mid;1;0
942;9000943;29.03.2026;Android;Москва и МО;male;39;1;Канцелярия;Детские товары;Красота;;0;0.0;0.0;999;8.0;high;0;1
943;9000944;03.10.2022;Web;Поволжье;female;35;0;Одежда;Дом;Аксессуары;20.04.2026;3;4401.24;1467.08;10;7.2;unknown;1;0
944;9000945;29.03.2026;iOS;Центр;female;21;1;Детские товары;Дом;Обувь;;0;0.0;0.0;999;7.4;unknown;1;1
945;9000946;28.10.2024;Android;Центр;unknown;23;1;Одежда;Аксессуары;Обувь;22.12.2025;2;3737.22;1868.61;129;7.3;mid;1;0
946;9000947;08.06.2023;iOS;Москва и МО;female;16;1;Красота;Дом;Обувь;29.12.2025;3;3479.7;1159.9;122;7.3;low;0;0
947;9000948;27.03.2024;iOS;Сибирь;unknown;36;1;Одежда;Обувь;Одежда;15.01.2026;4;14734.73;3683.6825;105;7.4;mid;0;0
948;9000949;24.11.2024;Android;Поволжье;unknown;30;0;Спорт;Канцелярия;Товары для животных;26.03.2026;4;10160.12;2540.03;35;7.4;high;1;0
949;9000950;13.01.2026;Android;Центр;female;33;1;Красота;Аксессуары;Детские товары;;0;0.0;0.0;999;7.4;low;0;0
950;9000951;30.03.2026;Web;Сибирь;female;28;1;Дом;Обувь;Аксессуары;;0;0.0;0.0;999;8.1;high;1;0
951;9000952;02.01.2025;Android;Центр;female;26;1;Электроника;Обувь;Дом;02.11.2025;1;4749.78;4749.78;179;7.4;high;0;0
952;9000953;24.10.2025;iOS;Москва и МО;male;32;1;Одежда;Одежда;Детские товары;;0;0.0;0.0;999;7.4;mid;1;0
953;9000954;24.01.2024;Android;Дальний Восток;male;51;1;Красота;Электроника;Одежда;19.05.2025;2;1930.41;965.205;346;8.0;low;0;0
954;9000955;31.08.2025;Android;Сибирь;female;47;1;Одежда;Электроника;Дом;;0;0.0;0.0;999;7.3;high;0;1
955;9000956;21.10.2024;Android;Поволжье;male;32;1;Дом;Обувь;Детские товары;;0;0.0;0.0;999;8.0;mid;0;0
956;9000957;20.04.2025;Android;Дальний Восток;female;44;0;Одежда;Красота;Обувь;14.10.2025;2;1661.8;830.9;198;7.3;mid;1;1
957;9000958;10.03.2026;Android;Москва и МО;male;49;1;Красота;Обувь;Детские товары;;0;0.0;0.0;999;7.3;high;0;0
958;9000959;21.03.2024;Web;Москва и МО;female;35;1;Одежда;Детские товары;Детские товары;;0;0.0;0.0;999;7.3;mid;1;0
959;9000960;19.01.2025;Android;Сибирь;male;31;1;Одежда;Канцелярия;Дом;;0;0.0;0.0;999;7.4;mid;1;0
960;9000961;16.03.2026;iOS;Урал;female;39;1;Одежда;Красота;Красота;;0;0.0;0.0;999;8.1;unknown;1;0
961;9000962;12.09.2023;Android;Урал;male;30;1;Спорт;Одежда;Одежда;23.12.2025;3;2924.18;974.7266666666666;128;7.4;mid;1;0
962;9000963;20.12.2024;iOS;Поволжье;male;39;0;Обувь;Одежда;Дом;13.03.2026;2;1575.2;787.6;48;8.0;high;0;0
963;9000964;15.02.2023;Android;Москва и МО;female;27;0;Красота;Дом;Товары для животных;21.09.2024;2;7440.16;3720.08;586;7.4;high;0;1
964;9000965;21.03.2025;Android;Поволжье;female;46;1;Обувь;Одежда;Дом;15.05.2025;2;8496.93;4248.465;350;7.4;mid;1;1
965;9000966;06.08.2024;Android;Дальний Восток;female;39;0;Детские товары;Одежда;Аксессуары;12.01.2026;2;908.58;454.29;108;8.0;high;1;1
966;9000967;30.12.2023;Android;Сибирь;unknown;23;1;Дом;Красота;Спорт;;0;0.0;0.0;999;8.0;high;0;0
967;9000968;01.03.2026;Web;Москва и МО;male;31;1;Одежда;Детские товары;Дом;;0;0.0;0.0;999;8.1;mid;1;0
968;9000969;08.12.2025;iOS;Урал;male;24;1;Красота;Дом;Электроника;06.03.2026;1;567.3;567.3;55;7.1;unknown;0;1
969;9000970;04.01.2025;iOS;Центр;female;30;0;Дом;Обувь;Одежда;;0;0.0;0.0;999;7.1;mid;1;0
970;9000971;08.11.2024;Android;Санкт-Петербург;female;34;1;Аксессуары;Детские товары;Дом;24.04.2026;2;2532.0299999999997;1266.015;6;7.1;mid;0;1
971;9000972;11.07.2025;iOS;Центр;male;43;1;Красота;Канцелярия;Детские товары;24.12.2025;2;439.96;219.98;127;8.0;mid;0;1
972;9000973;21.11.2022;iOS;Москва и МО;female;25;0;Аксессуары;Электроника;Одежда;;0;0.0;0.0;999;7.3;low;1;0
973;9000974;18.09.2025;Android;Поволжье;female;33;1;Обувь;Аксессуары;Одежда;21.04.2026;2;2312.8;1156.4;9;7.2;high;1;0
974;9000975;08.03.2023;Web;Москва и МО;male;46;1;Электроника;Красота;Дом;;0;0.0;0.0;999;8.0;mid;1;0
975;9000976;27.07.2025;Android;Москва и МО;male;29;1;Дом;Товары для животных;Электроника;21.02.2026;1;3156.36;3156.36;68;7.1;mid;1;0
976;9000977;29.08.2024;Android;Москва и МО;female;44;1;Одежда;Дом;Красота;16.04.2026;3;5914.25;1971.4166666666667;14;7.3;mid;1;1
977;9000978;14.07.2023;Android;Москва и МО;female;60;1;Одежда;Красота;Дом;21.01.2025;1;1405.44;1405.44;464;7.4;low;1;0
978;9000979;13.02.2026;iOS;Сибирь;male;40;1;Аксессуары;Красота;Спорт;;0;0.0;0.0;999;8.0;mid;1;0
979;9000980;05.01.2024;iOS;Центр;male;39;1;Электроника;Красота;Канцелярия;14.04.2026;1;1054.11;1054.11;16;8.1;mid;0;0
980;9000981;05.06.2024;iOS;Дальний Восток;female;46;1;Аксессуары;Детские товары;Одежда;08.05.2025;1;1017.16;1017.16;357;7.3;mid;0;1
981;9000982;16.11.2022;iOS;Москва и МО;female;38;0;Дом;Красота;Аксессуары;01.07.2025;3;1394.1;464.7;303;7.4;unknown;1;0
982;9000983;21.09.2022;Android;Поволжье;female;42;1;Обувь;Красота;Одежда;05.04.2026;4;8417.23;2104.3075;25;8.0;unknown;0;0
983;9000984;06.04.2023;Android;Москва и МО;male;36;1;Обувь;Электроника;Красота;27.03.2026;1;1100.75;1100.75;34;8.0;mid;0;0
984;9000985;29.12.2024;Android;Центр;female;30;1;Аксессуары;Красота;Дом;23.03.2025;1;4586.4;4586.4;403;7.4;high;1;0
985;9000986;24.04.2025;iOS;Поволжье;male;36;1;Одежда;Детские товары;Обувь;12.09.2025;3;4002.38;1334.1266666666668;230;8.0;high;1;0
986;9000987;11.02.2024;iOS;Сибирь;female;26;1;Обувь;Канцелярия;Одежда;15.09.2025;3;4090.82;1363.6066666666666;227;8.0;high;1;0
987;9000988;17.12.2023;Android;Москва и МО;female;25;1;Детские товары;Одежда;Обувь;22.02.2025;2;1385.15;692.575;432;8.1;low;1;0
988;9000989;04.10.2025;iOS;Москва и МО;male;39;0;Товары для животных;Электроника;Канцелярия;;0;0.0;0.0;999;7.1;high;0;0
989;9000990;30.07.2023;iOS;Сибирь;female;39;0;Одежда;Спорт;Дом;03.09.2025;1;2050.12;2050.12;239;8.0;low;1;1
990;9000991;18.05.2024;Android;Поволжье;female;30;1;Товары для животных;Одежда;Аксессуары;15.04.2026;1;253.26;253.26;15;8.0;mid;1;0
991;9000992;14.01.2026;iOS;Поволжье;female;29;1;Одежда;Аксессуары;Обувь;;0;0.0;0.0;999;7.3;unknown;1;0
992;9000993;11.05.2023;Web;Урал;male;20;0;Одежда;Дом;Красота;25.09.2025;1;3581.56;3581.56;217;7.4;high;1;0
993;9000994;06.11.2022;Android;Центр;male;37;1;Одежда;Дом;Электроника;09.08.2025;4;14970.74;3742.685;264;7.4;low;1;0
994;9000995;28.10.2024;iOS;Москва и МО;male;27;1;Одежда;Товары для животных;Дом;26.10.2025;1;867.0;867.0;186;7.2;high;1;0
995;9000996;10.12.2025;Android;Центр;male;16;1;Аксессуары;Дом;Детские товары;25.12.2025;1;3446.46;3446.46;126;8.0;mid;1;0
996;9000997;01.06.2024;iOS;Центр;female;29;1;Спорт;Товары для животных;Одежда;20.11.2025;2;8365.83;4182.915;161;7.4;high;1;0
997;9000998;24.04.2024;Android;Санкт-Петербург;female;30;1;Одежда;Аксессуары;Спорт;19.11.2024;1;980.4;980.4;527;7.2;high;1;1
998;9000999;04.02.2023;Android;Центр;female;45;1;Электроника;Товары для животных;Красота;13.03.2026;4;8307.98;2076.995;48;7.4;unknown;1;1