S;event_time;event_type;user_id;sku_id;seller_id;category_main;utm_source;utm_campaign;order_id;order_gmv;dt;session_id;event_source_system
1;22.12.2025 08:25;product_impression;9108281;5108555;102563;Дом;;;;0.0;22.12.2025;sess_9108281_0;app
2;22.12.2025 13:45;product_impression;9056767;5108555;102563;Дом;;;;0.0;22.12.2025;sess_9056767_0;mweb
3;22.12.2025 12:33;product_impression;9054293;5108555;102563;Дом;;;;0.0;22.12.2025;sess_9054293_0;web
4;22.12.2025 10:20;product_impression;9044599;5108555;102563;Дом;;;;0.0;22.12.2025;sess_9044599_0;app
5;22.12.2025 18:47;product_impression;9074503;5108555;102563;Дом;;;;0.0;22.12.2025;sess_9074503_0;app
6;22.12.2025 21:32;product_impression;9077533;5108555;102563;Дом;;;;0.0;22.12.2025;sess_9077533_0;app
7;22.12.2025 19:20;product_click;9108281;5108555;102563;Дом;;;;0.0;22.12.2025;sess_9108281_0;app
8;22.12.2025 12:29;product_click;9056767;5108555;102563;Дом;;;;0.0;22.12.2025;sess_9056767_0;app
9;22.12.2025 10:10;product_click;9054293;5108555;102563;Дом;;;;0.0;22.12.2025;sess_9054293_0;app
10;22.12.2025 17:40;product_click;9044599;5108555;102563;Дом;;;;0.0;22.12.2025;sess_9044599_0;mweb
11;22.12.2025 13:10;product_click;9074503;5108555;102563;Дом;;;;0.0;22.12.2025;sess_9074503_0;app
12;22.12.2025 13:56;product_page_view;9108281;5108555;102563;Дом;;;;0.0;22.12.2025;sess_9108281_0;app
13;22.12.2025 14:46;product_page_view;9056767;5108555;102563;Дом;;;;0.0;22.12.2025;sess_9056767_0;app
14;22.12.2025 10:12;product_page_view;9054293;5108555;102563;Дом;;;;0.0;22.12.2025;sess_9054293_0;app
15;22.12.2025 15:15;product_page_view;9044599;5108555;102563;Дом;;;;0.0;22.12.2025;sess_9044599_0;app
16;22.12.2025 12:56;product_page_view;9074503;5108555;102563;Дом;;;;0.0;22.12.2025;sess_9074503_0;app
17;22.12.2025 10:19;add_to_cart;9108281;5108555;102563;Дом;;;;0.0;22.12.2025;sess_9108281_0;web
18;22.12.2025 22:11;add_to_cart;9056767;5108555;102563;Дом;;;;0.0;22.12.2025;sess_9056767_0;mweb
19;22.12.2025 12:45;add_to_cart;9054293;5108555;102563;Дом;;;;0.0;22.12.2025;sess_9054293_0;app
20;22.12.2025 19:28;purchase;9108281;5108555;102563;Дом;organic;;ord_20;1978.28;22.12.2025;sess_9108281_0;app
21;20.07.2025 11:00;product_impression;9043897;5011627;100288;Красота;;;;0.0;20.07.2025;sess_9043897_0;app
22;20.07.2025 18:09;product_impression;9037788;5011627;100288;Красота;;;;0.0;20.07.2025;sess_9037788_0;app
23;20.07.2025 15:44;product_impression;9119813;5011627;100288;Красота;;;;0.0;20.07.2025;sess_9119813_0;mweb
24;20.07.2025 13:24;product_impression;9072096;5011627;100288;Красота;;;;0.0;20.07.2025;sess_9072096_0;mweb
25;20.07.2025 15:24;product_click;9043897;5011627;100288;Красота;;;;0.0;20.07.2025;sess_9043897_0;app
26;20.07.2025 15:40;product_click;9037788;5011627;100288;Красота;;;;0.0;20.07.2025;sess_9037788_0;web
27;20.07.2025 12:17;product_click;9119813;5011627;100288;Красота;;;;0.0;20.07.2025;sess_9119813_0;web
28;20.07.2025 20:09;product_click;9072096;5011627;100288;Красота;;;;0.0;20.07.2025;sess_9072096_0;mweb
29;20.07.2025 08:30;product_page_view;9043897;5011627;100288;Красота;;;;0.0;20.07.2025;sess_9043897_0;app
30;20.07.2025 13:31;product_page_view;9037788;5011627;100288;Красота;;;;0.0;20.07.2025;sess_9037788_0;app
31;20.07.2025 14:45;product_page_view;9119813;5011627;100288;Красота;;;;0.0;20.07.2025;sess_9119813_0;web
32;20.07.2025 19:03;product_page_view;9072096;5011627;100288;Красота;;;;0.0;20.07.2025;sess_9072096_0;mweb
33;20.07.2025 22:47;add_to_cart;9043897;5011627;100288;Красота;;;;0.0;20.07.2025;sess_9043897_0;app
34;20.07.2025 15:17;add_to_cart;9037788;5011627;100288;Красота;;;;0.0;20.07.2025;sess_9037788_0;app
35;20.07.2025 19:39;add_to_cart;9119813;5011627;100288;Красота;;;;0.0;20.07.2025;sess_9119813_0;app
36;20.07.2025 22:49;add_to_cart;9072096;5011627;100288;Красота;;;;0.0;20.07.2025;sess_9072096_0;app
37;20.07.2025 19:44;purchase;9043897;5011627;100288;Красота;organic;;ord_37;1057.02;20.07.2025;sess_9043897_0;mweb
38;14.04.2026 16:55;product_impression;9112357;5059109;101393;Красота;;;;0.0;14.04.2026;sess_9112357_0;mweb
39;14.04.2026 19:57;product_impression;9088787;5059109;101393;Красота;;;;0.0;14.04.2026;sess_9088787_0;app
40;14.04.2026 13:32;product_impression;9018134;5059109;101393;Красота;;;;0.0;14.04.2026;sess_9018134_0;app
41;14.04.2026 10:21;product_impression;9099061;5059109;101393;Красота;;;;0.0;14.04.2026;sess_9099061_0;app
42;14.04.2026 21:12;product_impression;9071516;5059109;101393;Красота;;;;0.0;14.04.2026;sess_9071516_0;app
43;14.04.2026 11:22;product_impression;9096764;5059109;101393;Красота;;;;0.0;14.04.2026;sess_9096764_0;app
44;14.04.2026 15:23;product_click;9112357;5059109;101393;Красота;;;;0.0;14.04.2026;sess_9112357_0;web
45;14.04.2026 11:39;product_click;9088787;5059109;101393;Красота;;;;0.0;14.04.2026;sess_9088787_0;app
46;14.04.2026 08:01;product_click;9018134;5059109;101393;Красота;;;;0.0;14.04.2026;sess_9018134_0;app
47;14.04.2026 10:42;product_click;9099061;5059109;101393;Красота;;;;0.0;14.04.2026;sess_9099061_0;web
48;14.04.2026 16:34;product_page_view;9112357;5059109;101393;Красота;;;;0.0;14.04.2026;sess_9112357_0;web
49;14.04.2026 09:33;product_page_view;9088787;5059109;101393;Красота;;;;0.0;14.04.2026;sess_9088787_0;app
50;14.04.2026 17:16;product_page_view;9018134;5059109;101393;Красота;;;;0.0;14.04.2026;sess_9018134_0;app
51;14.04.2026 14:41;product_page_view;9099061;5059109;101393;Красота;;;;0.0;14.04.2026;sess_9099061_0;app
52;14.04.2026 11:35;product_page_view;9071516;5059109;101393;Красота;;;;0.0;14.04.2026;sess_9071516_0;app
53;14.04.2026 09:55;product_page_view;9096764;5059109;101393;Красота;;;;0.0;14.04.2026;sess_9096764_0;app
54;14.04.2026 12:03;product_page_view;9034236;5059109;101393;Красота;;;;0.0;14.04.2026;sess_9034236_0;app
55;14.04.2026 17:05;add_to_cart;9112357;5059109;101393;Красота;;;;0.0;14.04.2026;sess_9112357_0;app
56;14.04.2026 22:31;add_to_cart;9088787;5059109;101393;Красота;;;;0.0;14.04.2026;sess_9088787_0;mweb
57;14.04.2026 20:03;add_to_cart;9018134;5059109;101393;Красота;;;;0.0;14.04.2026;sess_9018134_0;app
58;09.06.2025 17:23;product_impression;9108167;5007553;100188;Красота;;;;0.0;09.06.2025;sess_9108167_0;app
59;09.06.2025 11:35;product_impression;9079417;5007553;100188;Красота;;;;0.0;09.06.2025;sess_9079417_0;app
60;09.06.2025 12:53;product_impression;9010721;5007553;100188;Красота;;;;0.0;09.06.2025;sess_9010721_0;app
61;09.06.2025 10:56;product_impression;9099179;5007553;100188;Красота;;;;0.0;09.06.2025;sess_9099179_0;app
62;09.06.2025 18:46;product_click;9108167;5007553;100188;Красота;;;;0.0;09.06.2025;sess_9108167_0;app
63;09.06.2025 20:59;product_page_view;9108167;5007553;100188;Красота;;;;0.0;09.06.2025;sess_9108167_0;app
64;09.06.2025 21:37;product_page_view;9079417;5007553;100188;Красота;;;;0.0;09.06.2025;sess_9079417_0;app
65;09.06.2025 12:32;product_page_view;9010721;5007553;100188;Красота;;;;0.0;09.06.2025;sess_9010721_0;app
66;09.06.2025 19:35;product_page_view;9099179;5007553;100188;Красота;;;;0.0;09.06.2025;sess_9099179_0;app
67;09.06.2025 16:56;product_page_view;9081714;5007553;100188;Красота;;;;0.0;09.06.2025;sess_9081714_0;app
68;28.04.2026 19:39;product_impression;9032278;5004685;100117;Электроника;;;;0.0;28.04.2026;sess_9032278_0;app
69;28.04.2026 10:40;product_impression;9099960;5004685;100117;Электроника;;;;0.0;28.04.2026;sess_9099960_0;app
70;28.04.2026 17:56;product_click;9032278;5004685;100117;Электроника;;;;0.0;28.04.2026;sess_9032278_0;web
71;28.04.2026 13:31;product_page_view;9032278;5004685;100117;Электроника;;;;0.0;28.04.2026;sess_9032278_0;app
72;28.04.2026 16:03;product_page_view;9099960;5004685;100117;Электроника;;;;0.0;28.04.2026;sess_9099960_0;app
73;28.04.2026 20:47;product_page_view;9014251;5004685;100117;Электроника;;;;0.0;28.04.2026;sess_9014251_0;app
74;28.04.2026 14:14;product_page_view;9081850;5004685;100117;Электроника;;;;0.0;28.04.2026;sess_9081850_0;app
75;28.04.2026 15:45;product_page_view;9109844;5004685;100117;Электроника;;;;0.0;28.04.2026;sess_9109844_0;app
76;28.04.2026 16:56;product_page_view;9001204;5004685;100117;Электроника;;;;0.0;28.04.2026;sess_9001204_0;app
77;28.04.2026 22:57;add_to_cart;9032278;5004685;100117;Электроника;;;;0.0;28.04.2026;sess_9032278_0;app
78;21.03.2026 10:25;product_page_view;9045414;5041170;100982;Одежда;;;;0.0;21.03.2026;sess_9045414_0;app
79;21.03.2026 19:42;product_page_view;9018757;5041170;100982;Одежда;;;;0.0;21.03.2026;sess_9018757_0;app
80;21.03.2026 18:04;product_page_view;9111433;5041170;100982;Одежда;;;;0.0;21.03.2026;sess_9111433_0;web
81;21.03.2026 10:58;product_page_view;9119213;5041170;100982;Одежда;;;;0.0;21.03.2026;sess_9119213_0;app
82;21.03.2026 11:56;product_page_view;9030028;5041170;100982;Одежда;;;;0.0;21.03.2026;sess_9030028_0;app
83;21.03.2026 14:13;product_page_view;9088035;5041170;100982;Одежда;;;;0.0;21.03.2026;sess_9088035_0;app
84;21.03.2026 17:25;product_page_view;9104472;5041170;100982;Одежда;;;;0.0;21.03.2026;sess_9104472_0;app
85;21.03.2026 20:03;add_to_cart;9045414;5041170;100982;Одежда;;;;0.0;21.03.2026;sess_9045414_0;app
86;09.12.2025 11:32;product_impression;9119010;5126361;102953;Дом;;;;0.0;09.12.2025;sess_9119010_0;app
87;09.12.2025 21:44;product_impression;9060868;5126361;102953;Дом;;;;0.0;09.12.2025;sess_9060868_0;app
88;09.12.2025 09:40;product_impression;9061729;5126361;102953;Дом;;;;0.0;09.12.2025;sess_9061729_0;web
89;09.12.2025 08:18;product_impression;9107188;5126361;102953;Дом;;;;0.0;09.12.2025;sess_9107188_0;app
90;09.12.2025 09:19;product_click;9119010;5126361;102953;Дом;;;;0.0;09.12.2025;sess_9119010_0;app
91;09.12.2025 18:37;product_click;9060868;5126361;102953;Дом;;;;0.0;09.12.2025;sess_9060868_0;app
92;09.12.2025 20:02;product_click;9061729;5126361;102953;Дом;;;;0.0;09.12.2025;sess_9061729_0;app
93;09.12.2025 09:52;product_click;9107188;5126361;102953;Дом;;;;0.0;09.12.2025;sess_9107188_0;web
94;09.12.2025 08:44;product_page_view;9119010;5126361;102953;Дом;;;;0.0;09.12.2025;sess_9119010_0;app
95;09.12.2025 18:35;product_page_view;9060868;5126361;102953;Дом;;;;0.0;09.12.2025;sess_9060868_0;mweb
96;09.12.2025 19:25;product_page_view;9061729;5126361;102953;Дом;;;;0.0;09.12.2025;sess_9061729_0;app
97;09.12.2025 18:11;product_page_view;9107188;5126361;102953;Дом;;;;0.0;09.12.2025;sess_9107188_0;app
98;09.12.2025 20:57;add_to_cart;9119010;5126361;102953;Дом;;;;0.0;09.12.2025;sess_9119010_0;app
99;09.12.2025 12:20;purchase;9119010;5126361;102953;Дом;organic;;ord_99;2715.66;09.12.2025;sess_9119010_0;app
100;05.09.2025 10:49;product_impression;9080849;5039338;100931;Дом;;;;0.0;05.09.2025;sess_9080849_0;app
101;05.09.2025 10:41;product_impression;9001884;5039338;100931;Дом;;;;0.0;05.09.2025;sess_9001884_0;app
102;05.09.2025 17:00;product_impression;9029194;5039338;100931;Дом;;;;0.0;05.09.2025;sess_9029194_0;app
103;05.09.2025 20:34;product_impression;9093279;5039338;100931;Дом;;;;0.0;05.09.2025;sess_9093279_0;app
104;05.09.2025 14:59;product_impression;9012207;5039338;100931;Дом;;;;0.0;05.09.2025;sess_9012207_0;app
105;05.09.2025 17:08;product_impression;9038837;5039338;100931;Дом;;;;0.0;05.09.2025;sess_9038837_0;app
106;05.09.2025 18:36;product_click;9080849;5039338;100931;Дом;;;;0.0;05.09.2025;sess_9080849_0;web
107;05.09.2025 08:21;product_click;9001884;5039338;100931;Дом;;;;0.0;05.09.2025;sess_9001884_0;app
108;05.09.2025 08:15;product_page_view;9080849;5039338;100931;Дом;;;;0.0;05.09.2025;sess_9080849_0;app
109;05.09.2025 21:25;product_page_view;9001884;5039338;100931;Дом;;;;0.0;05.09.2025;sess_9001884_0;app
110;05.09.2025 18:57;product_page_view;9029194;5039338;100931;Дом;;;;0.0;05.09.2025;sess_9029194_0;app
111;05.09.2025 19:03;product_page_view;9093279;5039338;100931;Дом;;;;0.0;05.09.2025;sess_9093279_0;app
112;05.09.2025 19:14;add_to_cart;9080849;5039338;100931;Дом;;;;0.0;05.09.2025;sess_9080849_0;app
113;05.09.2025 18:07;add_to_cart;9001884;5039338;100931;Дом;;;;0.0;05.09.2025;sess_9001884_0;app
114;28.07.2025 16:39;product_impression;9077248;5092997;102183;Электроника;;;;0.0;28.07.2025;sess_9077248_0;web
115;28.07.2025 09:03;product_impression;9065607;5092997;102183;Электроника;;;;0.0;28.07.2025;sess_9065607_0;app
116;15.03.2025 17:24;product_impression;9050173;5009440;100220;Красота;;;;0.0;15.03.2025;sess_9050173_0;app
117;15.03.2025 20:35;product_impression;9002180;5009440;100220;Красота;;;;0.0;15.03.2025;sess_9002180_0;app
118;15.03.2025 13:28;product_impression;9022247;5009440;100220;Красота;;;;0.0;15.03.2025;sess_9022247_0;app
119;15.03.2025 10:20;product_impression;9008833;5009440;100220;Красота;;;;0.0;15.03.2025;sess_9008833_0;app
120;15.03.2025 10:46;product_impression;9104300;5009440;100220;Красота;;;;0.0;15.03.2025;sess_9104300_0;app
121;15.03.2025 09:13;product_page_view;9050173;5009440;100220;Красота;;;;0.0;15.03.2025;sess_9050173_0;app
122;15.03.2025 21:06;product_page_view;9002180;5009440;100220;Красота;;;;0.0;15.03.2025;sess_9002180_0;app
123;15.03.2025 15:28;product_page_view;9022247;5009440;100220;Красота;;;;0.0;15.03.2025;sess_9022247_0;web
124;18.10.2025 18:00;product_impression;9072657;5058730;101383;Дом;;;;0.0;18.10.2025;sess_9072657_0;app
125;18.10.2025 17:47;product_impression;9088665;5058730;101383;Дом;;;;0.0;18.10.2025;sess_9088665_0;mweb
126;18.10.2025 13:10;product_impression;9068901;5058730;101383;Дом;;;;0.0;18.10.2025;sess_9068901_0;app
127;18.10.2025 09:46;product_impression;9063013;5058730;101383;Дом;;;;0.0;18.10.2025;sess_9063013_0;app
128;18.10.2025 16:46;product_impression;9109524;5058730;101383;Дом;;;;0.0;18.10.2025;sess_9109524_0;mweb
129;18.10.2025 19:27;product_click;9072657;5058730;101383;Дом;;;;0.0;18.10.2025;sess_9072657_0;app
130;18.10.2025 09:29;product_click;9088665;5058730;101383;Дом;;;;0.0;18.10.2025;sess_9088665_0;app
131;18.10.2025 21:54;product_page_view;9072657;5058730;101383;Дом;;;;0.0;18.10.2025;sess_9072657_0;app
132;18.10.2025 09:38;product_page_view;9088665;5058730;101383;Дом;;;;0.0;18.10.2025;sess_9088665_0;app
133;18.10.2025 19:53;product_page_view;9068901;5058730;101383;Дом;;;;0.0;18.10.2025;sess_9068901_0;app
134;18.10.2025 10:58;product_page_view;9063013;5058730;101383;Дом;;;;0.0;18.10.2025;sess_9063013_0;web
135;18.10.2025 14:49;product_page_view;9109524;5058730;101383;Дом;;;;0.0;18.10.2025;sess_9109524_0;app
136;18.10.2025 15:36;add_to_cart;9072657;5058730;101383;Дом;;;;0.0;18.10.2025;sess_9072657_0;app
137;18.10.2025 22:39;add_to_cart;9088665;5058730;101383;Дом;;;;0.0;18.10.2025;sess_9088665_0;mweb
138;21.03.2026 18:54;product_impression;9100639;5103959;102440;Дом;;;;0.0;21.03.2026;sess_9100639_0;mweb
139;21.03.2026 21:58;product_impression;9058207;5103959;102440;Дом;;;;0.0;21.03.2026;sess_9058207_0;app
140;21.03.2026 16:11;product_impression;9009028;5103959;102440;Дом;;;;0.0;21.03.2026;sess_9009028_0;web
141;21.03.2026 11:04;product_impression;9028155;5103959;102440;Дом;;;;0.0;21.03.2026;sess_9028155_0;web
142;21.03.2026 14:46;product_impression;9025765;5103959;102440;Дом;;;;0.0;21.03.2026;sess_9025765_0;app
143;21.03.2026 11:46;product_page_view;9100639;5103959;102440;Дом;;;;0.0;21.03.2026;sess_9100639_0;app
144;21.03.2026 11:57;product_page_view;9058207;5103959;102440;Дом;;;;0.0;21.03.2026;sess_9058207_0;web
145;21.03.2026 12:15;product_page_view;9009028;5103959;102440;Дом;;;;0.0;21.03.2026;sess_9009028_0;app
146;21.03.2026 21:09;product_page_view;9028155;5103959;102440;Дом;;;;0.0;21.03.2026;sess_9028155_0;mweb
147;21.03.2026 08:32;product_page_view;9025765;5103959;102440;Дом;;;;0.0;21.03.2026;sess_9025765_0;app
148;21.03.2026 15:35;product_page_view;9042455;5103959;102440;Дом;;;;0.0;21.03.2026;sess_9042455_0;app
149;21.03.2026 21:00;product_page_view;9069844;5103959;102440;Дом;;;;0.0;21.03.2026;sess_9069844_0;web
150;21.03.2026 09:48;product_page_view;9119298;5103959;102440;Дом;;;;0.0;21.03.2026;sess_9119298_0;app
151;21.03.2026 16:55;add_to_cart;9100639;5103959;102440;Дом;;;;0.0;21.03.2026;sess_9100639_0;mweb
152;24.01.2026 19:52;product_impression;9006761;5040785;100979;Товары для животных;;;;0.0;24.01.2026;sess_9006761_0;app
153;24.01.2026 10:30;product_impression;9033984;5040785;100979;Товары для животных;;;;0.0;24.01.2026;sess_9033984_0;app
154;24.01.2026 16:47;product_impression;9037104;5040785;100979;Товары для животных;;;;0.0;24.01.2026;sess_9037104_0;app
155;24.01.2026 18:07;product_impression;9019510;5040785;100979;Товары для животных;;;;0.0;24.01.2026;sess_9019510_0;web
156;24.01.2026 13:11;product_impression;9104236;5040785;100979;Товары для животных;;;;0.0;24.01.2026;sess_9104236_0;app
157;24.01.2026 20:13;product_click;9006761;5040785;100979;Товары для животных;;;;0.0;24.01.2026;sess_9006761_0;app
158;24.01.2026 10:00;product_page_view;9006761;5040785;100979;Товары для животных;;;;0.0;24.01.2026;sess_9006761_0;app
159;24.01.2026 10:34;product_page_view;9033984;5040785;100979;Товары для животных;;;;0.0;24.01.2026;sess_9033984_0;mweb
160;24.01.2026 20:57;product_page_view;9037104;5040785;100979;Товары для животных;;;;0.0;24.01.2026;sess_9037104_0;app
161;24.01.2026 16:00;product_page_view;9019510;5040785;100979;Товары для животных;;;;0.0;24.01.2026;sess_9019510_0;app
162;21.08.2025 19:04;product_impression;9096319;5039217;100930;Дом;;;;0.0;21.08.2025;sess_9096319_0;app
163;21.08.2025 15:39;product_impression;9095074;5039217;100930;Дом;;;;0.0;21.08.2025;sess_9095074_0;app
164;21.08.2025 08:16;product_impression;9107766;5039217;100930;Дом;;;;0.0;21.08.2025;sess_9107766_0;app
165;21.08.2025 16:48;product_impression;9048065;5039217;100930;Дом;;;;0.0;21.08.2025;sess_9048065_0;app
166;21.08.2025 13:49;product_impression;9052334;5039217;100930;Дом;;;;0.0;21.08.2025;sess_9052334_0;mweb
167;21.08.2025 16:29;product_click;9096319;5039217;100930;Дом;;;;0.0;21.08.2025;sess_9096319_0;app
168;21.08.2025 21:48;product_click;9095074;5039217;100930;Дом;;;;0.0;21.08.2025;sess_9095074_0;app
169;21.08.2025 15:27;product_click;9107766;5039217;100930;Дом;;;;0.0;21.08.2025;sess_9107766_0;app
170;21.08.2025 14:58;product_page_view;9096319;5039217;100930;Дом;;;;0.0;21.08.2025;sess_9096319_0;app
171;21.08.2025 15:10;product_page_view;9095074;5039217;100930;Дом;;;;0.0;21.08.2025;sess_9095074_0;app
172;21.08.2025 13:10;product_page_view;9107766;5039217;100930;Дом;;;;0.0;21.08.2025;sess_9107766_0;app
173;21.08.2025 19:57;add_to_cart;9096319;5039217;100930;Дом;;;;0.0;21.08.2025;sess_9096319_0;app
174;21.08.2025 22:57;add_to_cart;9095074;5039217;100930;Дом;;;;0.0;21.08.2025;sess_9095074_0;app
175;21.08.2025 14:31;purchase;9096319;5039217;100930;Дом;organic;;ord_175;2257.45;21.08.2025;sess_9096319_0;app
176;30.04.2025 18:43;product_impression;9045220;5037370;100886;Аксессуары;;;;0.0;30.04.2025;sess_9045220_0;app
177;30.04.2025 17:12;product_impression;9018146;5037370;100886;Аксессуары;;;;0.0;30.04.2025;sess_9018146_0;app
178;30.04.2025 14:49;product_impression;9021949;5037370;100886;Аксессуары;;;;0.0;30.04.2025;sess_9021949_0;app
179;30.04.2025 13:07;product_impression;9104213;5037370;100886;Аксессуары;;;;0.0;30.04.2025;sess_9104213_0;app
180;30.04.2025 18:06;product_impression;9096790;5037370;100886;Аксессуары;;;;0.0;30.04.2025;sess_9096790_0;app
181;30.04.2025 18:51;product_page_view;9045220;5037370;100886;Аксессуары;;;;0.0;30.04.2025;sess_9045220_0;mweb
182;30.04.2025 16:14;product_page_view;9018146;5037370;100886;Аксессуары;;;;0.0;30.04.2025;sess_9018146_0;app
183;09.08.2024 21:47;product_impression;9003071;5066522;101580;Канцелярия;;;;0.0;09.08.2024;sess_9003071_0;mweb
184;09.08.2024 13:33;product_impression;9012263;5066522;101580;Канцелярия;;;;0.0;09.08.2024;sess_9012263_0;app
185;09.08.2024 15:00;product_impression;9030508;5066522;101580;Канцелярия;;;;0.0;09.08.2024;sess_9030508_0;app
186;09.08.2024 11:25;product_impression;9025852;5066522;101580;Канцелярия;;;;0.0;09.08.2024;sess_9025852_0;app
187;09.08.2024 20:13;product_impression;9002553;5066522;101580;Канцелярия;;;;0.0;09.08.2024;sess_9002553_0;app
188;09.08.2024 19:36;product_impression;9089630;5066522;101580;Канцелярия;;;;0.0;09.08.2024;sess_9089630_0;app
189;09.08.2024 12:31;product_impression;9094958;5066522;101580;Канцелярия;;;;0.0;09.08.2024;sess_9094958_0;app
190;09.08.2024 19:00;product_click;9003071;5066522;101580;Канцелярия;;;;0.0;09.08.2024;sess_9003071_0;app
191;09.08.2024 18:12;product_click;9012263;5066522;101580;Канцелярия;;;;0.0;09.08.2024;sess_9012263_0;app
192;09.08.2024 20:58;product_page_view;9003071;5066522;101580;Канцелярия;;;;0.0;09.08.2024;sess_9003071_0;app
193;09.08.2024 15:42;product_page_view;9012263;5066522;101580;Канцелярия;;;;0.0;09.08.2024;sess_9012263_0;app
194;09.08.2024 18:37;product_page_view;9030508;5066522;101580;Канцелярия;;;;0.0;09.08.2024;sess_9030508_0;app
195;09.08.2024 13:05;product_page_view;9025852;5066522;101580;Канцелярия;;;;0.0;09.08.2024;sess_9025852_0;mweb
196;09.08.2024 16:13;add_to_cart;9003071;5066522;101580;Канцелярия;;;;0.0;09.08.2024;sess_9003071_0;app
197;09.08.2024 17:49;add_to_cart;9012263;5066522;101580;Канцелярия;;;;0.0;09.08.2024;sess_9012263_0;app
198;09.08.2024 17:03;purchase;9003071;5066522;101580;Канцелярия;organic;;ord_198;148.05;09.08.2024;sess_9003071_0;app
199;07.08.2025 12:11;product_impression;9001579;5036911;100877;Обувь;;;;0.0;07.08.2025;sess_9001579_0;app
200;07.08.2025 12:59;product_impression;9011232;5036911;100877;Обувь;;;;0.0;07.08.2025;sess_9011232_0;app
201;07.08.2025 15:09;product_impression;9093511;5036911;100877;Обувь;;;;0.0;07.08.2025;sess_9093511_0;web
202;07.08.2025 14:59;product_page_view;9001579;5036911;100877;Обувь;;;;0.0;07.08.2025;sess_9001579_0;app
203;07.08.2025 16:25;product_page_view;9011232;5036911;100877;Обувь;;;;0.0;07.08.2025;sess_9011232_0;mweb
204;19.03.2025 08:40;product_impression;9082172;5053895;101276;Дом;;;;0.0;19.03.2025;sess_9082172_0;app
205;19.03.2025 09:00;product_impression;9002167;5053895;101276;Дом;;;;0.0;19.03.2025;sess_9002167_0;app
206;19.03.2025 20:19;product_click;9082172;5053895;101276;Дом;;;;0.0;19.03.2025;sess_9082172_0;app
207;19.03.2025 18:20;product_click;9002167;5053895;101276;Дом;;;;0.0;19.03.2025;sess_9002167_0;app
208;19.03.2025 09:33;product_page_view;9082172;5053895;101276;Дом;;;;0.0;19.03.2025;sess_9082172_0;mweb
209;19.03.2025 14:10;product_page_view;9002167;5053895;101276;Дом;;;;0.0;19.03.2025;sess_9002167_0;app
210;19.03.2025 14:09;product_page_view;9062719;5053895;101276;Дом;;;;0.0;19.03.2025;sess_9062719_0;app
211;19.03.2025 09:09;add_to_cart;9082172;5053895;101276;Дом;;;;0.0;19.03.2025;sess_9082172_0;app
212;30.04.2026 09:40;product_impression;9014596;5049759;101191;Спорт;;;;0.0;30.04.2026;sess_9014596_0;app
213;30.04.2026 08:22;product_impression;9057253;5049759;101191;Спорт;;;;0.0;30.04.2026;sess_9057253_0;app
214;30.04.2026 10:56;product_impression;9111210;5049759;101191;Спорт;;;;0.0;30.04.2026;sess_9111210_0;app
215;30.04.2026 21:32;product_impression;9059156;5049759;101191;Спорт;;;;0.0;30.04.2026;sess_9059156_0;mweb
216;30.04.2026 21:53;product_click;9014596;5049759;101191;Спорт;;;;0.0;30.04.2026;sess_9014596_0;app
217;30.04.2026 10:46;product_click;9057253;5049759;101191;Спорт;;;;0.0;30.04.2026;sess_9057253_0;app
218;30.04.2026 19:49;product_click;9111210;5049759;101191;Спорт;;;;0.0;30.04.2026;sess_9111210_0;app
219;30.04.2026 20:09;product_click;9059156;5049759;101191;Спорт;;;;0.0;30.04.2026;sess_9059156_0;app
220;30.04.2026 08:32;product_page_view;9014596;5049759;101191;Спорт;;;;0.0;30.04.2026;sess_9014596_0;mweb
221;30.04.2026 08:59;product_page_view;9057253;5049759;101191;Спорт;;;;0.0;30.04.2026;sess_9057253_0;web
222;30.04.2026 13:19;product_page_view;9111210;5049759;101191;Спорт;;;;0.0;30.04.2026;sess_9111210_0;web
223;30.04.2026 20:07;product_page_view;9059156;5049759;101191;Спорт;;;;0.0;30.04.2026;sess_9059156_0;app
224;30.04.2026 14:07;product_page_view;9105685;5049759;101191;Спорт;;;;0.0;30.04.2026;sess_9105685_0;app
225;30.04.2026 19:09;product_page_view;9106576;5049759;101191;Спорт;;;;0.0;30.04.2026;sess_9106576_0;mweb
226;30.04.2026 18:48;add_to_cart;9014596;5049759;101191;Спорт;;;;0.0;30.04.2026;sess_9014596_0;app
227;30.04.2026 19:36;add_to_cart;9057253;5049759;101191;Спорт;;;;0.0;30.04.2026;sess_9057253_0;app
228;30.04.2026 13:32;add_to_cart;9111210;5049759;101191;Спорт;;;;0.0;30.04.2026;sess_9111210_0;app
229;30.04.2026 10:06;add_to_cart;9059156;5049759;101191;Спорт;;;;0.0;30.04.2026;sess_9059156_0;app
230;30.04.2026 21:36;add_to_cart;9105685;5049759;101191;Спорт;;;;0.0;30.04.2026;sess_9105685_0;app
231;30.04.2026 17:49;purchase;9014596;5049759;101191;Спорт;organic;;ord_231;2995.2;30.04.2026;sess_9014596_0;app
232;30.04.2026 17:05;purchase;9057253;5049759;101191;Спорт;organic;;ord_232;2995.2;30.04.2026;sess_9057253_0;app
233;01.03.2025 21:36;product_impression;9044482;5030512;100730;Товары для животных;;;;0.0;01.03.2025;sess_9044482_0;mweb
234;01.03.2025 11:37;product_impression;9087695;5030512;100730;Товары для животных;;;;0.0;01.03.2025;sess_9087695_0;app
235;01.03.2025 10:53;product_impression;9112240;5030512;100730;Товары для животных;;;;0.0;01.03.2025;sess_9112240_0;app
236;01.03.2025 14:59;product_impression;9100772;5030512;100730;Товары для животных;;;;0.0;01.03.2025;sess_9100772_0;mweb
237;01.03.2025 11:18;product_impression;9048808;5030512;100730;Товары для животных;;;;0.0;01.03.2025;sess_9048808_0;app
238;01.03.2025 18:07;product_impression;9002607;5030512;100730;Товары для животных;;;;0.0;01.03.2025;sess_9002607_0;app
239;01.03.2025 09:42;product_impression;9101263;5030512;100730;Товары для животных;;;;0.0;01.03.2025;sess_9101263_0;mweb
240;01.03.2025 11:43;product_impression;9062154;5030512;100730;Товары для животных;;;;0.0;01.03.2025;sess_9062154_0;mweb
241;01.03.2025 12:40;product_click;9044482;5030512;100730;Товары для животных;;;;0.0;01.03.2025;sess_9044482_0;mweb
242;01.03.2025 10:36;product_click;9087695;5030512;100730;Товары для животных;;;;0.0;01.03.2025;sess_9087695_0;mweb
243;01.03.2025 18:27;product_click;9112240;5030512;100730;Товары для животных;;;;0.0;01.03.2025;sess_9112240_0;app
244;01.03.2025 10:40;product_click;9100772;5030512;100730;Товары для животных;;;;0.0;01.03.2025;sess_9100772_0;app
245;01.03.2025 11:05;product_click;9048808;5030512;100730;Товары для животных;;;;0.0;01.03.2025;sess_9048808_0;app
246;01.03.2025 21:48;product_click;9002607;5030512;100730;Товары для животных;;;;0.0;01.03.2025;sess_9002607_0;mweb
247;01.03.2025 17:18;product_click;9101263;5030512;100730;Товары для животных;;;;0.0;01.03.2025;sess_9101263_0;app
248;01.03.2025 13:04;product_click;9062154;5030512;100730;Товары для животных;;;;0.0;01.03.2025;sess_9062154_0;web
249;01.03.2025 09:12;product_page_view;9044482;5030512;100730;Товары для животных;;;;0.0;01.03.2025;sess_9044482_0;app
250;01.03.2025 16:42;product_page_view;9087695;5030512;100730;Товары для животных;;;;0.0;01.03.2025;sess_9087695_0;app
251;01.03.2025 21:15;product_page_view;9112240;5030512;100730;Товары для животных;;;;0.0;01.03.2025;sess_9112240_0;mweb
252;01.03.2025 17:24;product_page_view;9100772;5030512;100730;Товары для животных;;;;0.0;01.03.2025;sess_9100772_0;app
253;01.03.2025 14:21;product_page_view;9048808;5030512;100730;Товары для животных;;;;0.0;01.03.2025;sess_9048808_0;app
254;01.03.2025 13:21;product_page_view;9002607;5030512;100730;Товары для животных;;;;0.0;01.03.2025;sess_9002607_0;app
255;01.03.2025 11:45;product_page_view;9101263;5030512;100730;Товары для животных;;;;0.0;01.03.2025;sess_9101263_0;app
256;01.03.2025 21:06;product_page_view;9062154;5030512;100730;Товары для животных;;;;0.0;01.03.2025;sess_9062154_0;app
257;01.03.2025 18:06;add_to_cart;9044482;5030512;100730;Товары для животных;;;;0.0;01.03.2025;sess_9044482_0;app
258;01.03.2025 12:27;add_to_cart;9087695;5030512;100730;Товары для животных;;;;0.0;01.03.2025;sess_9087695_0;app
259;01.03.2025 13:20;add_to_cart;9112240;5030512;100730;Товары для животных;;;;0.0;01.03.2025;sess_9112240_0;app
260;01.03.2025 10:10;add_to_cart;9100772;5030512;100730;Товары для животных;;;;0.0;01.03.2025;sess_9100772_0;app
261;01.03.2025 22:08;add_to_cart;9048808;5030512;100730;Товары для животных;;;;0.0;01.03.2025;sess_9048808_0;mweb
262;01.03.2025 15:20;add_to_cart;9002607;5030512;100730;Товары для животных;;;;0.0;01.03.2025;sess_9002607_0;mweb
263;01.03.2025 12:39;purchase;9044482;5030512;100730;Товары для животных;organic;;ord_263;391.02;01.03.2025;sess_9044482_0;app
264;11.03.2026 14:19;product_impression;9102998;5001166;100026;Электроника;;;;0.0;11.03.2026;sess_9102998_0;app
265;11.09.2025 19:59;product_impression;9031011;5000880;100021;Дом;;;;0.0;11.09.2025;sess_9031011_0;mweb
266;11.09.2025 20:53;product_impression;9079315;5000880;100021;Дом;;;;0.0;11.09.2025;sess_9079315_0;app
267;11.09.2025 16:01;product_page_view;9031011;5000880;100021;Дом;;;;0.0;11.09.2025;sess_9031011_0;mweb
268;11.04.2026 20:27;product_impression;9083556;5021744;100523;Дом;;;;0.0;11.04.2026;sess_9083556_0;app
269;11.04.2026 08:40;product_impression;9058968;5021744;100523;Дом;;;;0.0;11.04.2026;sess_9058968_0;app
270;11.04.2026 20:23;product_impression;9062006;5021744;100523;Дом;;;;0.0;11.04.2026;sess_9062006_0;app
271;11.04.2026 14:47;product_impression;9037321;5021744;100523;Дом;;;;0.0;11.04.2026;sess_9037321_0;app
272;11.04.2026 18:15;product_impression;9003140;5021744;100523;Дом;;;;0.0;11.04.2026;sess_9003140_0;app
273;11.04.2026 13:18;product_impression;9008406;5021744;100523;Дом;;;;0.0;11.04.2026;sess_9008406_0;mweb
274;11.04.2026 13:20;product_impression;9055476;5021744;100523;Дом;;;;0.0;11.04.2026;sess_9055476_0;web
275;11.04.2026 20:02;product_impression;9001981;5021744;100523;Дом;;;;0.0;11.04.2026;sess_9001981_0;app
276;11.04.2026 17:04;product_impression;9066382;5021744;100523;Дом;;;;0.0;11.04.2026;sess_9066382_0;mweb
277;11.04.2026 09:04;product_click;9083556;5021744;100523;Дом;;;;0.0;11.04.2026;sess_9083556_0;app
278;11.04.2026 16:19;product_page_view;9083556;5021744;100523;Дом;;;;0.0;11.04.2026;sess_9083556_0;app
279;11.04.2026 17:51;product_page_view;9058968;5021744;100523;Дом;;;;0.0;11.04.2026;sess_9058968_0;app
280;11.04.2026 17:03;product_page_view;9062006;5021744;100523;Дом;;;;0.0;11.04.2026;sess_9062006_0;mweb
281;22.10.2025 13:41;product_impression;9093654;5001863;100044;Одежда;;;;0.0;22.10.2025;sess_9093654_0;app
282;22.10.2025 12:52;product_impression;9095390;5001863;100044;Одежда;;;;0.0;22.10.2025;sess_9095390_0;web
283;22.10.2025 10:32;product_impression;9055700;5001863;100044;Одежда;;;;0.0;22.10.2025;sess_9055700_0;app
284;22.10.2025 09:30;product_page_view;9093654;5001863;100044;Одежда;;;;0.0;22.10.2025;sess_9093654_0;app
285;22.10.2025 13:57;product_page_view;9095390;5001863;100044;Одежда;;;;0.0;22.10.2025;sess_9095390_0;web
286;22.10.2025 18:10;add_to_cart;9093654;5001863;100044;Одежда;;;;0.0;22.10.2025;sess_9093654_0;app
287;22.10.2025 12:13;purchase;9093654;5001863;100044;Одежда;organic;;ord_287;350.28;22.10.2025;sess_9093654_0;app
288;06.07.2024 19:18;product_impression;9097006;5000325;100013;Красота;;;;0.0;06.07.2024;sess_9097006_0;app
289;06.07.2024 09:10;product_impression;9022036;5000325;100013;Красота;;;;0.0;06.07.2024;sess_9022036_0;app
290;06.07.2024 08:53;product_impression;9037188;5000325;100013;Красота;;;;0.0;06.07.2024;sess_9037188_0;app
291;06.07.2024 20:27;product_impression;9095096;5000325;100013;Красота;;;;0.0;06.07.2024;sess_9095096_0;web
292;06.07.2024 10:08;product_impression;9022278;5000325;100013;Красота;;;;0.0;06.07.2024;sess_9022278_0;mweb
293;06.07.2024 14:37;product_impression;9061898;5000325;100013;Красота;;;;0.0;06.07.2024;sess_9061898_0;app
294;06.07.2024 20:48;product_impression;9079219;5000325;100013;Красота;;;;0.0;06.07.2024;sess_9079219_0;app
295;06.07.2024 13:40;product_click;9097006;5000325;100013;Красота;;;;0.0;06.07.2024;sess_9097006_0;app
296;06.07.2024 19:30;product_click;9022036;5000325;100013;Красота;;;;0.0;06.07.2024;sess_9022036_0;app
297;06.07.2024 18:49;product_click;9037188;5000325;100013;Красота;;;;0.0;06.07.2024;sess_9037188_0;app
298;06.07.2024 21:00;product_page_view;9097006;5000325;100013;Красота;;;;0.0;06.07.2024;sess_9097006_0;app
299;06.07.2024 10:06;product_page_view;9022036;5000325;100013;Красота;;;;0.0;06.07.2024;sess_9022036_0;app
300;06.07.2024 20:06;product_page_view;9037188;5000325;100013;Красота;;;;0.0;06.07.2024;sess_9037188_0;app
301;06.07.2024 21:25;product_page_view;9095096;5000325;100013;Красота;;;;0.0;06.07.2024;sess_9095096_0;app
302;06.07.2024 19:32;product_page_view;9022278;5000325;100013;Красота;;;;0.0;06.07.2024;sess_9022278_0;web
303;06.07.2024 18:00;product_page_view;9061898;5000325;100013;Красота;;;;0.0;06.07.2024;sess_9061898_0;mweb
304;06.07.2024 10:43;add_to_cart;9097006;5000325;100013;Красота;;;;0.0;06.07.2024;sess_9097006_0;app
305;06.07.2024 21:41;add_to_cart;9022036;5000325;100013;Красота;;;;0.0;06.07.2024;sess_9022036_0;web
306;26.04.2026 18:09;product_impression;9104727;5051216;101229;Красота;;;;0.0;26.04.2026;sess_9104727_0;app
307;26.04.2026 17:11;product_impression;9015127;5051216;101229;Красота;;;;0.0;26.04.2026;sess_9015127_0;app
308;26.04.2026 09:54;product_impression;9036450;5051216;101229;Красота;;;;0.0;26.04.2026;sess_9036450_0;app
309;26.04.2026 08:34;product_impression;9045213;5051216;101229;Красота;;;;0.0;26.04.2026;sess_9045213_0;app
310;26.04.2026 17:29;product_click;9104727;5051216;101229;Красота;;;;0.0;26.04.2026;sess_9104727_0;mweb
311;26.04.2026 14:13;product_click;9015127;5051216;101229;Красота;;;;0.0;26.04.2026;sess_9015127_0;app
312;26.04.2026 14:19;product_page_view;9104727;5051216;101229;Красота;;;;0.0;26.04.2026;sess_9104727_0;app
313;26.04.2026 15:35;product_page_view;9015127;5051216;101229;Красота;;;;0.0;26.04.2026;sess_9015127_0;web
314;27.07.2025 11:10;product_impression;9066144;5108588;102566;Красота;;;;0.0;27.07.2025;sess_9066144_0;app
315;27.07.2025 20:13;product_impression;9006932;5108588;102566;Красота;;;;0.0;27.07.2025;sess_9006932_0;app
316;27.07.2025 19:41;product_impression;9045024;5108588;102566;Красота;;;;0.0;27.07.2025;sess_9045024_0;app
317;27.07.2025 14:02;product_impression;9082540;5108588;102566;Красота;;;;0.0;27.07.2025;sess_9082540_0;app
318;27.07.2025 12:59;product_impression;9060144;5108588;102566;Красота;;;;0.0;27.07.2025;sess_9060144_0;web
319;27.07.2025 16:53;product_impression;9014642;5108588;102566;Красота;;;;0.0;27.07.2025;sess_9014642_0;mweb
320;27.07.2025 09:07;product_impression;9003498;5108588;102566;Красота;;;;0.0;27.07.2025;sess_9003498_0;app
321;27.07.2025 10:16;product_impression;9106430;5108588;102566;Красота;;;;0.0;27.07.2025;sess_9106430_0;app
322;27.07.2025 09:17;product_click;9066144;5108588;102566;Красота;;;;0.0;27.07.2025;sess_9066144_0;app
323;27.07.2025 20:39;product_click;9006932;5108588;102566;Красота;;;;0.0;27.07.2025;sess_9006932_0;app
324;27.07.2025 09:37;product_click;9045024;5108588;102566;Красота;;;;0.0;27.07.2025;sess_9045024_0;app
325;27.07.2025 20:45;product_click;9082540;5108588;102566;Красота;;;;0.0;27.07.2025;sess_9082540_0;mweb
326;27.07.2025 13:02;product_page_view;9066144;5108588;102566;Красота;;;;0.0;27.07.2025;sess_9066144_0;mweb
327;27.07.2025 13:09;product_page_view;9006932;5108588;102566;Красота;;;;0.0;27.07.2025;sess_9006932_0;app
328;27.07.2025 11:46;product_page_view;9045024;5108588;102566;Красота;;;;0.0;27.07.2025;sess_9045024_0;app
329;27.07.2025 13:23;product_page_view;9082540;5108588;102566;Красота;;;;0.0;27.07.2025;sess_9082540_0;app
330;27.07.2025 21:04;product_page_view;9060144;5108588;102566;Красота;;;;0.0;27.07.2025;sess_9060144_0;app
331;27.07.2025 16:30;product_page_view;9014642;5108588;102566;Красота;;;;0.0;27.07.2025;sess_9014642_0;mweb
332;27.07.2025 12:21;product_page_view;9003498;5108588;102566;Красота;;;;0.0;27.07.2025;sess_9003498_0;web
333;27.07.2025 13:05;add_to_cart;9066144;5108588;102566;Красота;;;;0.0;27.07.2025;sess_9066144_0;app
334;27.07.2025 12:38;add_to_cart;9006932;5108588;102566;Красота;;;;0.0;27.07.2025;sess_9006932_0;app
335;27.07.2025 12:14;add_to_cart;9045024;5108588;102566;Красота;;;;0.0;27.07.2025;sess_9045024_0;app
336;27.07.2025 12:45;purchase;9066144;5108588;102566;Красота;organic;;ord_336;338.8;27.07.2025;sess_9066144_0;app
337;27.07.2025 12:17;purchase;9006932;5108588;102566;Красота;organic;;ord_337;338.8;27.07.2025;sess_9006932_0;app
338;31.10.2025 12:09;product_impression;9006312;5051879;101239;Дом;;;;0.0;31.10.2025;sess_9006312_0;app
339;31.10.2025 11:51;product_impression;9049483;5051879;101239;Дом;;;;0.0;31.10.2025;sess_9049483_0;app
340;31.10.2025 10:38;product_impression;9087484;5051879;101239;Дом;;;;0.0;31.10.2025;sess_9087484_0;app
341;31.10.2025 11:24;product_click;9006312;5051879;101239;Дом;;;;0.0;31.10.2025;sess_9006312_0;app
342;31.10.2025 12:49;product_page_view;9006312;5051879;101239;Дом;;;;0.0;31.10.2025;sess_9006312_0;mweb
343;01.12.2025 16:04;product_impression;9076292;5108566;102564;Красота;;;;0.0;01.12.2025;sess_9076292_0;app
344;01.12.2025 21:50;product_impression;9082242;5108566;102564;Красота;;;;0.0;01.12.2025;sess_9082242_0;web
345;01.12.2025 16:30;product_impression;9040651;5108566;102564;Красота;;;;0.0;01.12.2025;sess_9040651_0;app
346;01.12.2025 14:04;product_click;9076292;5108566;102564;Красота;;;;0.0;01.12.2025;sess_9076292_0;app
347;01.12.2025 13:46;product_click;9082242;5108566;102564;Красота;;;;0.0;01.12.2025;sess_9082242_0;app
348;01.12.2025 16:27;product_click;9040651;5108566;102564;Красота;;;;0.0;01.12.2025;sess_9040651_0;app
349;01.12.2025 18:45;product_page_view;9076292;5108566;102564;Красота;;;;0.0;01.12.2025;sess_9076292_0;app
350;01.12.2025 10:50;product_page_view;9082242;5108566;102564;Красота;;;;0.0;01.12.2025;sess_9082242_0;app
351;01.12.2025 21:21;product_page_view;9040651;5108566;102564;Красота;;;;0.0;01.12.2025;sess_9040651_0;app
352;01.12.2025 19:35;product_page_view;9029515;5108566;102564;Красота;;;;0.0;01.12.2025;sess_9029515_0;app
353;01.12.2025 14:33;product_page_view;9091383;5108566;102564;Красота;;;;0.0;01.12.2025;sess_9091383_0;app
354;01.12.2025 20:11;product_page_view;9040331;5108566;102564;Красота;;;;0.0;01.12.2025;sess_9040331_0;mweb
355;01.12.2025 09:36;add_to_cart;9076292;5108566;102564;Красота;;;;0.0;01.12.2025;sess_9076292_0;web
356;24.11.2025 14:12;product_impression;9070965;5067354;101590;Одежда;;;;0.0;24.11.2025;sess_9070965_0;app
357;24.11.2025 08:14;product_impression;9072358;5067354;101590;Одежда;;;;0.0;24.11.2025;sess_9072358_0;app
358;24.11.2025 18:08;product_click;9070965;5067354;101590;Одежда;;;;0.0;24.11.2025;sess_9070965_0;web
359;24.11.2025 08:15;product_click;9072358;5067354;101590;Одежда;;;;0.0;24.11.2025;sess_9072358_0;app
360;24.11.2025 08:58;product_page_view;9070965;5067354;101590;Одежда;;;;0.0;24.11.2025;sess_9070965_0;app
361;24.11.2025 20:54;product_page_view;9072358;5067354;101590;Одежда;;;;0.0;24.11.2025;sess_9072358_0;app
362;24.11.2025 08:26;product_page_view;9111983;5067354;101590;Одежда;;;;0.0;24.11.2025;sess_9111983_0;app
363;24.11.2025 14:05;product_page_view;9001953;5067354;101590;Одежда;;;;0.0;24.11.2025;sess_9001953_0;app
364;24.11.2025 16:36;add_to_cart;9070965;5067354;101590;Одежда;;;;0.0;24.11.2025;sess_9070965_0;mweb
365;24.11.2025 21:12;add_to_cart;9072358;5067354;101590;Одежда;;;;0.0;24.11.2025;sess_9072358_0;app
366;24.11.2025 11:54;add_to_cart;9111983;5067354;101590;Одежда;;;;0.0;24.11.2025;sess_9111983_0;app
367;24.11.2025 21:04;add_to_cart;9001953;5067354;101590;Одежда;;;;0.0;24.11.2025;sess_9001953_0;app
368;24.11.2025 17:09;purchase;9070965;5067354;101590;Одежда;organic;;ord_368;2414.34;24.11.2025;sess_9070965_0;app
369;17.12.2025 11:23;product_impression;9091569;5104667;102461;Обувь;;;;0.0;17.12.2025;sess_9091569_0;app
370;17.12.2025 21:16;product_impression;9118692;5104667;102461;Обувь;;;;0.0;17.12.2025;sess_9118692_0;app
371;17.12.2025 11:31;product_impression;9041620;5104667;102461;Обувь;;;;0.0;17.12.2025;sess_9041620_0;app
372;17.12.2025 16:57;product_impression;9065695;5104667;102461;Обувь;;;;0.0;17.12.2025;sess_9065695_0;web
373;17.12.2025 15:14;product_impression;9055409;5104667;102461;Обувь;;;;0.0;17.12.2025;sess_9055409_0;app
374;17.12.2025 14:19;product_impression;9040323;5104667;102461;Обувь;;;;0.0;17.12.2025;sess_9040323_0;app
375;17.12.2025 09:53;product_click;9091569;5104667;102461;Обувь;;;;0.0;17.12.2025;sess_9091569_0;web
376;17.12.2025 09:36;product_click;9118692;5104667;102461;Обувь;;;;0.0;17.12.2025;sess_9118692_0;app
377;17.12.2025 12:53;product_page_view;9091569;5104667;102461;Обувь;;;;0.0;17.12.2025;sess_9091569_0;mweb
378;17.12.2025 20:20;product_page_view;9118692;5104667;102461;Обувь;;;;0.0;17.12.2025;sess_9118692_0;mweb
379;17.12.2025 15:00;product_page_view;9041620;5104667;102461;Обувь;;;;0.0;17.12.2025;sess_9041620_0;app
380;05.08.2025 17:15;product_impression;9067917;5011966;100297;Одежда;;;;0.0;05.08.2025;sess_9067917_0;app
381;05.08.2025 15:43;product_impression;9101683;5011966;100297;Одежда;;;;0.0;05.08.2025;sess_9101683_0;app
382;05.08.2025 17:17;product_impression;9111171;5011966;100297;Одежда;;;;0.0;05.08.2025;sess_9111171_0;app
383;05.08.2025 15:22;product_impression;9112906;5011966;100297;Одежда;;;;0.0;05.08.2025;sess_9112906_0;app
384;05.08.2025 17:56;product_impression;9053517;5011966;100297;Одежда;;;;0.0;05.08.2025;sess_9053517_0;app
385;05.08.2025 14:06;product_page_view;9067917;5011966;100297;Одежда;;;;0.0;05.08.2025;sess_9067917_0;web
386;05.08.2025 15:28;product_page_view;9101683;5011966;100297;Одежда;;;;0.0;05.08.2025;sess_9101683_0;app
387;19.03.2025 08:21;product_impression;9069769;5058732;101383;Дом;;;;0.0;19.03.2025;sess_9069769_0;mweb
388;19.03.2025 16:53;product_impression;9007934;5058732;101383;Дом;;;;0.0;19.03.2025;sess_9007934_0;mweb
389;19.03.2025 13:35;product_click;9069769;5058732;101383;Дом;;;;0.0;19.03.2025;sess_9069769_0;app
390;19.03.2025 19:40;product_click;9007934;5058732;101383;Дом;;;;0.0;19.03.2025;sess_9007934_0;app
391;19.03.2025 21:41;product_page_view;9069769;5058732;101383;Дом;;;;0.0;19.03.2025;sess_9069769_0;web
392;19.03.2025 20:34;product_page_view;9007934;5058732;101383;Дом;;;;0.0;19.03.2025;sess_9007934_0;mweb
393;19.03.2025 12:41;add_to_cart;9069769;5058732;101383;Дом;;;;0.0;19.03.2025;sess_9069769_0;app
394;19.03.2025 18:17;add_to_cart;9007934;5058732;101383;Дом;;;;0.0;19.03.2025;sess_9007934_0;app
395;19.03.2025 21:05;purchase;9069769;5058732;101383;Дом;organic;;ord_395;467.84;19.03.2025;sess_9069769_0;app
396;07.07.2024 08:36;product_impression;9103074;5012733;100305;Одежда;;;;0.0;07.07.2024;sess_9103074_0;app
397;07.07.2024 16:18;product_impression;9047133;5012733;100305;Одежда;;;;0.0;07.07.2024;sess_9047133_0;mweb
398;07.07.2024 08:33;product_impression;9023281;5012733;100305;Одежда;;;;0.0;07.07.2024;sess_9023281_0;mweb
399;07.07.2024 15:21;product_impression;9028895;5012733;100305;Одежда;;;;0.0;07.07.2024;sess_9028895_0;app
400;07.07.2024 16:21;product_impression;9101591;5012733;100305;Одежда;;;;0.0;07.07.2024;sess_9101591_0;app
401;07.07.2024 12:10;product_impression;9045359;5012733;100305;Одежда;;;;0.0;07.07.2024;sess_9045359_0;app
402;07.07.2024 17:04;product_click;9103074;5012733;100305;Одежда;;;;0.0;07.07.2024;sess_9103074_0;app
403;07.07.2024 15:37;product_page_view;9103074;5012733;100305;Одежда;;;;0.0;07.07.2024;sess_9103074_0;mweb
404;07.07.2024 11:42;product_page_view;9047133;5012733;100305;Одежда;;;;0.0;07.07.2024;sess_9047133_0;mweb
405;15.03.2025 09:25;product_impression;9092040;5001715;100044;Одежда;;;;0.0;15.03.2025;sess_9092040_0;web
406;15.03.2025 17:48;product_impression;9066396;5001715;100044;Одежда;;;;0.0;15.03.2025;sess_9066396_0;mweb
407;15.03.2025 20:21;product_impression;9075162;5001715;100044;Одежда;;;;0.0;15.03.2025;sess_9075162_0;app
408;15.03.2025 12:29;product_impression;9048606;5001715;100044;Одежда;;;;0.0;15.03.2025;sess_9048606_0;app
409;15.03.2025 13:24;product_impression;9005221;5001715;100044;Одежда;;;;0.0;15.03.2025;sess_9005221_0;app
410;15.03.2025 14:49;product_impression;9049152;5001715;100044;Одежда;;;;0.0;15.03.2025;sess_9049152_0;web
411;15.03.2025 16:30;product_impression;9111692;5001715;100044;Одежда;;;;0.0;15.03.2025;sess_9111692_0;app
412;15.03.2025 17:09;product_impression;9118544;5001715;100044;Одежда;;;;0.0;15.03.2025;sess_9118544_0;app
413;15.03.2025 13:59;product_impression;9028844;5001715;100044;Одежда;;;;0.0;15.03.2025;sess_9028844_0;app
414;15.03.2025 08:25;product_click;9092040;5001715;100044;Одежда;;;;0.0;15.03.2025;sess_9092040_0;app
415;15.03.2025 21:59;product_click;9066396;5001715;100044;Одежда;;;;0.0;15.03.2025;sess_9066396_0;app
416;15.03.2025 16:46;product_click;9075162;5001715;100044;Одежда;;;;0.0;15.03.2025;sess_9075162_0;web
417;15.03.2025 21:18;product_click;9048606;5001715;100044;Одежда;;;;0.0;15.03.2025;sess_9048606_0;app
418;15.03.2025 18:38;product_click;9005221;5001715;100044;Одежда;;;;0.0;15.03.2025;sess_9005221_0;app
419;15.03.2025 16:29;product_click;9049152;5001715;100044;Одежда;;;;0.0;15.03.2025;sess_9049152_0;app
420;15.03.2025 20:36;product_click;9111692;5001715;100044;Одежда;;;;0.0;15.03.2025;sess_9111692_0;app
421;15.03.2025 15:09;product_click;9118544;5001715;100044;Одежда;;;;0.0;15.03.2025;sess_9118544_0;app
422;15.03.2025 13:12;product_click;9028844;5001715;100044;Одежда;;;;0.0;15.03.2025;sess_9028844_0;app
423;15.03.2025 11:29;product_page_view;9092040;5001715;100044;Одежда;;;;0.0;15.03.2025;sess_9092040_0;app
424;15.03.2025 16:51;product_page_view;9066396;5001715;100044;Одежда;;;;0.0;15.03.2025;sess_9066396_0;mweb
425;15.03.2025 11:49;product_page_view;9075162;5001715;100044;Одежда;;;;0.0;15.03.2025;sess_9075162_0;app
426;15.03.2025 08:25;product_page_view;9048606;5001715;100044;Одежда;;;;0.0;15.03.2025;sess_9048606_0;app
427;15.03.2025 12:26;product_page_view;9005221;5001715;100044;Одежда;;;;0.0;15.03.2025;sess_9005221_0;app
428;15.03.2025 09:53;product_page_view;9049152;5001715;100044;Одежда;;;;0.0;15.03.2025;sess_9049152_0;app
429;15.03.2025 10:05;product_page_view;9111692;5001715;100044;Одежда;;;;0.0;15.03.2025;sess_9111692_0;app
430;15.03.2025 12:03;product_page_view;9118544;5001715;100044;Одежда;;;;0.0;15.03.2025;sess_9118544_0;app
431;15.03.2025 19:10;product_page_view;9028844;5001715;100044;Одежда;;;;0.0;15.03.2025;sess_9028844_0;app
432;15.03.2025 14:38;add_to_cart;9092040;5001715;100044;Одежда;;;;0.0;15.03.2025;sess_9092040_0;app
433;15.03.2025 20:19;add_to_cart;9066396;5001715;100044;Одежда;;;;0.0;15.03.2025;sess_9066396_0;app
434;15.03.2025 19:42;add_to_cart;9075162;5001715;100044;Одежда;;;;0.0;15.03.2025;sess_9075162_0;app
435;15.03.2025 19:23;add_to_cart;9048606;5001715;100044;Одежда;;;;0.0;15.03.2025;sess_9048606_0;app
436;15.03.2025 13:01;add_to_cart;9005221;5001715;100044;Одежда;;;;0.0;15.03.2025;sess_9005221_0;web
437;15.03.2025 21:45;purchase;9092040;5001715;100044;Одежда;organic;;ord_437;1968.3;15.03.2025;sess_9092040_0;mweb
438;15.03.2025 17:39;purchase;9066396;5001715;100044;Одежда;organic;;ord_438;1968.3;15.03.2025;sess_9066396_0;web
439;15.03.2025 18:00;purchase;9075162;5001715;100044;Одежда;organic;;ord_439;1968.3;15.03.2025;sess_9075162_0;app
440;15.03.2025 13:52;purchase;9048606;5001715;100044;Одежда;organic;;ord_440;1968.3;15.03.2025;sess_9048606_0;app
441;20.01.2025 12:03;product_impression;9051432;5119228;102809;Красота;;;;0.0;20.01.2025;sess_9051432_0;app
442;20.01.2025 15:42;product_impression;9066387;5119228;102809;Красота;;;;0.0;20.01.2025;sess_9066387_0;mweb
443;20.01.2025 10:22;product_impression;9000433;5119228;102809;Красота;;;;0.0;20.01.2025;sess_9000433_0;app
444;20.01.2025 13:31;product_page_view;9051432;5119228;102809;Красота;;;;0.0;20.01.2025;sess_9051432_0;app
445;20.01.2025 08:11;product_page_view;9066387;5119228;102809;Красота;;;;0.0;20.01.2025;sess_9066387_0;app
446;20.01.2025 13:19;product_page_view;9000433;5119228;102809;Красота;;;;0.0;20.01.2025;sess_9000433_0;app
447;01.05.2026 17:04;product_impression;9085383;5049015;101169;Одежда;;;;0.0;01.05.2026;sess_9085383_0;mweb
448;01.05.2026 21:16;product_impression;9097008;5049015;101169;Одежда;;;;0.0;01.05.2026;sess_9097008_0;app
449;01.05.2026 08:23;product_impression;9096462;5049015;101169;Одежда;;;;0.0;01.05.2026;sess_9096462_0;app
450;01.05.2026 09:15;product_impression;9074790;5049015;101169;Одежда;;;;0.0;01.05.2026;sess_9074790_0;app
451;01.05.2026 19:50;product_impression;9027104;5049015;101169;Одежда;;;;0.0;01.05.2026;sess_9027104_0;app
452;01.05.2026 11:45;product_impression;9034097;5049015;101169;Одежда;;;;0.0;01.05.2026;sess_9034097_0;app
453;01.05.2026 19:05;product_impression;9101765;5049015;101169;Одежда;;;;0.0;01.05.2026;sess_9101765_0;mweb
454;01.05.2026 19:06;product_click;9085383;5049015;101169;Одежда;;;;0.0;01.05.2026;sess_9085383_0;mweb
455;01.05.2026 16:08;product_click;9097008;5049015;101169;Одежда;;;;0.0;01.05.2026;sess_9097008_0;web
456;01.05.2026 14:08;product_page_view;9085383;5049015;101169;Одежда;;;;0.0;01.05.2026;sess_9085383_0;app
457;01.05.2026 14:52;product_page_view;9097008;5049015;101169;Одежда;;;;0.0;01.05.2026;sess_9097008_0;mweb
458;01.05.2026 09:59;product_page_view;9096462;5049015;101169;Одежда;;;;0.0;01.05.2026;sess_9096462_0;app
459;01.05.2026 14:58;product_page_view;9074790;5049015;101169;Одежда;;;;0.0;01.05.2026;sess_9074790_0;web
460;01.05.2026 12:02;product_page_view;9027104;5049015;101169;Одежда;;;;0.0;01.05.2026;sess_9027104_0;mweb
461;01.05.2026 14:09;product_page_view;9034097;5049015;101169;Одежда;;;;0.0;01.05.2026;sess_9034097_0;app
462;01.05.2026 15:36;product_page_view;9101765;5049015;101169;Одежда;;;;0.0;01.05.2026;sess_9101765_0;app
463;01.05.2026 17:17;add_to_cart;9085383;5049015;101169;Одежда;;;;0.0;01.05.2026;sess_9085383_0;mweb
464;01.05.2026 13:21;add_to_cart;9097008;5049015;101169;Одежда;;;;0.0;01.05.2026;sess_9097008_0;app
465;01.05.2026 12:48;add_to_cart;9096462;5049015;101169;Одежда;;;;0.0;01.05.2026;sess_9096462_0;mweb
466;01.05.2026 11:33;purchase;9085383;5049015;101169;Одежда;organic;;ord_466;2378.16;01.05.2026;sess_9085383_0;app
467;01.05.2026 12:55;purchase;9097008;5049015;101169;Одежда;organic;;ord_467;2378.16;01.05.2026;sess_9097008_0;web
468;07.03.2026 10:59;product_impression;9077051;5010106;100243;Аксессуары;;;;0.0;07.03.2026;sess_9077051_0;app
469;07.03.2026 20:33;product_impression;9069889;5010106;100243;Аксессуары;;;;0.0;07.03.2026;sess_9069889_0;mweb
470;07.03.2026 19:03;product_impression;9008130;5010106;100243;Аксессуары;;;;0.0;07.03.2026;sess_9008130_0;app
471;07.03.2026 15:54;product_impression;9109324;5010106;100243;Аксессуары;;;;0.0;07.03.2026;sess_9109324_0;web
472;07.03.2026 15:31;product_impression;9087029;5010106;100243;Аксессуары;;;;0.0;07.03.2026;sess_9087029_0;web
473;07.03.2026 17:10;product_impression;9058108;5010106;100243;Аксессуары;;;;0.0;07.03.2026;sess_9058108_0;app
474;07.03.2026 11:49;product_click;9077051;5010106;100243;Аксессуары;;;;0.0;07.03.2026;sess_9077051_0;app
475;07.03.2026 13:09;product_page_view;9077051;5010106;100243;Аксессуары;;;;0.0;07.03.2026;sess_9077051_0;app
476;07.03.2026 13:19;product_page_view;9069889;5010106;100243;Аксессуары;;;;0.0;07.03.2026;sess_9069889_0;app
477;07.03.2026 17:35;add_to_cart;9077051;5010106;100243;Аксессуары;;;;0.0;07.03.2026;sess_9077051_0;app
478;07.03.2026 20:17;add_to_cart;9069889;5010106;100243;Аксессуары;;;;0.0;07.03.2026;sess_9069889_0;web
479;28.11.2024 17:29;product_impression;9094621;5033036;100792;Красота;;;;0.0;28.11.2024;sess_9094621_0;app
480;28.11.2024 09:04;product_impression;9018939;5033036;100792;Красота;;;;0.0;28.11.2024;sess_9018939_0;app
481;28.11.2024 20:29;product_impression;9082360;5033036;100792;Красота;;;;0.0;28.11.2024;sess_9082360_0;app
482;28.11.2024 09:01;product_impression;9056047;5033036;100792;Красота;;;;0.0;28.11.2024;sess_9056047_0;app
483;28.11.2024 19:48;product_impression;9017493;5033036;100792;Красота;;;;0.0;28.11.2024;sess_9017493_0;app
484;28.11.2024 21:37;product_impression;9068037;5033036;100792;Красота;;;;0.0;28.11.2024;sess_9068037_0;mweb
485;28.11.2024 12:22;product_impression;9040920;5033036;100792;Красота;;;;0.0;28.11.2024;sess_9040920_0;app
486;28.11.2024 11:26;product_click;9094621;5033036;100792;Красота;;;;0.0;28.11.2024;sess_9094621_0;app
487;28.11.2024 10:00;product_click;9018939;5033036;100792;Красота;;;;0.0;28.11.2024;sess_9018939_0;app
488;28.11.2024 17:54;product_click;9082360;5033036;100792;Красота;;;;0.0;28.11.2024;sess_9082360_0;app
489;28.11.2024 21:42;product_click;9056047;5033036;100792;Красота;;;;0.0;28.11.2024;sess_9056047_0;mweb
490;28.11.2024 14:35;product_click;9017493;5033036;100792;Красота;;;;0.0;28.11.2024;sess_9017493_0;web
491;28.11.2024 09:49;product_click;9068037;5033036;100792;Красота;;;;0.0;28.11.2024;sess_9068037_0;app
492;28.11.2024 10:28;product_page_view;9094621;5033036;100792;Красота;;;;0.0;28.11.2024;sess_9094621_0;app
493;28.11.2024 12:26;product_page_view;9018939;5033036;100792;Красота;;;;0.0;28.11.2024;sess_9018939_0;app
494;28.11.2024 17:06;product_page_view;9082360;5033036;100792;Красота;;;;0.0;28.11.2024;sess_9082360_0;app
495;28.11.2024 15:46;product_page_view;9056047;5033036;100792;Красота;;;;0.0;28.11.2024;sess_9056047_0;app
496;28.11.2024 20:06;product_page_view;9017493;5033036;100792;Красота;;;;0.0;28.11.2024;sess_9017493_0;app
497;28.11.2024 10:00;product_page_view;9068037;5033036;100792;Красота;;;;0.0;28.11.2024;sess_9068037_0;app
498;18.09.2025 19:29;product_impression;9097593;5031957;100762;Спорт;;;;0.0;18.09.2025;sess_9097593_0;mweb
499;18.09.2025 11:28;product_impression;9037526;5031957;100762;Спорт;;;;0.0;18.09.2025;sess_9037526_0;app
500;18.09.2025 10:04;product_impression;9032089;5031957;100762;Спорт;;;;0.0;18.09.2025;sess_9032089_0;web
501;18.09.2025 19:51;product_click;9097593;5031957;100762;Спорт;;;;0.0;18.09.2025;sess_9097593_0;app
502;18.09.2025 16:54;product_click;9037526;5031957;100762;Спорт;;;;0.0;18.09.2025;sess_9037526_0;web
503;18.09.2025 15:49;product_click;9032089;5031957;100762;Спорт;;;;0.0;18.09.2025;sess_9032089_0;app
504;18.09.2025 10:45;product_page_view;9097593;5031957;100762;Спорт;;;;0.0;18.09.2025;sess_9097593_0;app
505;18.09.2025 17:14;product_page_view;9037526;5031957;100762;Спорт;;;;0.0;18.09.2025;sess_9037526_0;app
506;18.09.2025 18:04;product_page_view;9032089;5031957;100762;Спорт;;;;0.0;18.09.2025;sess_9032089_0;mweb
507;18.09.2025 10:23;product_page_view;9040211;5031957;100762;Спорт;;;;0.0;18.09.2025;sess_9040211_0;app
508;18.09.2025 18:30;product_page_view;9070355;5031957;100762;Спорт;;;;0.0;18.09.2025;sess_9070355_0;app
509;18.09.2025 15:08;add_to_cart;9097593;5031957;100762;Спорт;;;;0.0;18.09.2025;sess_9097593_0;app
510;18.09.2025 14:10;add_to_cart;9037526;5031957;100762;Спорт;;;;0.0;18.09.2025;sess_9037526_0;app
511;18.09.2025 19:18;add_to_cart;9032089;5031957;100762;Спорт;;;;0.0;18.09.2025;sess_9032089_0;mweb
512;18.09.2025 21:43;add_to_cart;9040211;5031957;100762;Спорт;;;;0.0;18.09.2025;sess_9040211_0;app
513;18.09.2025 11:51;purchase;9097593;5031957;100762;Спорт;organic;;ord_513;586.2;18.09.2025;sess_9097593_0;app
514;18.09.2025 14:27;purchase;9037526;5031957;100762;Спорт;organic;;ord_514;586.2;18.09.2025;sess_9037526_0;app
515;18.09.2025 12:08;purchase;9032089;5031957;100762;Спорт;organic;;ord_515;586.2;18.09.2025;sess_9032089_0;app
516;26.09.2025 09:36;product_impression;9106026;5117576;102772;Дом;;;;0.0;26.09.2025;sess_9106026_0;app
517;26.09.2025 15:59;product_impression;9034579;5117576;102772;Дом;;;;0.0;26.09.2025;sess_9034579_0;app
518;26.09.2025 08:11;product_impression;9117611;5117576;102772;Дом;;;;0.0;26.09.2025;sess_9117611_0;app
519;26.09.2025 09:30;product_impression;9081343;5117576;102772;Дом;;;;0.0;26.09.2025;sess_9081343_0;app
520;26.09.2025 17:10;product_impression;9004186;5117576;102772;Дом;;;;0.0;26.09.2025;sess_9004186_0;app
521;26.09.2025 11:29;product_impression;9080978;5117576;102772;Дом;;;;0.0;26.09.2025;sess_9080978_0;web
522;26.09.2025 16:28;product_impression;9052546;5117576;102772;Дом;;;;0.0;26.09.2025;sess_9052546_0;mweb
523;26.09.2025 08:27;product_page_view;9106026;5117576;102772;Дом;;;;0.0;26.09.2025;sess_9106026_0;app
524;26.09.2025 12:52;product_page_view;9034579;5117576;102772;Дом;;;;0.0;26.09.2025;sess_9034579_0;mweb
525;26.09.2025 15:38;product_page_view;9117611;5117576;102772;Дом;;;;0.0;26.09.2025;sess_9117611_0;app
526;26.09.2025 21:24;add_to_cart;9106026;5117576;102772;Дом;;;;0.0;26.09.2025;sess_9106026_0;app
527;31.12.2024 13:22;product_impression;9057871;5054961;101302;Дом;;;;0.0;31.12.2024;sess_9057871_0;app
528;21.04.2026 14:03;product_impression;9057709;5076812;101811;Одежда;;;;0.0;21.04.2026;sess_9057709_0;app
529;21.04.2026 17:49;product_impression;9118508;5076812;101811;Одежда;;;;0.0;21.04.2026;sess_9118508_0;app
530;21.04.2026 13:10;product_impression;9069482;5076812;101811;Одежда;;;;0.0;21.04.2026;sess_9069482_0;app
531;21.04.2026 21:21;product_impression;9100299;5076812;101811;Одежда;;;;0.0;21.04.2026;sess_9100299_0;app
532;21.04.2026 08:49;product_impression;9108682;5076812;101811;Одежда;;;;0.0;21.04.2026;sess_9108682_0;app
533;21.04.2026 16:29;product_impression;9048776;5076812;101811;Одежда;;;;0.0;21.04.2026;sess_9048776_0;app
534;21.04.2026 08:53;product_page_view;9057709;5076812;101811;Одежда;;;;0.0;21.04.2026;sess_9057709_0;app
535;21.04.2026 13:09;product_page_view;9118508;5076812;101811;Одежда;;;;0.0;21.04.2026;sess_9118508_0;app
536;14.12.2025 17:01;product_impression;9035168;5121201;102858;Дом;;;;0.0;14.12.2025;sess_9035168_0;app
537;11.05.2025 11:32;product_impression;9054179;5091908;102153;Обувь;;;;0.0;11.05.2025;sess_9054179_0;app
538;11.05.2025 16:15;product_impression;9110895;5091908;102153;Обувь;;;;0.0;11.05.2025;sess_9110895_0;app
539;11.05.2025 09:32;product_impression;9059183;5091908;102153;Обувь;;;;0.0;11.05.2025;sess_9059183_0;app
540;11.05.2025 13:15;product_impression;9108306;5091908;102153;Обувь;;;;0.0;11.05.2025;sess_9108306_0;app
541;11.05.2025 11:35;product_impression;9108988;5091908;102153;Обувь;;;;0.0;11.05.2025;sess_9108988_0;web
542;11.05.2025 12:30;product_impression;9019617;5091908;102153;Обувь;;;;0.0;11.05.2025;sess_9019617_0;mweb
543;11.05.2025 10:50;product_impression;9101463;5091908;102153;Обувь;;;;0.0;11.05.2025;sess_9101463_0;web
544;11.05.2025 13:42;product_impression;9014565;5091908;102153;Обувь;;;;0.0;11.05.2025;sess_9014565_0;app
545;11.05.2025 09:18;product_click;9054179;5091908;102153;Обувь;;;;0.0;11.05.2025;sess_9054179_0;web
546;11.05.2025 08:39;product_click;9110895;5091908;102153;Обувь;;;;0.0;11.05.2025;sess_9110895_0;app
547;11.05.2025 09:06;product_click;9059183;5091908;102153;Обувь;;;;0.0;11.05.2025;sess_9059183_0;app
548;11.05.2025 08:55;product_page_view;9054179;5091908;102153;Обувь;;;;0.0;11.05.2025;sess_9054179_0;app
549;11.05.2025 14:34;product_page_view;9110895;5091908;102153;Обувь;;;;0.0;11.05.2025;sess_9110895_0;app
550;11.05.2025 13:54;product_page_view;9059183;5091908;102153;Обувь;;;;0.0;11.05.2025;sess_9059183_0;app
551;11.05.2025 16:54;add_to_cart;9054179;5091908;102153;Обувь;;;;0.0;11.05.2025;sess_9054179_0;app
552;11.05.2025 21:44;add_to_cart;9110895;5091908;102153;Обувь;;;;0.0;11.05.2025;sess_9110895_0;app
553;07.03.2026 20:06;product_impression;9002841;5110588;102623;Одежда;;;;0.0;07.03.2026;sess_9002841_0;app
554;07.03.2026 10:51;product_impression;9065483;5110588;102623;Одежда;;;;0.0;07.03.2026;sess_9065483_0;mweb
555;07.03.2026 19:03;product_impression;9103967;5110588;102623;Одежда;;;;0.0;07.03.2026;sess_9103967_0;app
556;07.03.2026 19:36;product_impression;9077861;5110588;102623;Одежда;;;;0.0;07.03.2026;sess_9077861_0;app
557;07.03.2026 13:41;product_impression;9010161;5110588;102623;Одежда;;;;0.0;07.03.2026;sess_9010161_0;web
558;07.03.2026 10:30;product_click;9002841;5110588;102623;Одежда;;;;0.0;07.03.2026;sess_9002841_0;mweb
559;07.03.2026 08:21;product_click;9065483;5110588;102623;Одежда;;;;0.0;07.03.2026;sess_9065483_0;mweb
560;07.03.2026 12:30;product_page_view;9002841;5110588;102623;Одежда;;;;0.0;07.03.2026;sess_9002841_0;app
561;07.03.2026 17:51;product_page_view;9065483;5110588;102623;Одежда;;;;0.0;07.03.2026;sess_9065483_0;app
562;11.05.2025 10:53;product_impression;9076382;5127358;102981;Детские товары;;;;0.0;11.05.2025;sess_9076382_0;mweb
563;11.05.2025 20:17;product_impression;9078057;5127358;102981;Детские товары;;;;0.0;11.05.2025;sess_9078057_0;mweb
564;11.05.2025 08:14;product_impression;9044913;5127358;102981;Детские товары;;;;0.0;11.05.2025;sess_9044913_0;app
565;11.05.2025 14:02;product_click;9076382;5127358;102981;Детские товары;;;;0.0;11.05.2025;sess_9076382_0;app
566;11.05.2025 10:44;product_click;9078057;5127358;102981;Детские товары;;;;0.0;11.05.2025;sess_9078057_0;app
567;11.05.2025 10:03;product_click;9044913;5127358;102981;Детские товары;;;;0.0;11.05.2025;sess_9044913_0;app
568;11.05.2025 11:33;product_page_view;9076382;5127358;102981;Детские товары;;;;0.0;11.05.2025;sess_9076382_0;app
569;11.05.2025 11:57;product_page_view;9078057;5127358;102981;Детские товары;;;;0.0;11.05.2025;sess_9078057_0;app
570;11.05.2025 16:48;product_page_view;9044913;5127358;102981;Детские товары;;;;0.0;11.05.2025;sess_9044913_0;app
571;11.05.2025 15:35;product_page_view;9113719;5127358;102981;Детские товары;;;;0.0;11.05.2025;sess_9113719_0;mweb
572;11.05.2025 15:44;add_to_cart;9076382;5127358;102981;Детские товары;;;;0.0;11.05.2025;sess_9076382_0;app
573;11.05.2025 12:19;add_to_cart;9078057;5127358;102981;Детские товары;;;;0.0;11.05.2025;sess_9078057_0;web
574;11.05.2025 22:21;add_to_cart;9044913;5127358;102981;Детские товары;;;;0.0;11.05.2025;sess_9044913_0;app
575;11.05.2025 22:11;add_to_cart;9113719;5127358;102981;Детские товары;;;;0.0;11.05.2025;sess_9113719_0;app
576;11.05.2025 14:48;purchase;9076382;5127358;102981;Детские товары;organic;;ord_576;3808.84;11.05.2025;sess_9076382_0;web
577;11.05.2025 10:16;purchase;9078057;5127358;102981;Детские товары;organic;;ord_577;3808.84;11.05.2025;sess_9078057_0;mweb
578;29.08.2025 19:08;product_impression;9068238;5076629;101807;Спорт;;;;0.0;29.08.2025;sess_9068238_0;web
579;29.08.2025 12:06;product_impression;9030663;5076629;101807;Спорт;;;;0.0;29.08.2025;sess_9030663_0;mweb
580;29.08.2025 12:08;product_impression;9111238;5076629;101807;Спорт;;;;0.0;29.08.2025;sess_9111238_0;app
581;29.08.2025 08:38;product_impression;9000773;5076629;101807;Спорт;;;;0.0;29.08.2025;sess_9000773_0;mweb
582;29.08.2025 08:30;product_impression;9019026;5076629;101807;Спорт;;;;0.0;29.08.2025;sess_9019026_0;app
583;29.08.2025 19:02;product_impression;9061898;5076629;101807;Спорт;;;;0.0;29.08.2025;sess_9061898_0;mweb
584;29.08.2025 12:17;product_impression;9064119;5076629;101807;Спорт;;;;0.0;29.08.2025;sess_9064119_0;app
585;29.08.2025 08:57;product_click;9068238;5076629;101807;Спорт;;;;0.0;29.08.2025;sess_9068238_0;app
586;29.08.2025 08:56;product_click;9030663;5076629;101807;Спорт;;;;0.0;29.08.2025;sess_9030663_0;app
587;29.08.2025 19:59;product_click;9111238;5076629;101807;Спорт;;;;0.0;29.08.2025;sess_9111238_0;app
588;29.08.2025 11:54;product_page_view;9068238;5076629;101807;Спорт;;;;0.0;29.08.2025;sess_9068238_0;mweb
589;29.08.2025 19:47;product_page_view;9030663;5076629;101807;Спорт;;;;0.0;29.08.2025;sess_9030663_0;app
590;29.08.2025 21:57;product_page_view;9111238;5076629;101807;Спорт;;;;0.0;29.08.2025;sess_9111238_0;app
591;29.08.2025 15:52;add_to_cart;9068238;5076629;101807;Спорт;;;;0.0;29.08.2025;sess_9068238_0;app
592;21.05.2025 19:44;product_impression;9009918;5126816;102970;Красота;;;;0.0;21.05.2025;sess_9009918_0;app
593;21.05.2025 09:15;product_impression;9084141;5126816;102970;Красота;;;;0.0;21.05.2025;sess_9084141_0;app
594;21.05.2025 08:34;product_impression;9058972;5126816;102970;Красота;;;;0.0;21.05.2025;sess_9058972_0;app
595;21.05.2025 16:33;product_impression;9009595;5126816;102970;Красота;;;;0.0;21.05.2025;sess_9009595_0;app
596;21.05.2025 20:49;product_impression;9016228;5126816;102970;Красота;;;;0.0;21.05.2025;sess_9016228_0;web
597;02.12.2024 08:44;product_impression;9037727;5115324;102722;Аксессуары;;;;0.0;02.12.2024;sess_9037727_0;app
598;07.03.2026 10:03;product_impression;9009109;5021705;100519;Дом;;;;0.0;07.03.2026;sess_9009109_0;app
599;07.03.2026 17:12;product_impression;9069366;5021705;100519;Дом;;;;0.0;07.03.2026;sess_9069366_0;app
600;07.03.2026 12:26;product_impression;9012942;5021705;100519;Дом;;;;0.0;07.03.2026;sess_9012942_0;app
601;07.03.2026 13:02;product_impression;9072847;5021705;100519;Дом;;;;0.0;07.03.2026;sess_9072847_0;web
602;07.03.2026 19:55;product_click;9009109;5021705;100519;Дом;;;;0.0;07.03.2026;sess_9009109_0;web
603;07.03.2026 18:22;product_click;9069366;5021705;100519;Дом;;;;0.0;07.03.2026;sess_9069366_0;web
604;07.03.2026 15:37;product_page_view;9009109;5021705;100519;Дом;;;;0.0;07.03.2026;sess_9009109_0;app
605;07.03.2026 18:19;product_page_view;9069366;5021705;100519;Дом;;;;0.0;07.03.2026;sess_9069366_0;app
606;07.03.2026 16:02;add_to_cart;9009109;5021705;100519;Дом;;;;0.0;07.03.2026;sess_9009109_0;app
607;04.05.2025 19:41;product_impression;9011342;5126629;102965;Товары для животных;;;;0.0;04.05.2025;sess_9011342_0;app
608;04.05.2025 12:27;product_impression;9007967;5126629;102965;Товары для животных;;;;0.0;04.05.2025;sess_9007967_0;app
609;04.05.2025 15:18;product_impression;9023400;5126629;102965;Товары для животных;;;;0.0;04.05.2025;sess_9023400_0;app
610;04.05.2025 10:55;product_impression;9100237;5126629;102965;Товары для животных;;;;0.0;04.05.2025;sess_9100237_0;app
611;04.05.2025 16:27;product_impression;9095223;5126629;102965;Товары для животных;;;;0.0;04.05.2025;sess_9095223_0;app
612;04.05.2025 13:36;product_impression;9060411;5126629;102965;Товары для животных;;;;0.0;04.05.2025;sess_9060411_0;mweb
613;04.05.2025 10:46;product_impression;9040206;5126629;102965;Товары для животных;;;;0.0;04.05.2025;sess_9040206_0;app
614;04.05.2025 08:04;product_impression;9063755;5126629;102965;Товары для животных;;;;0.0;04.05.2025;sess_9063755_0;mweb
615;04.05.2025 20:06;product_click;9011342;5126629;102965;Товары для животных;;;;0.0;04.05.2025;sess_9011342_0;web
616;04.05.2025 15:07;product_click;9007967;5126629;102965;Товары для животных;;;;0.0;04.05.2025;sess_9007967_0;app
617;04.05.2025 20:10;product_page_view;9011342;5126629;102965;Товары для животных;;;;0.0;04.05.2025;sess_9011342_0;app
618;04.05.2025 14:55;product_page_view;9007967;5126629;102965;Товары для животных;;;;0.0;04.05.2025;sess_9007967_0;app
619;04.05.2025 17:52;product_page_view;9023400;5126629;102965;Товары для животных;;;;0.0;04.05.2025;sess_9023400_0;web
620;04.05.2025 19:16;add_to_cart;9011342;5126629;102965;Товары для животных;;;;0.0;04.05.2025;sess_9011342_0;app
621;26.12.2025 11:59;product_impression;9039080;5064064;101522;Аксессуары;;;;0.0;26.12.2025;sess_9039080_0;app
622;26.12.2025 11:50;product_impression;9040543;5064064;101522;Аксессуары;;;;0.0;26.12.2025;sess_9040543_0;app
623;26.12.2025 08:40;product_impression;9046905;5064064;101522;Аксессуары;;;;0.0;26.12.2025;sess_9046905_0;app
624;26.12.2025 09:13;product_impression;9075409;5064064;101522;Аксессуары;;;;0.0;26.12.2025;sess_9075409_0;web
625;26.12.2025 20:39;product_impression;9083097;5064064;101522;Аксессуары;;;;0.0;26.12.2025;sess_9083097_0;app
626;26.12.2025 10:23;product_page_view;9039080;5064064;101522;Аксессуары;;;;0.0;26.12.2025;sess_9039080_0;app
627;26.12.2025 15:35;product_page_view;9040543;5064064;101522;Аксессуары;;;;0.0;26.12.2025;sess_9040543_0;app
628;26.12.2025 21:17;product_page_view;9046905;5064064;101522;Аксессуары;;;;0.0;26.12.2025;sess_9046905_0;app
629;26.12.2025 18:33;product_page_view;9075409;5064064;101522;Аксессуары;;;;0.0;26.12.2025;sess_9075409_0;web
630;26.12.2025 16:07;product_page_view;9083097;5064064;101522;Аксессуары;;;;0.0;26.12.2025;sess_9083097_0;app
631;14.08.2025 11:22;product_impression;9068612;5005513;100135;Красота;;;;0.0;14.08.2025;sess_9068612_0;app
632;14.08.2025 12:30;product_click;9068612;5005513;100135;Красота;;;;0.0;14.08.2025;sess_9068612_0;app
633;14.08.2025 17:15;product_page_view;9068612;5005513;100135;Красота;;;;0.0;14.08.2025;sess_9068612_0;mweb
634;17.12.2024 10:12;product_impression;9036301;5004104;100103;Детские товары;;;;0.0;17.12.2024;sess_9036301_0;mweb
635;17.12.2024 19:26;product_impression;9100861;5004104;100103;Детские товары;;;;0.0;17.12.2024;sess_9100861_0;mweb
636;17.12.2024 21:47;product_impression;9085660;5004104;100103;Детские товары;;;;0.0;17.12.2024;sess_9085660_0;web
637;17.12.2024 16:41;product_impression;9005962;5004104;100103;Детские товары;;;;0.0;17.12.2024;sess_9005962_0;app
638;17.12.2024 20:49;product_impression;9109729;5004104;100103;Детские товары;;;;0.0;17.12.2024;sess_9109729_0;app
639;17.12.2024 09:59;product_page_view;9036301;5004104;100103;Детские товары;;;;0.0;17.12.2024;sess_9036301_0;app
640;17.12.2024 14:34;product_page_view;9100861;5004104;100103;Детские товары;;;;0.0;17.12.2024;sess_9100861_0;app
641;30.12.2025 15:30;product_impression;9118176;5033012;100792;Красота;;;;0.0;30.12.2025;sess_9118176_0;app
642;30.12.2025 10:12;product_impression;9022033;5033012;100792;Красота;;;;0.0;30.12.2025;sess_9022033_0;app
643;30.12.2025 19:48;product_impression;9092540;5033012;100792;Красота;;;;0.0;30.12.2025;sess_9092540_0;app
644;30.12.2025 11:54;product_impression;9104806;5033012;100792;Красота;;;;0.0;30.12.2025;sess_9104806_0;app
645;30.12.2025 18:20;product_impression;9081472;5033012;100792;Красота;;;;0.0;30.12.2025;sess_9081472_0;mweb
646;30.12.2025 20:40;product_impression;9014967;5033012;100792;Красота;;;;0.0;30.12.2025;sess_9014967_0;app
647;30.12.2025 11:24;product_impression;9057606;5033012;100792;Красота;;;;0.0;30.12.2025;sess_9057606_0;app
648;30.12.2025 12:38;product_impression;9078050;5033012;100792;Красота;;;;0.0;30.12.2025;sess_9078050_0;app
649;30.12.2025 11:58;product_click;9118176;5033012;100792;Красота;;;;0.0;30.12.2025;sess_9118176_0;mweb
650;30.12.2025 08:56;product_page_view;9118176;5033012;100792;Красота;;;;0.0;30.12.2025;sess_9118176_0;web
651;30.12.2025 19:40;product_page_view;9022033;5033012;100792;Красота;;;;0.0;30.12.2025;sess_9022033_0;app
652;30.12.2025 22:04;add_to_cart;9118176;5033012;100792;Красота;;;;0.0;30.12.2025;sess_9118176_0;app
653;08.11.2024 14:51;product_impression;9066525;5121921;102871;Детские товары;;;;0.0;08.11.2024;sess_9066525_0;app
654;08.11.2024 18:38;product_page_view;9066525;5121921;102871;Детские товары;;;;0.0;08.11.2024;sess_9066525_0;app
655;08.11.2024 09:13;add_to_cart;9066525;5121921;102871;Детские товары;;;;0.0;08.11.2024;sess_9066525_0;app
656;11.05.2025 08:02;product_impression;9039534;5070451;101643;Детские товары;;;;0.0;11.05.2025;sess_9039534_0;web
657;11.05.2025 08:35;product_impression;9115993;5070451;101643;Детские товары;;;;0.0;11.05.2025;sess_9115993_0;web
658;11.05.2025 16:08;product_impression;9084484;5070451;101643;Детские товары;;;;0.0;11.05.2025;sess_9084484_0;app
659;11.05.2025 20:26;product_impression;9116673;5070451;101643;Детские товары;;;;0.0;11.05.2025;sess_9116673_0;app
660;11.05.2025 08:39;product_impression;9078565;5070451;101643;Детские товары;;;;0.0;11.05.2025;sess_9078565_0;app
661;11.05.2025 21:51;product_impression;9032345;5070451;101643;Детские товары;;;;0.0;11.05.2025;sess_9032345_0;app
662;11.05.2025 10:12;product_impression;9083967;5070451;101643;Детские товары;;;;0.0;11.05.2025;sess_9083967_0;app
663;11.05.2025 20:07;product_impression;9031515;5070451;101643;Детские товары;;;;0.0;11.05.2025;sess_9031515_0;app
664;11.05.2025 11:30;product_click;9039534;5070451;101643;Детские товары;;;;0.0;11.05.2025;sess_9039534_0;mweb
665;11.05.2025 12:18;product_click;9115993;5070451;101643;Детские товары;;;;0.0;11.05.2025;sess_9115993_0;app
666;11.05.2025 11:23;product_page_view;9039534;5070451;101643;Детские товары;;;;0.0;11.05.2025;sess_9039534_0;app
667;11.05.2025 13:58;product_page_view;9115993;5070451;101643;Детские товары;;;;0.0;11.05.2025;sess_9115993_0;web
668;11.05.2025 08:53;product_page_view;9084484;5070451;101643;Детские товары;;;;0.0;11.05.2025;sess_9084484_0;app
669;11.05.2025 13:00;product_page_view;9116673;5070451;101643;Детские товары;;;;0.0;11.05.2025;sess_9116673_0;mweb
670;11.05.2025 10:56;product_page_view;9078565;5070451;101643;Детские товары;;;;0.0;11.05.2025;sess_9078565_0;app
671;11.05.2025 12:37;product_page_view;9032345;5070451;101643;Детские товары;;;;0.0;11.05.2025;sess_9032345_0;mweb
672;11.05.2025 18:49;product_page_view;9083967;5070451;101643;Детские товары;;;;0.0;11.05.2025;sess_9083967_0;mweb
673;11.05.2025 13:48;add_to_cart;9039534;5070451;101643;Детские товары;;;;0.0;11.05.2025;sess_9039534_0;app
674;28.02.2025 14:47;product_impression;9113209;5108741;102573;Электроника;;;;0.0;28.02.2025;sess_9113209_0;app
675;28.02.2025 18:36;product_impression;9091948;5108741;102573;Электроника;;;;0.0;28.02.2025;sess_9091948_0;web
676;28.02.2025 13:04;product_impression;9092226;5108741;102573;Электроника;;;;0.0;28.02.2025;sess_9092226_0;app
677;28.02.2025 17:15;product_impression;9114178;5108741;102573;Электроника;;;;0.0;28.02.2025;sess_9114178_0;app
678;28.02.2025 10:43;product_impression;9077630;5108741;102573;Электроника;;;;0.0;28.02.2025;sess_9077630_0;app
679;28.02.2025 08:29;product_impression;9056456;5108741;102573;Электроника;;;;0.0;28.02.2025;sess_9056456_0;web
680;28.02.2025 10:28;product_impression;9092741;5108741;102573;Электроника;;;;0.0;28.02.2025;sess_9092741_0;app
681;28.02.2025 16:08;product_click;9113209;5108741;102573;Электроника;;;;0.0;28.02.2025;sess_9113209_0;app
682;28.02.2025 19:30;product_page_view;9113209;5108741;102573;Электроника;;;;0.0;28.02.2025;sess_9113209_0;mweb
683;28.02.2025 16:22;product_page_view;9091948;5108741;102573;Электроника;;;;0.0;28.02.2025;sess_9091948_0;app
684;28.02.2025 20:57;product_page_view;9092226;5108741;102573;Электроника;;;;0.0;28.02.2025;sess_9092226_0;app
685;28.02.2025 20:58;add_to_cart;9113209;5108741;102573;Электроника;;;;0.0;28.02.2025;sess_9113209_0;app
686;28.02.2025 10:55;purchase;9113209;5108741;102573;Электроника;organic;;ord_686;1275.28;28.02.2025;sess_9113209_0;app
687;17.01.2026 10:05;product_impression;9010308;5015554;100383;Детские товары;;;;0.0;17.01.2026;sess_9010308_0;web
688;17.01.2026 21:21;product_impression;9092895;5015554;100383;Детские товары;;;;0.0;17.01.2026;sess_9092895_0;app
689;17.01.2026 10:51;product_impression;9078376;5015554;100383;Детские товары;;;;0.0;17.01.2026;sess_9078376_0;app
690;17.01.2026 09:09;product_impression;9031568;5015554;100383;Детские товары;;;;0.0;17.01.2026;sess_9031568_0;app
691;17.01.2026 18:50;product_impression;9091521;5015554;100383;Детские товары;;;;0.0;17.01.2026;sess_9091521_0;web
692;17.01.2026 13:50;product_impression;9042781;5015554;100383;Детские товары;;;;0.0;17.01.2026;sess_9042781_0;mweb
693;17.01.2026 14:07;product_click;9010308;5015554;100383;Детские товары;;;;0.0;17.01.2026;sess_9010308_0;app
694;17.01.2026 16:32;product_click;9092895;5015554;100383;Детские товары;;;;0.0;17.01.2026;sess_9092895_0;app
695;17.01.2026 18:53;product_click;9078376;5015554;100383;Детские товары;;;;0.0;17.01.2026;sess_9078376_0;app
696;17.01.2026 08:32;product_page_view;9010308;5015554;100383;Детские товары;;;;0.0;17.01.2026;sess_9010308_0;web
697;17.01.2026 21:30;product_page_view;9092895;5015554;100383;Детские товары;;;;0.0;17.01.2026;sess_9092895_0;app
698;17.01.2026 21:52;product_page_view;9078376;5015554;100383;Детские товары;;;;0.0;17.01.2026;sess_9078376_0;mweb
699;17.01.2026 12:43;product_page_view;9031568;5015554;100383;Детские товары;;;;0.0;17.01.2026;sess_9031568_0;app
700;17.01.2026 15:25;product_page_view;9091521;5015554;100383;Детские товары;;;;0.0;17.01.2026;sess_9091521_0;app
701;17.01.2026 14:36;product_page_view;9042781;5015554;100383;Детские товары;;;;0.0;17.01.2026;sess_9042781_0;app
702;17.01.2026 19:35;add_to_cart;9010308;5015554;100383;Детские товары;;;;0.0;17.01.2026;sess_9010308_0;web
703;06.07.2025 15:32;product_impression;9088591;5118431;102786;Одежда;;;;0.0;06.07.2025;sess_9088591_0;web
704;06.07.2025 10:46;product_impression;9041997;5118431;102786;Одежда;;;;0.0;06.07.2025;sess_9041997_0;web
705;06.07.2025 12:48;product_impression;9007668;5118431;102786;Одежда;;;;0.0;06.07.2025;sess_9007668_0;app
706;06.07.2025 18:00;product_impression;9088285;5118431;102786;Одежда;;;;0.0;06.07.2025;sess_9088285_0;web
707;06.07.2025 17:51;product_impression;9054656;5118431;102786;Одежда;;;;0.0;06.07.2025;sess_9054656_0;app
708;06.07.2025 08:56;product_impression;9039826;5118431;102786;Одежда;;;;0.0;06.07.2025;sess_9039826_0;mweb
709;06.07.2025 08:10;product_impression;9034431;5118431;102786;Одежда;;;;0.0;06.07.2025;sess_9034431_0;app
710;06.07.2025 12:37;product_impression;9078886;5118431;102786;Одежда;;;;0.0;06.07.2025;sess_9078886_0;web
711;06.07.2025 15:27;product_impression;9094990;5118431;102786;Одежда;;;;0.0;06.07.2025;sess_9094990_0;app
712;06.07.2025 09:45;product_impression;9119192;5118431;102786;Одежда;;;;0.0;06.07.2025;sess_9119192_0;app
713;06.07.2025 08:15;product_click;9088591;5118431;102786;Одежда;;;;0.0;06.07.2025;sess_9088591_0;app
714;06.07.2025 13:27;product_click;9041997;5118431;102786;Одежда;;;;0.0;06.07.2025;sess_9041997_0;app
715;06.07.2025 18:38;product_click;9007668;5118431;102786;Одежда;;;;0.0;06.07.2025;sess_9007668_0;mweb
716;06.07.2025 18:11;product_page_view;9088591;5118431;102786;Одежда;;;;0.0;06.07.2025;sess_9088591_0;app
717;06.07.2025 17:59;product_page_view;9041997;5118431;102786;Одежда;;;;0.0;06.07.2025;sess_9041997_0;app
718;06.07.2025 16:21;product_page_view;9007668;5118431;102786;Одежда;;;;0.0;06.07.2025;sess_9007668_0;mweb
719;06.07.2025 17:24;product_page_view;9088285;5118431;102786;Одежда;;;;0.0;06.07.2025;sess_9088285_0;mweb
720;06.07.2025 18:43;product_page_view;9054656;5118431;102786;Одежда;;;;0.0;06.07.2025;sess_9054656_0;app
721;06.07.2025 20:48;add_to_cart;9088591;5118431;102786;Одежда;;;;0.0;06.07.2025;sess_9088591_0;mweb
722;06.07.2025 17:41;add_to_cart;9041997;5118431;102786;Одежда;;;;0.0;06.07.2025;sess_9041997_0;app
723;06.07.2025 09:50;add_to_cart;9007668;5118431;102786;Одежда;;;;0.0;06.07.2025;sess_9007668_0;mweb
724;06.07.2025 19:56;purchase;9088591;5118431;102786;Одежда;organic;;ord_724;3051.82;06.07.2025;sess_9088591_0;app
725;15.02.2026 15:52;product_impression;9059075;5097415;102284;Одежда;;;;0.0;15.02.2026;sess_9059075_0;mweb
726;15.02.2026 10:29;product_impression;9078251;5097415;102284;Одежда;;;;0.0;15.02.2026;sess_9078251_0;app
727;15.02.2026 20:09;product_impression;9069108;5097415;102284;Одежда;;;;0.0;15.02.2026;sess_9069108_0;app
728;15.02.2026 17:20;product_impression;9095507;5097415;102284;Одежда;;;;0.0;15.02.2026;sess_9095507_0;app
729;15.02.2026 14:58;product_impression;9100610;5097415;102284;Одежда;;;;0.0;15.02.2026;sess_9100610_0;web
730;15.02.2026 13:53;product_impression;9060334;5097415;102284;Одежда;;;;0.0;15.02.2026;sess_9060334_0;app
731;15.02.2026 18:14;product_click;9059075;5097415;102284;Одежда;;;;0.0;15.02.2026;sess_9059075_0;app
732;15.02.2026 15:34;product_click;9078251;5097415;102284;Одежда;;;;0.0;15.02.2026;sess_9078251_0;web
733;15.02.2026 16:40;product_click;9069108;5097415;102284;Одежда;;;;0.0;15.02.2026;sess_9069108_0;app
734;15.02.2026 18:41;product_page_view;9059075;5097415;102284;Одежда;;;;0.0;15.02.2026;sess_9059075_0;web
735;15.02.2026 20:14;product_page_view;9078251;5097415;102284;Одежда;;;;0.0;15.02.2026;sess_9078251_0;web
736;15.02.2026 18:49;product_page_view;9069108;5097415;102284;Одежда;;;;0.0;15.02.2026;sess_9069108_0;app
737;15.02.2026 13:52;product_page_view;9095507;5097415;102284;Одежда;;;;0.0;15.02.2026;sess_9095507_0;app
738;15.02.2026 18:21;product_page_view;9100610;5097415;102284;Одежда;;;;0.0;15.02.2026;sess_9100610_0;web
739;15.02.2026 09:08;product_page_view;9060334;5097415;102284;Одежда;;;;0.0;15.02.2026;sess_9060334_0;app
740;24.02.2025 21:17;product_impression;9107045;5032430;100779;Аксессуары;;;;0.0;24.02.2025;sess_9107045_0;app
741;24.02.2025 20:05;product_impression;9039641;5032430;100779;Аксессуары;;;;0.0;24.02.2025;sess_9039641_0;app
742;24.02.2025 11:27;product_click;9107045;5032430;100779;Аксессуары;;;;0.0;24.02.2025;sess_9107045_0;app
743;24.02.2025 09:05;product_click;9039641;5032430;100779;Аксессуары;;;;0.0;24.02.2025;sess_9039641_0;app
744;24.02.2025 15:15;product_page_view;9107045;5032430;100779;Аксессуары;;;;0.0;24.02.2025;sess_9107045_0;mweb
745;24.02.2025 10:59;product_page_view;9039641;5032430;100779;Аксессуары;;;;0.0;24.02.2025;sess_9039641_0;app
746;24.02.2025 17:20;product_page_view;9097829;5032430;100779;Аксессуары;;;;0.0;24.02.2025;sess_9097829_0;app
747;24.02.2025 20:34;add_to_cart;9107045;5032430;100779;Аксессуары;;;;0.0;24.02.2025;sess_9107045_0;mweb
748;22.07.2025 11:39;product_impression;9035252;5044874;101076;Красота;;;;0.0;22.07.2025;sess_9035252_0;app
749;22.07.2025 20:24;product_impression;9003918;5044874;101076;Красота;;;;0.0;22.07.2025;sess_9003918_0;app
750;22.07.2025 10:47;product_impression;9109213;5044874;101076;Красота;;;;0.0;22.07.2025;sess_9109213_0;web
751;22.07.2025 15:37;product_impression;9081649;5044874;101076;Красота;;;;0.0;22.07.2025;sess_9081649_0;app
752;22.07.2025 17:48;product_impression;9073323;5044874;101076;Красота;;;;0.0;22.07.2025;sess_9073323_0;app
753;22.07.2025 12:26;product_click;9035252;5044874;101076;Красота;;;;0.0;22.07.2025;sess_9035252_0;app
754;22.07.2025 09:03;product_click;9003918;5044874;101076;Красота;;;;0.0;22.07.2025;sess_9003918_0;app
755;22.07.2025 13:31;product_click;9109213;5044874;101076;Красота;;;;0.0;22.07.2025;sess_9109213_0;app
756;22.07.2025 19:03;product_click;9081649;5044874;101076;Красота;;;;0.0;22.07.2025;sess_9081649_0;app
757;22.07.2025 08:46;product_page_view;9035252;5044874;101076;Красота;;;;0.0;22.07.2025;sess_9035252_0;app
758;22.07.2025 12:04;product_page_view;9003918;5044874;101076;Красота;;;;0.0;22.07.2025;sess_9003918_0;web
759;22.07.2025 19:28;product_page_view;9109213;5044874;101076;Красота;;;;0.0;22.07.2025;sess_9109213_0;mweb
760;22.07.2025 18:55;product_page_view;9081649;5044874;101076;Красота;;;;0.0;22.07.2025;sess_9081649_0;app
761;22.07.2025 15:00;product_page_view;9073323;5044874;101076;Красота;;;;0.0;22.07.2025;sess_9073323_0;mweb
762;22.07.2025 10:43;product_page_view;9028688;5044874;101076;Красота;;;;0.0;22.07.2025;sess_9028688_0;app
763;22.07.2025 17:47;add_to_cart;9035252;5044874;101076;Красота;;;;0.0;22.07.2025;sess_9035252_0;app
764;22.07.2025 16:34;add_to_cart;9003918;5044874;101076;Красота;;;;0.0;22.07.2025;sess_9003918_0;app
765;22.07.2025 13:15;add_to_cart;9109213;5044874;101076;Красота;;;;0.0;22.07.2025;sess_9109213_0;app
766;22.07.2025 13:51;add_to_cart;9081649;5044874;101076;Красота;;;;0.0;22.07.2025;sess_9081649_0;app
767;22.07.2025 16:18;purchase;9035252;5044874;101076;Красота;organic;;ord_767;345.93;22.07.2025;sess_9035252_0;app
768;22.07.2025 21:04;purchase;9003918;5044874;101076;Красота;organic;;ord_768;345.93;22.07.2025;sess_9003918_0;web
769;07.01.2026 19:42;product_impression;9020296;5098954;102313;Красота;;;;0.0;07.01.2026;sess_9020296_0;mweb
770;07.01.2026 21:53;product_impression;9083673;5098954;102313;Красота;;;;0.0;07.01.2026;sess_9083673_0;web
771;07.01.2026 21:13;product_impression;9073868;5098954;102313;Красота;;;;0.0;07.01.2026;sess_9073868_0;app
772;07.01.2026 14:35;product_impression;9109745;5098954;102313;Красота;;;;0.0;07.01.2026;sess_9109745_0;app
773;07.01.2026 08:11;product_impression;9115901;5098954;102313;Красота;;;;0.0;07.01.2026;sess_9115901_0;web
774;07.01.2026 12:33;product_impression;9044771;5098954;102313;Красота;;;;0.0;07.01.2026;sess_9044771_0;web
775;07.01.2026 11:28;product_impression;9002080;5098954;102313;Красота;;;;0.0;07.01.2026;sess_9002080_0;app
776;07.01.2026 11:33;product_impression;9078790;5098954;102313;Красота;;;;0.0;07.01.2026;sess_9078790_0;app
777;07.01.2026 11:13;product_impression;9048505;5098954;102313;Красота;;;;0.0;07.01.2026;sess_9048505_0;app
778;07.01.2026 17:39;product_click;9020296;5098954;102313;Красота;;;;0.0;07.01.2026;sess_9020296_0;web
779;07.01.2026 11:42;product_click;9083673;5098954;102313;Красота;;;;0.0;07.01.2026;sess_9083673_0;web
780;07.01.2026 11:57;product_click;9073868;5098954;102313;Красота;;;;0.0;07.01.2026;sess_9073868_0;app
781;07.01.2026 13:17;product_click;9109745;5098954;102313;Красота;;;;0.0;07.01.2026;sess_9109745_0;app
782;07.01.2026 11:22;product_page_view;9020296;5098954;102313;Красота;;;;0.0;07.01.2026;sess_9020296_0;app
783;07.01.2026 13:21;product_page_view;9083673;5098954;102313;Красота;;;;0.0;07.01.2026;sess_9083673_0;app
784;07.01.2026 12:30;product_page_view;9073868;5098954;102313;Красота;;;;0.0;07.01.2026;sess_9073868_0;app
785;07.01.2026 21:23;product_page_view;9109745;5098954;102313;Красота;;;;0.0;07.01.2026;sess_9109745_0;app
786;07.01.2026 17:37;add_to_cart;9020296;5098954;102313;Красота;;;;0.0;07.01.2026;sess_9020296_0;app
787;07.01.2026 20:58;add_to_cart;9083673;5098954;102313;Красота;;;;0.0;07.01.2026;sess_9083673_0;app
788;22.12.2025 17:38;product_impression;9090310;5078849;101850;Дом;;;;0.0;22.12.2025;sess_9090310_0;app
789;22.12.2025 09:40;product_impression;9006237;5078849;101850;Дом;;;;0.0;22.12.2025;sess_9006237_0;app
790;22.12.2025 15:12;product_impression;9105183;5078849;101850;Дом;;;;0.0;22.12.2025;sess_9105183_0;app
791;22.12.2025 17:28;product_impression;9072201;5078849;101850;Дом;;;;0.0;22.12.2025;sess_9072201_0;app
792;22.12.2025 14:22;product_click;9090310;5078849;101850;Дом;;;;0.0;22.12.2025;sess_9090310_0;web
793;22.12.2025 10:29;product_page_view;9090310;5078849;101850;Дом;;;;0.0;22.12.2025;sess_9090310_0;app
794;22.12.2025 09:38;product_page_view;9006237;5078849;101850;Дом;;;;0.0;22.12.2025;sess_9006237_0;app
795;22.12.2025 13:38;product_page_view;9105183;5078849;101850;Дом;;;;0.0;22.12.2025;sess_9105183_0;app
796;22.12.2025 08:44;product_page_view;9072201;5078849;101850;Дом;;;;0.0;22.12.2025;sess_9072201_0;mweb
797;22.12.2025 20:45;add_to_cart;9090310;5078849;101850;Дом;;;;0.0;22.12.2025;sess_9090310_0;app
798;22.12.2025 13:56;purchase;9090310;5078849;101850;Дом;organic;;ord_798;438.0;22.12.2025;sess_9090310_0;app
799;20.01.2026 15:24;product_impression;9101695;5060055;101417;Одежда;;;;0.0;20.01.2026;sess_9101695_0;app
800;20.01.2026 17:21;product_impression;9057749;5060055;101417;Одежда;;;;0.0;20.01.2026;sess_9057749_0;mweb
801;20.01.2026 13:28;product_impression;9103229;5060055;101417;Одежда;;;;0.0;20.01.2026;sess_9103229_0;app
802;20.01.2026 20:13;product_click;9101695;5060055;101417;Одежда;;;;0.0;20.01.2026;sess_9101695_0;app
803;20.01.2026 18:41;product_page_view;9101695;5060055;101417;Одежда;;;;0.0;20.01.2026;sess_9101695_0;app
804;20.01.2026 09:07;product_page_view;9057749;5060055;101417;Одежда;;;;0.0;20.01.2026;sess_9057749_0;app
805;20.01.2026 10:20;product_page_view;9103229;5060055;101417;Одежда;;;;0.0;20.01.2026;sess_9103229_0;app
806;20.01.2026 16:14;product_page_view;9011246;5060055;101417;Одежда;;;;0.0;20.01.2026;sess_9011246_0;app
807;20.01.2026 19:54;add_to_cart;9101695;5060055;101417;Одежда;;;;0.0;20.01.2026;sess_9101695_0;app
808;20.01.2026 16:51;add_to_cart;9057749;5060055;101417;Одежда;;;;0.0;20.01.2026;sess_9057749_0;app
809;20.01.2026 20:37;purchase;9101695;5060055;101417;Одежда;organic;;ord_809;2080.8;20.01.2026;sess_9101695_0;app
810;21.02.2026 08:42;product_impression;9103420;5034184;100816;Спорт;;;;0.0;21.02.2026;sess_9103420_0;app
811;21.02.2026 14:41;product_click;9103420;5034184;100816;Спорт;;;;0.0;21.02.2026;sess_9103420_0;app
812;21.02.2026 21:35;product_page_view;9103420;5034184;100816;Спорт;;;;0.0;21.02.2026;sess_9103420_0;app
813;21.02.2026 11:42;add_to_cart;9103420;5034184;100816;Спорт;;;;0.0;21.02.2026;sess_9103420_0;app
814;25.08.2025 10:21;product_impression;9013336;5120954;102849;Дом;;;;0.0;25.08.2025;sess_9013336_0;app
815;25.08.2025 15:33;product_impression;9098418;5120954;102849;Дом;;;;0.0;25.08.2025;sess_9098418_0;app
816;25.08.2025 12:23;product_impression;9095026;5120954;102849;Дом;;;;0.0;25.08.2025;sess_9095026_0;app
817;25.08.2025 13:32;product_page_view;9013336;5120954;102849;Дом;;;;0.0;25.08.2025;sess_9013336_0;web
818;30.04.2025 08:35;product_impression;9067679;5075129;101760;Аксессуары;;;;0.0;30.04.2025;sess_9067679_0;app
819;30.04.2025 11:57;product_click;9067679;5075129;101760;Аксессуары;;;;0.0;30.04.2025;sess_9067679_0;app
820;30.04.2025 19:44;product_page_view;9067679;5075129;101760;Аксессуары;;;;0.0;30.04.2025;sess_9067679_0;app
821;02.11.2025 11:41;product_impression;9077697;5012725;100305;Одежда;;;;0.0;02.11.2025;sess_9077697_0;app
822;02.11.2025 16:30;product_impression;9027811;5012725;100305;Одежда;;;;0.0;02.11.2025;sess_9027811_0;mweb
823;02.11.2025 14:22;product_impression;9018880;5012725;100305;Одежда;;;;0.0;02.11.2025;sess_9018880_0;app
824;02.11.2025 15:48;product_impression;9005405;5012725;100305;Одежда;;;;0.0;02.11.2025;sess_9005405_0;app
825;02.11.2025 18:26;product_impression;9032509;5012725;100305;Одежда;;;;0.0;02.11.2025;sess_9032509_0;mweb
826;02.11.2025 20:12;product_click;9077697;5012725;100305;Одежда;;;;0.0;02.11.2025;sess_9077697_0;app
827;02.11.2025 12:43;product_page_view;9077697;5012725;100305;Одежда;;;;0.0;02.11.2025;sess_9077697_0;app
828;02.11.2025 19:56;product_page_view;9027811;5012725;100305;Одежда;;;;0.0;02.11.2025;sess_9027811_0;app
829;02.11.2025 18:10;product_page_view;9018880;5012725;100305;Одежда;;;;0.0;02.11.2025;sess_9018880_0;app
830;02.11.2025 11:11;product_page_view;9005405;5012725;100305;Одежда;;;;0.0;02.11.2025;sess_9005405_0;app
831;02.11.2025 10:34;product_page_view;9032509;5012725;100305;Одежда;;;;0.0;02.11.2025;sess_9032509_0;app
832;07.05.2025 13:33;product_impression;9058522;5092878;102179;Спорт;;;;0.0;07.05.2025;sess_9058522_0;app
833;07.05.2025 20:31;product_impression;9116691;5092878;102179;Спорт;;;;0.0;07.05.2025;sess_9116691_0;app
834;07.05.2025 12:55;product_impression;9048225;5092878;102179;Спорт;;;;0.0;07.05.2025;sess_9048225_0;app
835;07.05.2025 09:18;product_impression;9116334;5092878;102179;Спорт;;;;0.0;07.05.2025;sess_9116334_0;app
836;07.05.2025 19:01;product_impression;9072384;5092878;102179;Спорт;;;;0.0;07.05.2025;sess_9072384_0;app
837;07.05.2025 14:36;product_impression;9016190;5092878;102179;Спорт;;;;0.0;07.05.2025;sess_9016190_0;mweb
838;07.05.2025 17:02;product_impression;9049557;5092878;102179;Спорт;;;;0.0;07.05.2025;sess_9049557_0;app
839;07.05.2025 09:17;product_click;9058522;5092878;102179;Спорт;;;;0.0;07.05.2025;sess_9058522_0;app
840;07.05.2025 20:22;product_click;9116691;5092878;102179;Спорт;;;;0.0;07.05.2025;sess_9116691_0;app
841;07.05.2025 08:39;product_click;9048225;5092878;102179;Спорт;;;;0.0;07.05.2025;sess_9048225_0;mweb
842;07.05.2025 10:19;product_page_view;9058522;5092878;102179;Спорт;;;;0.0;07.05.2025;sess_9058522_0;mweb
843;07.05.2025 10:41;product_page_view;9116691;5092878;102179;Спорт;;;;0.0;07.05.2025;sess_9116691_0;mweb
844;07.05.2025 09:13;product_page_view;9048225;5092878;102179;Спорт;;;;0.0;07.05.2025;sess_9048225_0;app
845;07.05.2025 15:35;add_to_cart;9058522;5092878;102179;Спорт;;;;0.0;07.05.2025;sess_9058522_0;app
846;07.05.2025 12:37;add_to_cart;9116691;5092878;102179;Спорт;;;;0.0;07.05.2025;sess_9116691_0;app
847;07.05.2025 15:01;add_to_cart;9048225;5092878;102179;Спорт;;;;0.0;07.05.2025;sess_9048225_0;app
848;15.05.2025 12:11;product_impression;9042227;5095091;102243;Электроника;;;;0.0;15.05.2025;sess_9042227_0;app
849;15.05.2025 20:12;product_impression;9013739;5095091;102243;Электроника;;;;0.0;15.05.2025;sess_9013739_0;app
850;15.05.2025 16:49;product_impression;9034866;5095091;102243;Электроника;;;;0.0;15.05.2025;sess_9034866_0;app
851;15.05.2025 21:09;product_click;9042227;5095091;102243;Электроника;;;;0.0;15.05.2025;sess_9042227_0;app
852;15.05.2025 17:13;product_click;9013739;5095091;102243;Электроника;;;;0.0;15.05.2025;sess_9013739_0;app
853;15.05.2025 15:15;product_page_view;9042227;5095091;102243;Электроника;;;;0.0;15.05.2025;sess_9042227_0;app
854;15.05.2025 16:49;product_page_view;9013739;5095091;102243;Электроника;;;;0.0;15.05.2025;sess_9013739_0;app
855;29.12.2025 21:24;product_impression;9036799;5035425;100848;Одежда;;;;0.0;29.12.2025;sess_9036799_0;app
856;29.12.2025 13:03;product_impression;9053219;5035425;100848;Одежда;;;;0.0;29.12.2025;sess_9053219_0;app
857;29.12.2025 18:58;product_impression;9041833;5035425;100848;Одежда;;;;0.0;29.12.2025;sess_9041833_0;app
858;29.12.2025 17:09;product_impression;9051855;5035425;100848;Одежда;;;;0.0;29.12.2025;sess_9051855_0;mweb
859;29.12.2025 15:38;product_page_view;9036799;5035425;100848;Одежда;;;;0.0;29.12.2025;sess_9036799_0;mweb
860;29.12.2025 16:10;product_page_view;9053219;5035425;100848;Одежда;;;;0.0;29.12.2025;sess_9053219_0;mweb
861;29.12.2025 08:23;product_page_view;9041833;5035425;100848;Одежда;;;;0.0;29.12.2025;sess_9041833_0;app
862;29.12.2025 12:28;product_page_view;9051855;5035425;100848;Одежда;;;;0.0;29.12.2025;sess_9051855_0;app
863;15.04.2026 16:40;product_impression;9089924;5030093;100720;Дом;;;;0.0;15.04.2026;sess_9089924_0;web
864;15.04.2026 17:25;product_impression;9057045;5030093;100720;Дом;;;;0.0;15.04.2026;sess_9057045_0;app
865;15.04.2026 11:30;product_impression;9108051;5030093;100720;Дом;;;;0.0;15.04.2026;sess_9108051_0;web
866;15.04.2026 21:50;product_impression;9090277;5030093;100720;Дом;;;;0.0;15.04.2026;sess_9090277_0;app
867;15.04.2026 13:06;product_impression;9080243;5030093;100720;Дом;;;;0.0;15.04.2026;sess_9080243_0;app
868;15.04.2026 11:02;product_impression;9000137;5030093;100720;Дом;;;;0.0;15.04.2026;sess_9000137_0;app
869;15.04.2026 12:08;product_click;9089924;5030093;100720;Дом;;;;0.0;15.04.2026;sess_9089924_0;app
870;15.04.2026 15:34;product_page_view;9089924;5030093;100720;Дом;;;;0.0;15.04.2026;sess_9089924_0;app
871;15.04.2026 21:28;add_to_cart;9089924;5030093;100720;Дом;;;;0.0;15.04.2026;sess_9089924_0;app
872;05.02.2025 14:12;product_impression;9067915;5115435;102723;Дом;;;;0.0;05.02.2025;sess_9067915_0;app
873;05.02.2025 20:32;product_impression;9059892;5115435;102723;Дом;;;;0.0;05.02.2025;sess_9059892_0;app
874;05.02.2025 14:03;product_impression;9050971;5115435;102723;Дом;;;;0.0;05.02.2025;sess_9050971_0;app
875;05.02.2025 18:59;product_impression;9091571;5115435;102723;Дом;;;;0.0;05.02.2025;sess_9091571_0;app
876;05.02.2025 08:00;product_impression;9015003;5115435;102723;Дом;;;;0.0;05.02.2025;sess_9015003_0;app
877;05.02.2025 20:54;product_page_view;9067915;5115435;102723;Дом;;;;0.0;05.02.2025;sess_9067915_0;web
878;05.02.2025 19:05;product_page_view;9059892;5115435;102723;Дом;;;;0.0;05.02.2025;sess_9059892_0;mweb
879;05.02.2025 13:30;product_page_view;9050971;5115435;102723;Дом;;;;0.0;05.02.2025;sess_9050971_0;app
880;25.07.2025 13:14;product_impression;9028321;5096042;102266;Одежда;;;;0.0;25.07.2025;sess_9028321_0;app
881;25.07.2025 19:53;product_impression;9002309;5096042;102266;Одежда;;;;0.0;25.07.2025;sess_9002309_0;web
882;25.07.2025 15:14;product_click;9028321;5096042;102266;Одежда;;;;0.0;25.07.2025;sess_9028321_0;mweb
883;25.07.2025 21:23;product_page_view;9028321;5096042;102266;Одежда;;;;0.0;25.07.2025;sess_9028321_0;app
884;23.03.2025 18:35;product_impression;9097464;5061279;101444;Товары для животных;;;;0.0;23.03.2025;sess_9097464_0;app
885;23.03.2025 11:35;product_impression;9024423;5061279;101444;Товары для животных;;;;0.0;23.03.2025;sess_9024423_0;mweb
886;23.03.2025 18:08;product_impression;9118438;5061279;101444;Товары для животных;;;;0.0;23.03.2025;sess_9118438_0;app
887;23.03.2025 19:07;product_impression;9072517;5061279;101444;Товары для животных;;;;0.0;23.03.2025;sess_9072517_0;app
888;23.03.2025 20:14;product_click;9097464;5061279;101444;Товары для животных;;;;0.0;23.03.2025;sess_9097464_0;app
889;23.03.2025 13:01;product_click;9024423;5061279;101444;Товары для животных;;;;0.0;23.03.2025;sess_9024423_0;web
890;23.03.2025 11:22;product_click;9118438;5061279;101444;Товары для животных;;;;0.0;23.03.2025;sess_9118438_0;app
891;23.03.2025 15:24;product_page_view;9097464;5061279;101444;Товары для животных;;;;0.0;23.03.2025;sess_9097464_0;web
892;23.03.2025 18:25;product_page_view;9024423;5061279;101444;Товары для животных;;;;0.0;23.03.2025;sess_9024423_0;app
893;23.03.2025 10:34;product_page_view;9118438;5061279;101444;Товары для животных;;;;0.0;23.03.2025;sess_9118438_0;mweb
894;23.03.2025 18:37;product_page_view;9072517;5061279;101444;Товары для животных;;;;0.0;23.03.2025;sess_9072517_0;app
895;23.03.2025 13:10;product_page_view;9061496;5061279;101444;Товары для животных;;;;0.0;23.03.2025;sess_9061496_0;app
896;23.03.2025 12:56;product_page_view;9096945;5061279;101444;Товары для животных;;;;0.0;23.03.2025;sess_9096945_0;mweb
897;23.03.2025 08:35;product_page_view;9051787;5061279;101444;Товары для животных;;;;0.0;23.03.2025;sess_9051787_0;web
898;23.03.2025 19:35;add_to_cart;9097464;5061279;101444;Товары для животных;;;;0.0;23.03.2025;sess_9097464_0;app
899;04.08.2025 08:21;product_impression;9056892;5082154;101914;Обувь;;;;0.0;04.08.2025;sess_9056892_0;mweb
900;04.08.2025 09:35;product_impression;9084655;5082154;101914;Обувь;;;;0.0;04.08.2025;sess_9084655_0;app
901;04.08.2025 20:07;product_impression;9072391;5082154;101914;Обувь;;;;0.0;04.08.2025;sess_9072391_0;app
902;04.08.2025 15:54;product_impression;9028303;5082154;101914;Обувь;;;;0.0;04.08.2025;sess_9028303_0;web
903;04.08.2025 15:56;product_impression;9079455;5082154;101914;Обувь;;;;0.0;04.08.2025;sess_9079455_0;app
904;04.08.2025 08:26;product_impression;9055950;5082154;101914;Обувь;;;;0.0;04.08.2025;sess_9055950_0;app
905;04.08.2025 18:51;product_click;9056892;5082154;101914;Обувь;;;;0.0;04.08.2025;sess_9056892_0;mweb
906;04.08.2025 16:02;product_click;9084655;5082154;101914;Обувь;;;;0.0;04.08.2025;sess_9084655_0;mweb
907;04.08.2025 15:30;product_click;9072391;5082154;101914;Обувь;;;;0.0;04.08.2025;sess_9072391_0;app
908;04.08.2025 15:28;product_click;9028303;5082154;101914;Обувь;;;;0.0;04.08.2025;sess_9028303_0;app
909;04.08.2025 15:08;product_page_view;9056892;5082154;101914;Обувь;;;;0.0;04.08.2025;sess_9056892_0;app
910;04.08.2025 17:39;product_page_view;9084655;5082154;101914;Обувь;;;;0.0;04.08.2025;sess_9084655_0;mweb
911;04.08.2025 12:16;product_page_view;9072391;5082154;101914;Обувь;;;;0.0;04.08.2025;sess_9072391_0;app
912;04.08.2025 12:55;product_page_view;9028303;5082154;101914;Обувь;;;;0.0;04.08.2025;sess_9028303_0;app
913;04.08.2025 11:08;product_page_view;9079455;5082154;101914;Обувь;;;;0.0;04.08.2025;sess_9079455_0;web
914;04.08.2025 09:20;product_page_view;9055950;5082154;101914;Обувь;;;;0.0;04.08.2025;sess_9055950_0;app
915;04.08.2025 22:49;add_to_cart;9056892;5082154;101914;Обувь;;;;0.0;04.08.2025;sess_9056892_0;app
916;04.08.2025 15:33;purchase;9056892;5082154;101914;Обувь;organic;;ord_916;9465.6;04.08.2025;sess_9056892_0;app
917;20.06.2025 20:12;product_impression;9083026;5102751;102420;Одежда;;;;0.0;20.06.2025;sess_9083026_0;app
918;20.06.2025 20:48;product_impression;9009682;5102751;102420;Одежда;;;;0.0;20.06.2025;sess_9009682_0;app
919;20.06.2025 08:11;product_impression;9066133;5102751;102420;Одежда;;;;0.0;20.06.2025;sess_9066133_0;mweb
920;20.06.2025 18:43;product_impression;9082419;5102751;102420;Одежда;;;;0.0;20.06.2025;sess_9082419_0;app
921;20.06.2025 16:42;product_click;9083026;5102751;102420;Одежда;;;;0.0;20.06.2025;sess_9083026_0;app
922;20.06.2025 20:37;product_click;9009682;5102751;102420;Одежда;;;;0.0;20.06.2025;sess_9009682_0;app
923;20.06.2025 08:16;product_click;9066133;5102751;102420;Одежда;;;;0.0;20.06.2025;sess_9066133_0;app
924;20.06.2025 14:46;product_click;9082419;5102751;102420;Одежда;;;;0.0;20.06.2025;sess_9082419_0;app
925;20.06.2025 21:14;product_page_view;9083026;5102751;102420;Одежда;;;;0.0;20.06.2025;sess_9083026_0;app
926;20.06.2025 17:26;product_page_view;9009682;5102751;102420;Одежда;;;;0.0;20.06.2025;sess_9009682_0;web
927;20.06.2025 16:07;product_page_view;9066133;5102751;102420;Одежда;;;;0.0;20.06.2025;sess_9066133_0;app
928;20.06.2025 20:50;product_page_view;9082419;5102751;102420;Одежда;;;;0.0;20.06.2025;sess_9082419_0;app
929;20.06.2025 13:16;add_to_cart;9083026;5102751;102420;Одежда;;;;0.0;20.06.2025;sess_9083026_0;mweb
930;20.06.2025 19:32;add_to_cart;9009682;5102751;102420;Одежда;;;;0.0;20.06.2025;sess_9009682_0;app
931;20.06.2025 17:25;add_to_cart;9066133;5102751;102420;Одежда;;;;0.0;20.06.2025;sess_9066133_0;mweb
932;20.06.2025 14:08;add_to_cart;9082419;5102751;102420;Одежда;;;;0.0;20.06.2025;sess_9082419_0;app
933;20.06.2025 22:15;purchase;9083026;5102751;102420;Одежда;organic;;ord_933;3650.32;20.06.2025;sess_9083026_0;app
934;20.06.2025 16:27;purchase;9009682;5102751;102420;Одежда;organic;;ord_934;3650.32;20.06.2025;sess_9009682_0;app
935;20.06.2025 17:27;purchase;9066133;5102751;102420;Одежда;organic;;ord_935;3650.32;20.06.2025;sess_9066133_0;app
936;02.04.2026 16:37;product_impression;9031410;5013388;100321;Спорт;;;;0.0;02.04.2026;sess_9031410_0;mweb
937;02.04.2026 11:27;product_impression;9087932;5013388;100321;Спорт;;;;0.0;02.04.2026;sess_9087932_0;app
938;02.04.2026 17:09;product_impression;9007380;5013388;100321;Спорт;;;;0.0;02.04.2026;sess_9007380_0;app
939;02.04.2026 08:43;product_impression;9010882;5013388;100321;Спорт;;;;0.0;02.04.2026;sess_9010882_0;app
940;02.04.2026 17:38;product_impression;9101259;5013388;100321;Спорт;;;;0.0;02.04.2026;sess_9101259_0;app
941;02.04.2026 08:20;product_impression;9021121;5013388;100321;Спорт;;;;0.0;02.04.2026;sess_9021121_0;mweb
942;02.04.2026 19:32;product_impression;9026769;5013388;100321;Спорт;;;;0.0;02.04.2026;sess_9026769_0;app
943;02.04.2026 10:22;product_click;9031410;5013388;100321;Спорт;;;;0.0;02.04.2026;sess_9031410_0;app
944;02.04.2026 14:58;product_page_view;9031410;5013388;100321;Спорт;;;;0.0;02.04.2026;sess_9031410_0;mweb
945;02.04.2026 09:49;product_page_view;9087932;5013388;100321;Спорт;;;;0.0;02.04.2026;sess_9087932_0;app
946;02.04.2026 15:10;product_page_view;9007380;5013388;100321;Спорт;;;;0.0;02.04.2026;sess_9007380_0;app
947;02.04.2026 12:21;product_page_view;9010882;5013388;100321;Спорт;;;;0.0;02.04.2026;sess_9010882_0;app
948;02.04.2026 18:00;product_page_view;9101259;5013388;100321;Спорт;;;;0.0;02.04.2026;sess_9101259_0;app
949;02.04.2026 19:25;product_page_view;9021121;5013388;100321;Спорт;;;;0.0;02.04.2026;sess_9021121_0;app
950;02.04.2026 15:44;product_page_view;9026769;5013388;100321;Спорт;;;;0.0;02.04.2026;sess_9026769_0;web
951;04.04.2026 09:06;product_impression;9068198;5070842;101649;Обувь;;;;0.0;04.04.2026;sess_9068198_0;app
952;04.04.2026 12:04;product_impression;9091645;5070842;101649;Обувь;;;;0.0;04.04.2026;sess_9091645_0;app
953;04.04.2026 17:58;product_impression;9048256;5070842;101649;Обувь;;;;0.0;04.04.2026;sess_9048256_0;app
954;04.04.2026 12:32;product_impression;9026779;5070842;101649;Обувь;;;;0.0;04.04.2026;sess_9026779_0;app
955;04.04.2026 15:10;product_impression;9078294;5070842;101649;Обувь;;;;0.0;04.04.2026;sess_9078294_0;app
956;04.04.2026 13:09;product_impression;9011074;5070842;101649;Обувь;;;;0.0;04.04.2026;sess_9011074_0;app
957;04.04.2026 10:30;product_impression;9009847;5070842;101649;Обувь;;;;0.0;04.04.2026;sess_9009847_0;app
958;04.04.2026 20:58;product_click;9068198;5070842;101649;Обувь;;;;0.0;04.04.2026;sess_9068198_0;mweb
959;04.04.2026 21:10;product_page_view;9068198;5070842;101649;Обувь;;;;0.0;04.04.2026;sess_9068198_0;app
960;04.04.2026 08:42;product_page_view;9091645;5070842;101649;Обувь;;;;0.0;04.04.2026;sess_9091645_0;mweb
961;04.04.2026 16:19;product_page_view;9048256;5070842;101649;Обувь;;;;0.0;04.04.2026;sess_9048256_0;app
962;04.04.2026 18:16;add_to_cart;9068198;5070842;101649;Обувь;;;;0.0;04.04.2026;sess_9068198_0;app
963;27.04.2025 13:27;product_impression;9004275;5042056;101017;Электроника;;;;0.0;27.04.2025;sess_9004275_0;app
964;27.04.2025 14:33;product_impression;9058375;5042056;101017;Электроника;;;;0.0;27.04.2025;sess_9058375_0;mweb
965;27.04.2025 21:59;product_impression;9077304;5042056;101017;Электроника;;;;0.0;27.04.2025;sess_9077304_0;app
966;27.04.2025 15:40;product_impression;9012811;5042056;101017;Электроника;;;;0.0;27.04.2025;sess_9012811_0;app
967;27.04.2025 09:30;product_impression;9065213;5042056;101017;Электроника;;;;0.0;27.04.2025;sess_9065213_0;app
968;27.04.2025 08:57;product_click;9004275;5042056;101017;Электроника;;;;0.0;27.04.2025;sess_9004275_0;app
969;27.04.2025 20:40;product_click;9058375;5042056;101017;Электроника;;;;0.0;27.04.2025;sess_9058375_0;app
970;27.04.2025 09:07;product_click;9077304;5042056;101017;Электроника;;;;0.0;27.04.2025;sess_9077304_0;web
971;27.04.2025 15:17;product_click;9012811;5042056;101017;Электроника;;;;0.0;27.04.2025;sess_9012811_0;app
972;27.04.2025 21:59;product_click;9065213;5042056;101017;Электроника;;;;0.0;27.04.2025;sess_9065213_0;app
973;27.04.2025 13:38;product_page_view;9004275;5042056;101017;Электроника;;;;0.0;27.04.2025;sess_9004275_0;web
974;27.04.2025 13:32;product_page_view;9058375;5042056;101017;Электроника;;;;0.0;27.04.2025;sess_9058375_0;app
975;27.04.2025 18:24;product_page_view;9077304;5042056;101017;Электроника;;;;0.0;27.04.2025;sess_9077304_0;mweb
976;27.04.2025 21:36;product_page_view;9012811;5042056;101017;Электроника;;;;0.0;27.04.2025;sess_9012811_0;app
977;27.04.2025 10:50;product_page_view;9065213;5042056;101017;Электроника;;;;0.0;27.04.2025;sess_9065213_0;app
978;27.04.2025 14:39;add_to_cart;9004275;5042056;101017;Электроника;;;;0.0;27.04.2025;sess_9004275_0;app
979;27.04.2025 17:39;add_to_cart;9058375;5042056;101017;Электроника;;;;0.0;27.04.2025;sess_9058375_0;mweb
980;27.04.2025 13:43;add_to_cart;9077304;5042056;101017;Электроника;;;;0.0;27.04.2025;sess_9077304_0;app
981;27.04.2025 16:42;add_to_cart;9012811;5042056;101017;Электроника;;;;0.0;27.04.2025;sess_9012811_0;app
982;27.04.2025 11:37;add_to_cart;9065213;5042056;101017;Электроника;;;;0.0;27.04.2025;sess_9065213_0;web
983;27.04.2025 22:09;purchase;9004275;5042056;101017;Электроника;organic;;ord_983;3374.4;27.04.2025;sess_9004275_0;app
984;27.04.2025 18:31;purchase;9058375;5042056;101017;Электроника;organic;;ord_984;3374.4;27.04.2025;sess_9058375_0;app
985;27.04.2025 22:03;purchase;9077304;5042056;101017;Электроника;organic;;ord_985;3374.4;27.04.2025;sess_9077304_0;app
986;11.04.2026 17:49;product_impression;9064323;5102854;102420;Одежда;;;;0.0;11.04.2026;sess_9064323_0;app
987;11.04.2026 10:39;product_impression;9104329;5102854;102420;Одежда;;;;0.0;11.04.2026;sess_9104329_0;app
988;11.04.2026 10:03;product_impression;9094413;5102854;102420;Одежда;;;;0.0;11.04.2026;sess_9094413_0;app
989;11.04.2026 13:19;product_impression;9116086;5102854;102420;Одежда;;;;0.0;11.04.2026;sess_9116086_0;app
990;11.04.2026 16:14;product_impression;9054570;5102854;102420;Одежда;;;;0.0;11.04.2026;sess_9054570_0;app
991;11.04.2026 10:54;product_click;9064323;5102854;102420;Одежда;;;;0.0;11.04.2026;sess_9064323_0;app
992;11.04.2026 14:12;product_click;9104329;5102854;102420;Одежда;;;;0.0;11.04.2026;sess_9104329_0;app
993;11.04.2026 13:02;product_click;9094413;5102854;102420;Одежда;;;;0.0;11.04.2026;sess_9094413_0;app
994;11.04.2026 10:48;product_click;9116086;5102854;102420;Одежда;;;;0.0;11.04.2026;sess_9116086_0;mweb
995;11.04.2026 18:55;product_click;9054570;5102854;102420;Одежда;;;;0.0;11.04.2026;sess_9054570_0;app
996;11.04.2026 13:04;product_page_view;9064323;5102854;102420;Одежда;;;;0.0;11.04.2026;sess_9064323_0;app
997;11.04.2026 21:12;product_page_view;9104329;5102854;102420;Одежда;;;;0.0;11.04.2026;sess_9104329_0;mweb
998;11.04.2026 11:07;product_page_view;9094413;5102854;102420;Одежда;;;;0.0;11.04.2026;sess_9094413_0;app
999;11.04.2026 15:17;product_page_view;9116086;5102854;102420;Одежда;;;;0.0;11.04.2026;sess_9116086_0;app